#
# There is insufficient memory for the Java Runtime Environment to continue.
# Native memory allocation (mmap) failed to map 190840832 bytes. Error detail: committing reserved memory.
# Possible reasons:
#   The system is out of physical RAM or swap space
#   This process is running with CompressedOops enabled, and the Java Heap may be blocking the growth of the native heap
# Possible solutions:
#   Reduce memory load on the system
#   Increase physical memory or swap space
#   Check if swap backing store is full
#   Decrease Java heap size (-Xmx/-Xms)
#   Decrease number of Java threads
#   Decrease Java thread stack sizes (-Xss)
#   Set larger code cache with -XX:ReservedCodeCacheSize=
#   JVM is running with Unscaled Compressed Oops mode in which the Java heap is
#     placed in the first 4GB address space. The Java Heap base address is the
#     maximum limit for the native heap growth. Please use -XX:HeapBaseMinAddress
#     to set the Java Heap base and to place the Java Heap above 4GB virtual address.
# This output file may be truncated or incomplete.
#
#  Out of Memory Error (os_linux.cpp:2834), pid=4370, tid=4380
#
# JRE version: OpenJDK Runtime Environment (17.0.20+8) (build 17.0.20+8-1-deb12u1-Debian)
# Java VM: OpenJDK 64-Bit Server VM (17.0.20+8-1-deb12u1-Debian, mixed mode, sharing, tiered, compressed oops, compressed class ptrs, g1 gc, linux-amd64)
# No core dump will be written. Core dumps have been disabled. To enable core dumping, try "ulimit -c unlimited" before starting Java again
#

---------------  S U M M A R Y ------------

Command Line: -XX:MaxMetaspaceSize=320m --add-opens=java.base/java.util=ALL-UNNAMED --add-opens=java.base/java.lang=ALL-UNNAMED --add-opens=java.base/java.lang.invoke=ALL-UNNAMED --add-opens=java.prefs/java.util.prefs=ALL-UNNAMED --add-opens=java.base/java.nio.charset=ALL-UNNAMED --add-opens=java.base/java.net=ALL-UNNAMED --add-opens=java.base/java.util.concurrent.atomic=ALL-UNNAMED -Xmx900m -Dfile.encoding=UTF-8 -Duser.country -Duser.language=en -Duser.variant -javaagent:/root/.gradle/wrapper/dists/gradle-8.6-bin/afr5mpiioh2wthjmwnkmdsd5w/gradle-8.6/lib/agents/gradle-instrumentation-agent-8.6.jar org.gradle.launcher.daemon.bootstrap.GradleDaemon 8.6

Host: Intel(R) Xeon(R) Processor @ 2.50GHz, 2 cores, 2G, Debian GNU/Linux 12 (bookworm)
Time: Tue Oct  6 11:28:00 2026 UTC elapsed time: 49.897696 seconds (0d 0h 0m 49s)

---------------  T H R E A D  ---------------

Current thread (0x00007f80bc0a17a0):  VMThread "VM Thread" [stack: 0x00007f80a1720000,0x00007f80a1820000] [id=4380]

Stack: [0x00007f80a1720000,0x00007f80a1820000],  sp=0x00007f80a181dd70,  free space=1015k
Native frames: (J=compiled Java code, j=interpreted, Vv=VM code, C=native code)
V  [libjvm.so+0xf21211]  VMError::report_and_die(int, char const*, char const*, __va_list_tag*, Thread*, unsigned char*, void*, void*, char const*, int, unsigned long)+0x171
V  [libjvm.so+0xf21d7d]  VMError::report_and_die(Thread*, char const*, int, unsigned long, VMErrorType, char const*, __va_list_tag*)+0x2d
V  [libjvm.so+0x60378c]  report_vm_out_of_memory(char const*, int, unsigned long, VMErrorType, char const*, ...)+0xdc
V  [libjvm.so+0xc2a14b]  os::pd_commit_memory_or_exit(char*, unsigned long, unsigned long, bool, char const*)+0xeb
V  [libjvm.so+0xc23ffb]  os::commit_memory_or_exit(char*, unsigned long, unsigned long, bool, char const*)+0x1b
V  [libjvm.so+0x733436]  G1PageBasedVirtualSpace::commit(unsigned long, unsigned long)+0x66
V  [libjvm.so+0x7473e0]  G1RegionsLargerThanCommitSizeMapper::commit_regions(unsigned int, unsigned long, WorkGang*)+0x110
V  [libjvm.so+0x7dadc8]  HeapRegionManager::commit_regions(unsigned int, unsigned long, WorkGang*)+0x88
V  [libjvm.so+0x7dcc0b]  HeapRegionManager::expand(unsigned int, unsigned int, WorkGang*)+0x2b
V  [libjvm.so+0x7dce27]  HeapRegionManager::expand_by(unsigned int, WorkGang*)+0x77
V  [libjvm.so+0x6ebed8]  G1CollectedHeap::expand(unsigned long, WorkGang*, double*)+0xe8
V  [libjvm.so+0x6efb29]  G1CollectedHeap::do_collection_pause_at_safepoint_helper(double)+0x8a9
V  [libjvm.so+0x6efb8f]  G1CollectedHeap::do_collection_pause_at_safepoint(double)+0x2f
V  [libjvm.so+0x76b9d7]  VM_G1CollectForAllocation::doit()+0x47
V  [libjvm.so+0xf26715]  VM_Operation::evaluate()+0xe5
V  [libjvm.so+0xf28005]  VMThread::evaluate_operation(VM_Operation*)+0x105
V  [libjvm.so+0xf2857f]  VMThread::inner_execute(VM_Operation*)+0x28f
V  [libjvm.so+0xf2878f]  VMThread::run()+0xbf
V  [libjvm.so+0xea40a5]  Thread::call_run()+0xa5
V  [libjvm.so+0xc2c8f3]  thread_native_entry(Thread*)+0xe3

VM_Operation (0x00007f804b9f7c60): G1CollectForAllocation, mode: safepoint, requested by thread 0x00007f8098151270


---------------  P R O C E S S  ---------------

Threads class SMR info:
_java_thread_list=0x00007f809805c750, length=68, elements={
0x00007f80bc01a7c0, 0x00007f80bc0a58a0, 0x00007f80bc0a6c80, 0x00007f80bc0ad960,
0x00007f80bc0aed10, 0x00007f80bc0b0120, 0x00007f80bc0b1ad0, 0x00007f80bc0b3000,
0x00007f80bc0b4470, 0x00007f80bc0bf3f0, 0x00007f80bc17f3b0, 0x00007f80bd0cce00,
0x00007f80bd14a850, 0x00007f80bd174870, 0x00007f8064016f30, 0x00007f806c002c50,
0x00007f806c007da0, 0x00007f806c009410, 0x00007f8090004cf0, 0x00007f8090006590,
0x00007f80900098e0, 0x00007f80903569a0, 0x00007f80903608d0, 0x00007f8090377a10,
0x00007f80908fdef0, 0x00007f809090ff60, 0x00007f8090919a20, 0x00007f80909230c0,
0x00007f8090979740, 0x00007f8090c3e290, 0x00007f80901b9070, 0x00007f8090d8e490,
0x00007f8090e729b0, 0x00007f809168e5a0, 0x00007f80918d8800, 0x00007f8092160370,
0x00007f8098029260, 0x00007f809400c8b0, 0x00007f8094144930, 0x00007f80941388c0,
0x00007f809414e230, 0x00007f809415f800, 0x00007f8098060d80, 0x00007f8098068990,
0x00007f809805fa10, 0x00007f80941646e0, 0x00007f8094168160, 0x00007f80940be7c0,
0x00007f80940b7fb0, 0x00007f8098075600, 0x00007f809803ada0, 0x00007f809803bff0,
0x00007f8098040fc0, 0x00007f809814fbe0, 0x00007f80940c3180, 0x00007f809c0822e0,
0x00007f80940bdbc0, 0x00007f809c095cf0, 0x00007f809c097aa0, 0x00007f809c0ab370,
0x00007f809c0ac620, 0x00007f8058006890, 0x00007f80940c5bd0, 0x00007f80940b43e0,
0x00007f80940664f0, 0x00007f80700af210, 0x00007f8091c1d870, 0x00007f8098151270
}

Java Threads: ( => current thread )
  0x00007f80bc01a7c0 JavaThread "main" [_thread_blocked, id=4371, stack(0x00007f80c1268000,0x00007f80c1368000)]
  0x00007f80bc0a58a0 JavaThread "Reference Handler" daemon [_thread_blocked, id=4381, stack(0x00007f80a161f000,0x00007f80a171f000)]
  0x00007f80bc0a6c80 JavaThread "Finalizer" daemon [_thread_blocked, id=4382, stack(0x00007f80a151e000,0x00007f80a161e000)]
  0x00007f80bc0ad960 JavaThread "Signal Dispatcher" daemon [_thread_blocked, id=4383, stack(0x00007f80a141d000,0x00007f80a151d000)]
  0x00007f80bc0aed10 JavaThread "Service Thread" daemon [_thread_blocked, id=4384, stack(0x00007f80a131c000,0x00007f80a141c000)]
  0x00007f80bc0b0120 JavaThread "Monitor Deflation Thread" daemon [_thread_blocked, id=4386, stack(0x00007f80a121b000,0x00007f80a131b000)]
  0x00007f80bc0b1ad0 JavaThread "C2 CompilerThread0" daemon [_thread_in_native, id=4387, stack(0x00007f80a111a000,0x00007f80a121a000)]
  0x00007f80bc0b3000 JavaThread "C1 CompilerThread0" daemon [_thread_blocked, id=4388, stack(0x00007f80a1019000,0x00007f80a1119000)]
  0x00007f80bc0b4470 JavaThread "Sweeper thread" daemon [_thread_blocked, id=4389, stack(0x00007f80a0f18000,0x00007f80a1018000)]
  0x00007f80bc0bf3f0 JavaThread "Common-Cleaner" daemon [_thread_blocked, id=4390, stack(0x00007f80a0e17000,0x00007f80a0f17000)]
  0x00007f80bc17f3b0 JavaThread "Notification Thread" daemon [_thread_blocked, id=4391, stack(0x00007f80a0d16000,0x00007f80a0e16000)]
  0x00007f80bd0cce00 JavaThread "Daemon health stats" [_thread_blocked, id=4402, stack(0x00007f80a0700000,0x00007f80a0800000)]
  0x00007f80bd14a850 JavaThread "Incoming local TCP Connector on port 38903" [_thread_in_native, id=4404, stack(0x00007f80a0300000,0x00007f80a0400000)]
  0x00007f80bd174870 JavaThread "Daemon periodic checks" [_thread_blocked, id=4405, stack(0x00007f80a01ff000,0x00007f80a02ff000)]
  0x00007f8064016f30 JavaThread "Daemon" [_thread_blocked, id=4406, stack(0x00007f80a00fe000,0x00007f80a01fe000)]
  0x00007f806c002c50 JavaThread "Handler for socket connection from /127.0.0.1:38903 to /127.0.0.1:37542" [_thread_in_native, id=4408, stack(0x00007f8076f00000,0x00007f8077000000)]
  0x00007f806c007da0 JavaThread "Cancel handler" [_thread_blocked, id=4409, stack(0x00007f8076dff000,0x00007f8076eff000)]
  0x00007f806c009410 JavaThread "Daemon worker" [_thread_blocked, id=4410, stack(0x00007f8076cfe000,0x00007f8076dfe000)]
  0x00007f8090004cf0 JavaThread "Asynchronous log dispatcher for DefaultDaemonConnection: socket connection from /127.0.0.1:38903 to /127.0.0.1:37542" [_thread_blocked, id=4413, stack(0x00007f8076bfd000,0x00007f8076cfd000)]
  0x00007f8090006590 JavaThread "Stdin handler" [_thread_blocked, id=4414, stack(0x00007f8076afc000,0x00007f8076bfc000)]
  0x00007f80900098e0 JavaThread "Daemon client event forwarder" [_thread_blocked, id=4415, stack(0x00007f80769fb000,0x00007f8076afb000)]
  0x00007f80903569a0 JavaThread "Cache worker for journal cache (/root/.gradle/caches/journal-1)" [_thread_blocked, id=4418, stack(0x00007f80768fa000,0x00007f80769fa000)]
  0x00007f80903608d0 JavaThread "File lock request listener" [_thread_in_native, id=4419, stack(0x00007f80767f9000,0x00007f80768f9000)]
  0x00007f8090377a10 JavaThread "Cache worker for file hash cache (/root/.gradle/caches/8.6/fileHashes)" [_thread_blocked, id=4420, stack(0x00007f80766f8000,0x00007f80767f8000)]
  0x00007f80908fdef0 JavaThread "Cache worker for checksums cache (/workspace/.gradle/8.6/checksums)" [_thread_blocked, id=4424, stack(0x00007f80765f7000,0x00007f80766f7000)]
  0x00007f809090ff60 JavaThread "Cache worker for file hash cache (/workspace/.gradle/8.6/fileHashes)" [_thread_blocked, id=4426, stack(0x00007f80764f6000,0x00007f80765f6000)]
  0x00007f8090919a20 JavaThread "Cache worker for cache directory md-supplier (/root/.gradle/caches/8.6/md-supplier)" [_thread_blocked, id=4427, stack(0x00007f80763f5000,0x00007f80764f5000)]
  0x00007f80909230c0 JavaThread "Cache worker for cache directory md-rule (/root/.gradle/caches/8.6/md-rule)" [_thread_blocked, id=4428, stack(0x00007f80762f4000,0x00007f80763f4000)]
  0x00007f8090979740 JavaThread "Cache worker for file content cache (/root/.gradle/caches/8.6/fileContent)" [_thread_blocked, id=4429, stack(0x00007f80761f3000,0x00007f80762f3000)]
  0x00007f8090c3e290 JavaThread "jar transforms" [_thread_blocked, id=4433, stack(0x00007f80760f2000,0x00007f80761f2000)]
  0x00007f80901b9070 JavaThread "jar transforms Thread 2" [_thread_blocked, id=4436, stack(0x00007f8075ff1000,0x00007f80760f1000)]
  0x00007f8090d8e490 JavaThread "Cache worker for Build Output Cleanup Cache (/workspace/.gradle/buildOutputCleanup)" [_thread_blocked, id=4440, stack(0x00007f8075ef0000,0x00007f8075ff0000)]
  0x00007f8090e729b0 JavaThread "Unconstrained build operations" [_thread_blocked, id=4444, stack(0x00007f8075def000,0x00007f8075eef000)]
  0x00007f809168e5a0 JavaThread "Memory manager" [_thread_blocked, id=4453, stack(0x00007f8075cee000,0x00007f8075dee000)]
  0x00007f80918d8800 JavaThread "build event listener" [_thread_blocked, id=4459, stack(0x00007f8075bed000,0x00007f8075ced000)]
  0x00007f8092160370 JavaThread "included builds" [_thread_blocked, id=4478, stack(0x00007f80758a5000,0x00007f80759a5000)]
  0x00007f8098029260 JavaThread "Execution worker" [_thread_blocked, id=4479, stack(0x00007f8075aec000,0x00007f8075bec000)]
  0x00007f809400c8b0 JavaThread "Cache worker for execution history cache (/workspace/.gradle/8.6/executionHistory)" [_thread_blocked, id=4481, stack(0x00007f80759eb000,0x00007f8075aeb000)]
  0x00007f8094144930 JavaThread "Unconstrained build operations Thread 2" [_thread_blocked, id=4484, stack(0x00007f80757a4000,0x00007f80758a4000)]
  0x00007f80941388c0 JavaThread "Unconstrained build operations Thread 3" [_thread_blocked, id=4488, stack(0x00007f80756a3000,0x00007f80757a3000)]
  0x00007f809414e230 JavaThread "Unconstrained build operations Thread 4" [_thread_blocked, id=4490, stack(0x00007f80755a2000,0x00007f80756a2000)]
  0x00007f809415f800 JavaThread "Unconstrained build operations Thread 5" [_thread_blocked, id=4492, stack(0x00007f80754a1000,0x00007f80755a1000)]
  0x00007f8098060d80 JavaThread "Unconstrained build operations Thread 6" [_thread_blocked, id=4493, stack(0x00007f80753a0000,0x00007f80754a0000)]
  0x00007f8098068990 JavaThread "Unconstrained build operations Thread 7" [_thread_blocked, id=4494, stack(0x00007f807529f000,0x00007f807539f000)]
  0x00007f809805fa10 JavaThread "Unconstrained build operations Thread 8" [_thread_blocked, id=4496, stack(0x00007f807519e000,0x00007f807529e000)]
  0x00007f80941646e0 JavaThread "Unconstrained build operations Thread 9" [_thread_blocked, id=4497, stack(0x00007f807509d000,0x00007f807519d000)]
  0x00007f8094168160 JavaThread "Unconstrained build operations Thread 10" [_thread_blocked, id=4499, stack(0x00007f8074f9c000,0x00007f807509c000)]
  0x00007f80940be7c0 JavaThread "Unconstrained build operations Thread 11" [_thread_blocked, id=4500, stack(0x00007f8074e9b000,0x00007f8074f9b000)]
  0x00007f80940b7fb0 JavaThread "Unconstrained build operations Thread 12" [_thread_blocked, id=4501, stack(0x00007f8074d9a000,0x00007f8074e9a000)]
  0x00007f8098075600 JavaThread "Unconstrained build operations Thread 13" [_thread_blocked, id=4503, stack(0x00007f8074c99000,0x00007f8074d99000)]
  0x00007f809803ada0 JavaThread "Unconstrained build operations Thread 14" [_thread_blocked, id=4504, stack(0x00007f8074b98000,0x00007f8074c98000)]
  0x00007f809803bff0 JavaThread "Unconstrained build operations Thread 15" [_thread_blocked, id=4506, stack(0x00007f8074a97000,0x00007f8074b97000)]
  0x00007f8098040fc0 JavaThread "Unconstrained build operations Thread 16" [_thread_blocked, id=4507, stack(0x00007f8074996000,0x00007f8074a96000)]
  0x00007f809814fbe0 JavaThread "WorkerExecutor Queue" [_thread_in_native, id=4511, stack(0x00007f8074895000,0x00007f8074995000)]
  0x00007f80940c3180 JavaThread "Unconstrained build operations Thread 17" [_thread_blocked, id=4512, stack(0x00007f8074794000,0x00007f8074894000)]
  0x00007f809c0822e0 JavaThread "RMI Scheduler(0)" daemon [_thread_blocked, id=4513, stack(0x00007f8074693000,0x00007f8074793000)]
  0x00007f80940bdbc0 JavaThread "Unconstrained build operations Thread 18" [_thread_blocked, id=4514, stack(0x00007f8074592000,0x00007f8074692000)]
  0x00007f809c095cf0 JavaThread "RMI RenewClean-[127.0.0.1:17352,org.jetbrains.kotlin.daemon.common.LoopbackNetworkInterface$ClientLoopbackSocketFactory@257b88f0]" daemon [_thread_blocked, id=4515, stack(0x00007f8074491000,0x00007f8074591000)]
  0x00007f809c097aa0 JavaThread "RMI GC Daemon" daemon [_thread_blocked, id=4516, stack(0x00007f8074390000,0x00007f8074490000)]
  0x00007f809c0ab370 JavaThread "RMI TCP Accept-0" daemon [_thread_in_native, id=4518, stack(0x00007f807428f000,0x00007f807438f000)]
  0x00007f809c0ac620 JavaThread "RMI Reaper" [_thread_blocked, id=4519, stack(0x00007f807418e000,0x00007f807428e000)]
  0x00007f8058006890 JavaThread "RMI TCP Connection(1)-127.0.0.1" daemon [_thread_in_native, id=4521, stack(0x00007f807408d000,0x00007f807418d000)]
  0x00007f80940c5bd0 JavaThread "Unconstrained build operations Thread 19" [_thread_blocked, id=4522, stack(0x00007f804bf00000,0x00007f804c000000)]
  0x00007f80940b43e0 JavaThread "Unconstrained build operations Thread 20" [_thread_blocked, id=4526, stack(0x00007f804bdff000,0x00007f804beff000)]
  0x00007f80940664f0 JavaThread "WorkerExecutor Queue Thread 2" [_thread_blocked, id=4532, stack(0x00007f804bcfe000,0x00007f804bdfe000)]
  0x00007f80700af210 JavaThread "WorkerExecutor Queue Thread 3" [_thread_blocked, id=4533, stack(0x00007f804bbfd000,0x00007f804bcfd000)]
  0x00007f8091c1d870 JavaThread "ForkJoinPool-1-worker-1" daemon [_thread_blocked, id=4544, stack(0x00007f804b9fb000,0x00007f804bafb000)]
  0x00007f8098151270 JavaThread "ForkJoinPool-1-worker-2" daemon [_thread_blocked, id=4545, stack(0x00007f804b8fa000,0x00007f804b9fa000)]

Other Threads:
=>0x00007f80bc0a17a0 VMThread "VM Thread" [stack: 0x00007f80a1720000,0x00007f80a1820000] [id=4380]
  0x00007f80bc01cb30 WatcherThread [stack: 0x00007f80a0c15000,0x00007f80a0d15000] [id=4392]
  0x00007f80bc053250 GCTaskThread "GC Thread#0" [stack: 0x00007f80c07de000,0x00007f80c08de000] [id=4375]
  0x00007f8070004990 GCTaskThread "GC Thread#1" [stack: 0x00007f80a0b14000,0x00007f80a0c14000] [id=4394]
  0x00007f80bc05b8b0 ConcurrentGCThread "G1 Main Marker" [stack: 0x00007f80c06dd000,0x00007f80c07dd000] [id=4376]
  0x00007f80bc05c820 ConcurrentGCThread "G1 Conc#0" [stack: 0x00007f80c05dc000,0x00007f80c06dc000] [id=4377]
  0x00007f80bc07b450 ConcurrentGCThread "G1 Refine#0" [stack: 0x00007f80c02d9000,0x00007f80c03d9000] [id=4378]
  0x00007f808c021a60 ConcurrentGCThread "G1 Refine#1" [stack: 0x00007f804bafc000,0x00007f804bbfc000] [id=4542]
  0x00007f80bc07c350 ConcurrentGCThread "G1 Service" [stack: 0x00007f80c01d8000,0x00007f80c02d8000] [id=4379]

Threads with active compile tasks:
C2 CompilerThread0  49908 13309       4       com.android.tools.r8.dex.code.O::a (3284 bytes)

VM state: at safepoint (normal execution)

VM Mutex/Monitor currently owned by a thread:  ([mutex/lock_event])
[0x00007f80bc0175b0] Threads_lock - owner thread: 0x00007f80bc0a17a0
[0x00007f80bc017d60] Heap_lock - owner thread: 0x00007f8098151270

Heap address: 0x00000000c7c00000, size: 900 MB, Compressed Oops mode: 32-bit

CDS archive(s) mapped at: [0x00007f807b000000-0x00007f807bbca000-0x00007f807bbca000), size 12361728, SharedBaseAddress: 0x00007f807b000000, ArchiveRelocationMode: 1.
Compressed class space mapped at: 0x00007f807c000000-0x00007f808c000000, reserved size: 268435456
Narrow klass base: 0x00007f807b000000, Narrow klass shift: 0, Narrow klass range: 0x100000000

GC Precious Log:
 CPUs: 2 total, 2 available
 Memory: 2048M
 Large Page Support: Disabled
 NUMA Support: Disabled
 Compressed Oops: Enabled (32-bit)
 Heap Region Size: 1M
 Heap Min Capacity: 8M
 Heap Initial Capacity: 32M
 Heap Max Capacity: 900M
 Pre-touch: Disabled
 Parallel Workers: 2
 Concurrent Workers: 1
 Concurrent Refinement Workers: 2
 Periodic GC: Disabled

Heap:
 garbage-first heap   total 331776K, used 191924K [0x00000000c7c00000, 0x0000000100000000)
  region size 1024K, 4 young (4096K), 4 survivors (4096K)
 Metaspace       used 99099K, committed 99968K, reserved 393216K
  class space    used 13892K, committed 14336K, reserved 262144K

Heap Regions: E=young(eden), S=young(survivor), O=old, HS=humongous(starts), HC=humongous(continues), CS=collection set, F=free, OA=open archive, CA=closed archive, TAMS=top-at-mark-start (previous, next)
|   0|0x00000000c7c00000, 0x00000000c7d00000, 0x00000000c7d00000|100%| O|  |TAMS 0x00000000c7d00000, 0x00000000c7c00000| Untracked 
|   1|0x00000000c7d00000, 0x00000000c7e00000, 0x00000000c7e00000|100%| O|  |TAMS 0x00000000c7e00000, 0x00000000c7d00000| Untracked 
|   2|0x00000000c7e00000, 0x00000000c7f00000, 0x00000000c7f00000|100%|HS|  |TAMS 0x00000000c7f00000, 0x00000000c7e00000| Complete 
|   3|0x00000000c7f00000, 0x00000000c8000000, 0x00000000c8000000|100%|HC|  |TAMS 0x00000000c8000000, 0x00000000c7f00000| Complete 
|   4|0x00000000c8000000, 0x00000000c8100000, 0x00000000c8100000|100%|HC|  |TAMS 0x00000000c8100000, 0x00000000c8000000| Complete 
|   5|0x00000000c8100000, 0x00000000c8200000, 0x00000000c8200000|100%|HC|  |TAMS 0x00000000c8200000, 0x00000000c8100000| Complete 
|   6|0x00000000c8200000, 0x00000000c8300000, 0x00000000c8300000|100%| O|  |TAMS 0x00000000c8300000, 0x00000000c8200000| Untracked 
|   7|0x00000000c8300000, 0x00000000c8400000, 0x00000000c8400000|100%| O|  |TAMS 0x00000000c8400000, 0x00000000c8300000| Untracked 
|   8|0x00000000c8400000, 0x00000000c8500000, 0x00000000c8500000|100%| O|  |TAMS 0x00000000c8500000, 0x00000000c8400000| Untracked 
|   9|0x00000000c8500000, 0x00000000c8600000, 0x00000000c8600000|100%| O|  |TAMS 0x00000000c8600000, 0x00000000c8500000| Untracked 
|  10|0x00000000c8600000, 0x00000000c8700000, 0x00000000c8700000|100%| O|  |TAMS 0x00000000c8700000, 0x00000000c8600000| Untracked 
|  11|0x00000000c8700000, 0x00000000c8800000, 0x00000000c8800000|100%| O|  |TAMS 0x00000000c8800000, 0x00000000c8700000| Untracked 
|  12|0x00000000c8800000, 0x00000000c8900000, 0x00000000c8900000|100%| O|  |TAMS 0x00000000c8900000, 0x00000000c8800000| Untracked 
|  13|0x00000000c8900000, 0x00000000c8a00000, 0x00000000c8a00000|100%| O|  |TAMS 0x00000000c8a00000, 0x00000000c8900000| Untracked 
|  14|0x00000000c8a00000, 0x00000000c8b00000, 0x00000000c8b00000|100%| O|  |TAMS 0x00000000c8b00000, 0x00000000c8a00000| Untracked 
|  15|0x00000000c8b00000, 0x00000000c8c00000, 0x00000000c8c00000|100%| O|  |TAMS 0x00000000c8c00000, 0x00000000c8b00000| Untracked 
|  16|0x00000000c8c00000, 0x00000000c8d00000, 0x00000000c8d00000|100%| O|  |TAMS 0x00000000c8d00000, 0x00000000c8c00000| Untracked 
|  17|0x00000000c8d00000, 0x00000000c8e00000, 0x00000000c8e00000|100%| O|  |TAMS 0x00000000c8e00000, 0x00000000c8d00000| Untracked 
|  18|0x00000000c8e00000, 0x00000000c8f00000, 0x00000000c8f00000|100%| O|  |TAMS 0x00000000c8f00000, 0x00000000c8e00000| Updating 
|  19|0x00000000c8f00000, 0x00000000c9000000, 0x00000000c9000000|100%| O|  |TAMS 0x00000000c9000000, 0x00000000c8f00000| Updating 
|  20|0x00000000c9000000, 0x00000000c9100000, 0x00000000c9100000|100%| O|  |TAMS 0x00000000c9100000, 0x00000000c9000000| Untracked 
|  21|0x00000000c9100000, 0x00000000c9200000, 0x00000000c9200000|100%| O|  |TAMS 0x00000000c9200000, 0x00000000c9100000| Untracked 
|  22|0x00000000c9200000, 0x00000000c9300000, 0x00000000c9300000|100%| O|  |TAMS 0x00000000c9300000, 0x00000000c9200000| Updating 
|  23|0x00000000c9300000, 0x00000000c9400000, 0x00000000c9400000|100%| O|  |TAMS 0x00000000c9400000, 0x00000000c9300000| Untracked 
|  24|0x00000000c9400000, 0x00000000c9500000, 0x00000000c9500000|100%| O|  |TAMS 0x00000000c9500000, 0x00000000c9400000| Untracked 
|  25|0x00000000c9500000, 0x00000000c9600000, 0x00000000c9600000|100%| O|  |TAMS 0x00000000c9600000, 0x00000000c9500000| Untracked 
|  26|0x00000000c9600000, 0x00000000c9700000, 0x00000000c9700000|100%| O|  |TAMS 0x00000000c9700000, 0x00000000c9600000| Updating 
|  27|0x00000000c9700000, 0x00000000c9800000, 0x00000000c9800000|100%| O|  |TAMS 0x00000000c9800000, 0x00000000c9700000| Updating 
|  28|0x00000000c9800000, 0x00000000c9900000, 0x00000000c9900000|100%| O|  |TAMS 0x00000000c9900000, 0x00000000c9800000| Untracked 
|  29|0x00000000c9900000, 0x00000000c9a00000, 0x00000000c9a00000|100%| O|  |TAMS 0x00000000c9a00000, 0x00000000c9900000| Untracked 
|  30|0x00000000c9a00000, 0x00000000c9b00000, 0x00000000c9b00000|100%| O|  |TAMS 0x00000000c9b00000, 0x00000000c9a00000| Untracked 
|  31|0x00000000c9b00000, 0x00000000c9c00000, 0x00000000c9c00000|100%| O|  |TAMS 0x00000000c9c00000, 0x00000000c9b00000| Untracked 
|  32|0x00000000c9c00000, 0x00000000c9d00000, 0x00000000c9d00000|100%| O|  |TAMS 0x00000000c9d00000, 0x00000000c9c00000| Untracked 
|  33|0x00000000c9d00000, 0x00000000c9e00000, 0x00000000c9e00000|100%| O|  |TAMS 0x00000000c9e00000, 0x00000000c9d00000| Untracked 
|  34|0x00000000c9e00000, 0x00000000c9f00000, 0x00000000c9f00000|100%| O|  |TAMS 0x00000000c9f00000, 0x00000000c9e00000| Untracked 
|  35|0x00000000c9f00000, 0x00000000ca000000, 0x00000000ca000000|100%|HS|  |TAMS 0x00000000ca000000, 0x00000000c9f00000| Complete 
|  36|0x00000000ca000000, 0x00000000ca100000, 0x00000000ca100000|100%|HS|  |TAMS 0x00000000ca100000, 0x00000000ca000000| Complete 
|  37|0x00000000ca100000, 0x00000000ca200000, 0x00000000ca200000|100%|HC|  |TAMS 0x00000000ca200000, 0x00000000ca100000| Complete 
|  38|0x00000000ca200000, 0x00000000ca300000, 0x00000000ca300000|100%|HS|  |TAMS 0x00000000ca300000, 0x00000000ca200000| Complete 
|  39|0x00000000ca300000, 0x00000000ca400000, 0x00000000ca400000|100%|HS|  |TAMS 0x00000000ca400000, 0x00000000ca300000| Complete 
|  40|0x00000000ca400000, 0x00000000ca500000, 0x00000000ca500000|100%| O|  |TAMS 0x00000000ca500000, 0x00000000ca400000| Untracked 
|  41|0x00000000ca500000, 0x00000000ca600000, 0x00000000ca600000|100%| O|  |TAMS 0x00000000ca600000, 0x00000000ca500000| Untracked 
|  42|0x00000000ca600000, 0x00000000ca700000, 0x00000000ca700000|100%|HS|  |TAMS 0x00000000ca700000, 0x00000000ca600000| Complete 
|  43|0x00000000ca700000, 0x00000000ca800000, 0x00000000ca800000|100%|HC|  |TAMS 0x00000000ca800000, 0x00000000ca700000| Complete 
|  44|0x00000000ca800000, 0x00000000ca900000, 0x00000000ca900000|100%|HC|  |TAMS 0x00000000ca900000, 0x00000000ca800000| Complete 
|  45|0x00000000ca900000, 0x00000000caa00000, 0x00000000caa00000|100%|HC|  |TAMS 0x00000000caa00000, 0x00000000ca900000| Complete 
|  46|0x00000000caa00000, 0x00000000cab00000, 0x00000000cab00000|100%| O|  |TAMS 0x00000000cab00000, 0x00000000caa00000| Untracked 
|  47|0x00000000cab00000, 0x00000000cac00000, 0x00000000cac00000|100%| O|  |TAMS 0x00000000cac00000, 0x00000000cab00000| Updating 
|  48|0x00000000cac00000, 0x00000000cad00000, 0x00000000cad00000|100%| O|  |TAMS 0x00000000cad00000, 0x00000000cac00000| Untracked 
|  49|0x00000000cad00000, 0x00000000cae00000, 0x00000000cae00000|100%| O|  |TAMS 0x00000000cae00000, 0x00000000cad00000| Untracked 
|  50|0x00000000cae00000, 0x00000000caf00000, 0x00000000caf00000|100%| O|  |TAMS 0x00000000caf00000, 0x00000000cae00000| Untracked 
|  51|0x00000000caf00000, 0x00000000cb000000, 0x00000000cb000000|100%| O|  |TAMS 0x00000000cb000000, 0x00000000caf00000| Untracked 
|  52|0x00000000cb000000, 0x00000000cb100000, 0x00000000cb100000|100%| O|  |TAMS 0x00000000cb100000, 0x00000000cb000000| Untracked 
|  53|0x00000000cb100000, 0x00000000cb200000, 0x00000000cb200000|100%| O|  |TAMS 0x00000000cb200000, 0x00000000cb100000| Updating 
|  54|0x00000000cb200000, 0x00000000cb300000, 0x00000000cb300000|100%|HS|  |TAMS 0x00000000cb300000, 0x00000000cb200000| Complete 
|  55|0x00000000cb300000, 0x00000000cb400000, 0x00000000cb400000|100%|HS|  |TAMS 0x00000000cb400000, 0x00000000cb300000| Complete 
|  56|0x00000000cb400000, 0x00000000cb500000, 0x00000000cb500000|100%|HS|  |TAMS 0x00000000cb500000, 0x00000000cb400000| Complete 
|  57|0x00000000cb500000, 0x00000000cb600000, 0x00000000cb600000|100%|HC|  |TAMS 0x00000000cb600000, 0x00000000cb500000| Complete 
|  58|0x00000000cb600000, 0x00000000cb700000, 0x00000000cb700000|100%|HC|  |TAMS 0x00000000cb700000, 0x00000000cb600000| Complete 
|  59|0x00000000cb700000, 0x00000000cb800000, 0x00000000cb800000|100%|HC|  |TAMS 0x00000000cb800000, 0x00000000cb700000| Complete 
|  60|0x00000000cb800000, 0x00000000cb900000, 0x00000000cb900000|100%| O|  |TAMS 0x00000000cb900000, 0x00000000cb800000| Untracked 
|  61|0x00000000cb900000, 0x00000000cba00000, 0x00000000cba00000|100%| O|  |TAMS 0x00000000cba00000, 0x00000000cb900000| Untracked 
|  62|0x00000000cba00000, 0x00000000cbb00000, 0x00000000cbb00000|100%| O|  |TAMS 0x00000000cbb00000, 0x00000000cba00000| Untracked 
|  63|0x00000000cbb00000, 0x00000000cbc00000, 0x00000000cbc00000|100%| O|  |TAMS 0x00000000cbc00000, 0x00000000cbb00000| Untracked 
|  64|0x00000000cbc00000, 0x00000000cbd00000, 0x00000000cbd00000|100%|HS|  |TAMS 0x00000000cbd00000, 0x00000000cbc00000| Complete 
|  65|0x00000000cbd00000, 0x00000000cbe00000, 0x00000000cbe00000|100%|HC|  |TAMS 0x00000000cbe00000, 0x00000000cbd00000| Complete 
|  66|0x00000000cbe00000, 0x00000000cbf00000, 0x00000000cbf00000|100%| O|  |TAMS 0x00000000cbf00000, 0x00000000cbe00000| Untracked 
|  67|0x00000000cbf00000, 0x00000000cc000000, 0x00000000cc000000|100%| O|  |TAMS 0x00000000cc000000, 0x00000000cbf00000| Untracked 
|  68|0x00000000cc000000, 0x00000000cc100000, 0x00000000cc100000|100%| O|  |TAMS 0x00000000cc100000, 0x00000000cc000000| Untracked 
|  69|0x00000000cc100000, 0x00000000cc200000, 0x00000000cc200000|100%| O|  |TAMS 0x00000000cc200000, 0x00000000cc100000| Untracked 
|  70|0x00000000cc200000, 0x00000000cc300000, 0x00000000cc300000|100%| O|  |TAMS 0x00000000cc300000, 0x00000000cc200000| Untracked 
|  71|0x00000000cc300000, 0x00000000cc400000, 0x00000000cc400000|100%| O|  |TAMS 0x00000000cc400000, 0x00000000cc300000| Untracked 
|  72|0x00000000cc400000, 0x00000000cc500000, 0x00000000cc500000|100%| O|  |TAMS 0x00000000cc500000, 0x00000000cc400000| Untracked 
|  73|0x00000000cc500000, 0x00000000cc600000, 0x00000000cc600000|100%| O|  |TAMS 0x00000000cc600000, 0x00000000cc500000| Untracked 
|  74|0x00000000cc600000, 0x00000000cc700000, 0x00000000cc700000|100%| O|  |TAMS 0x00000000cc700000, 0x00000000cc600000| Untracked 
|  75|0x00000000cc700000, 0x00000000cc800000, 0x00000000cc800000|100%| O|  |TAMS 0x00000000cc800000, 0x00000000cc700000| Untracked 
|  76|0x00000000cc800000, 0x00000000cc900000, 0x00000000cc900000|100%| O|  |TAMS 0x00000000cc900000, 0x00000000cc800000| Untracked 
|  77|0x00000000cc900000, 0x00000000cca00000, 0x00000000cca00000|100%| O|  |TAMS 0x00000000cca00000, 0x00000000cc900000| Untracked 
|  78|0x00000000cca00000, 0x00000000ccb00000, 0x00000000ccb00000|100%| O|  |TAMS 0x00000000ccb00000, 0x00000000cca00000| Untracked 
|  79|0x00000000ccb00000, 0x00000000ccc00000, 0x00000000ccc00000|100%| O|  |TAMS 0x00000000ccc00000, 0x00000000ccb00000| Untracked 
|  80|0x00000000ccc00000, 0x00000000ccd00000, 0x00000000ccd00000|100%| O|  |TAMS 0x00000000ccd00000, 0x00000000ccc00000| Updating 
|  81|0x00000000ccd00000, 0x00000000cce00000, 0x00000000cce00000|100%| O|  |TAMS 0x00000000cce00000, 0x00000000ccd00000| Untracked 
|  82|0x00000000cce00000, 0x00000000ccf00000, 0x00000000ccf00000|100%| O|  |TAMS 0x00000000ccf00000, 0x00000000cce00000| Untracked 
|  83|0x00000000ccf00000, 0x00000000cd000000, 0x00000000cd000000|100%| O|  |TAMS 0x00000000cd000000, 0x00000000ccf00000| Untracked 
|  84|0x00000000cd000000, 0x00000000cd100000, 0x00000000cd100000|100%| O|  |TAMS 0x00000000cd100000, 0x00000000cd000000| Untracked 
|  85|0x00000000cd100000, 0x00000000cd200000, 0x00000000cd200000|100%| O|  |TAMS 0x00000000cd200000, 0x00000000cd100000| Untracked 
|  86|0x00000000cd200000, 0x00000000cd300000, 0x00000000cd300000|100%| O|  |TAMS 0x00000000cd300000, 0x00000000cd200000| Untracked 
|  87|0x00000000cd300000, 0x00000000cd400000, 0x00000000cd400000|100%| O|  |TAMS 0x00000000cd400000, 0x00000000cd300000| Untracked 
|  88|0x00000000cd400000, 0x00000000cd500000, 0x00000000cd500000|100%| O|  |TAMS 0x00000000cd500000, 0x00000000cd400000| Untracked 
|  89|0x00000000cd500000, 0x00000000cd600000, 0x00000000cd600000|100%| O|  |TAMS 0x00000000cd600000, 0x00000000cd500000| Untracked 
|  90|0x00000000cd600000, 0x00000000cd700000, 0x00000000cd700000|100%| O|  |TAMS 0x00000000cd700000, 0x00000000cd600000| Untracked 
|  91|0x00000000cd700000, 0x00000000cd800000, 0x00000000cd800000|100%| O|  |TAMS 0x00000000cd800000, 0x00000000cd700000| Untracked 
|  92|0x00000000cd800000, 0x00000000cd900000, 0x00000000cd900000|100%| O|  |TAMS 0x00000000cd900000, 0x00000000cd800000| Untracked 
|  93|0x00000000cd900000, 0x00000000cda00000, 0x00000000cda00000|100%| O|  |TAMS 0x00000000cda00000, 0x00000000cd900000| Updating 
|  94|0x00000000cda00000, 0x00000000cdb00000, 0x00000000cdb00000|100%| O|  |TAMS 0x00000000cdb00000, 0x00000000cda00000| Updating 
|  95|0x00000000cdb00000, 0x00000000cdc00000, 0x00000000cdc00000|100%| O|  |TAMS 0x00000000cdc00000, 0x00000000cdb00000| Untracked 
|  96|0x00000000cdc00000, 0x00000000cdd00000, 0x00000000cdd00000|100%| O|  |TAMS 0x00000000cdd00000, 0x00000000cdc00000| Untracked 
|  97|0x00000000cdd00000, 0x00000000cde00000, 0x00000000cde00000|100%| O|  |TAMS 0x00000000cde00000, 0x00000000cdd00000| Updating 
|  98|0x00000000cde00000, 0x00000000cdf00000, 0x00000000cdf00000|100%| O|  |TAMS 0x00000000cdf00000, 0x00000000cde00000| Untracked 
|  99|0x00000000cdf00000, 0x00000000ce000000, 0x00000000ce000000|100%| O|  |TAMS 0x00000000ce000000, 0x00000000cdf00000| Untracked 
| 100|0x00000000ce000000, 0x00000000ce100000, 0x00000000ce100000|100%| O|  |TAMS 0x00000000ce100000, 0x00000000ce000000| Untracked 
| 101|0x00000000ce100000, 0x00000000ce200000, 0x00000000ce200000|100%| O|  |TAMS 0x00000000ce200000, 0x00000000ce100000| Untracked 
| 102|0x00000000ce200000, 0x00000000ce300000, 0x00000000ce300000|100%| O|  |TAMS 0x00000000ce300000, 0x00000000ce200000| Untracked 
| 103|0x00000000ce300000, 0x00000000ce400000, 0x00000000ce400000|100%| O|  |TAMS 0x00000000ce400000, 0x00000000ce300000| Untracked 
| 104|0x00000000ce400000, 0x00000000ce500000, 0x00000000ce500000|100%| O|  |TAMS 0x00000000ce500000, 0x00000000ce400000| Untracked 
| 105|0x00000000ce500000, 0x00000000ce600000, 0x00000000ce600000|100%| O|  |TAMS 0x00000000ce600000, 0x00000000ce500000| Untracked 
| 106|0x00000000ce600000, 0x00000000ce700000, 0x00000000ce700000|100%|HS|  |TAMS 0x00000000ce700000, 0x00000000ce600000| Complete 
| 107|0x00000000ce700000, 0x00000000ce800000, 0x00000000ce800000|100%| O|  |TAMS 0x00000000ce800000, 0x00000000ce700000| Untracked 
| 108|0x00000000ce800000, 0x00000000ce900000, 0x00000000ce900000|100%| O|  |TAMS 0x00000000ce900000, 0x00000000ce800000| Untracked 
| 109|0x00000000ce900000, 0x00000000cea00000, 0x00000000cea00000|100%| O|  |TAMS 0x00000000cea00000, 0x00000000ce900000| Updating 
| 110|0x00000000cea00000, 0x00000000ceb00000, 0x00000000ceb00000|100%| O|  |TAMS 0x00000000ceb00000, 0x00000000cea00000| Untracked 
| 111|0x00000000ceb00000, 0x00000000cec00000, 0x00000000cec00000|100%|HS|  |TAMS 0x00000000cec00000, 0x00000000ceb00000| Complete 
| 112|0x00000000cec00000, 0x00000000ced00000, 0x00000000ced00000|100%|HC|  |TAMS 0x00000000ced00000, 0x00000000cec00000| Complete 
| 113|0x00000000ced00000, 0x00000000cee00000, 0x00000000cee00000|100%|HS|  |TAMS 0x00000000cee00000, 0x00000000ced00000| Complete 
| 114|0x00000000cee00000, 0x00000000cef00000, 0x00000000cef00000|100%|HS|  |TAMS 0x00000000cef00000, 0x00000000cee00000| Complete 
| 115|0x00000000cef00000, 0x00000000cf000000, 0x00000000cf000000|100%|HS|  |TAMS 0x00000000cf000000, 0x00000000cef00000| Complete 
| 116|0x00000000cf000000, 0x00000000cf100000, 0x00000000cf100000|100%|HC|  |TAMS 0x00000000cf100000, 0x00000000cf000000| Complete 
| 117|0x00000000cf100000, 0x00000000cf200000, 0x00000000cf200000|100%|HS|  |TAMS 0x00000000cf200000, 0x00000000cf100000| Complete 
| 118|0x00000000cf200000, 0x00000000cf300000, 0x00000000cf300000|100%|HS|  |TAMS 0x00000000cf300000, 0x00000000cf200000| Complete 
| 119|0x00000000cf300000, 0x00000000cf400000, 0x00000000cf400000|100%|HC|  |TAMS 0x00000000cf400000, 0x00000000cf300000| Complete 
| 120|0x00000000cf400000, 0x00000000cf500000, 0x00000000cf500000|100%|HS|  |TAMS 0x00000000cf500000, 0x00000000cf400000| Complete 
| 121|0x00000000cf500000, 0x00000000cf600000, 0x00000000cf600000|100%|HC|  |TAMS 0x00000000cf600000, 0x00000000cf500000| Complete 
| 122|0x00000000cf600000, 0x00000000cf700000, 0x00000000cf700000|100%|HS|  |TAMS 0x00000000cf700000, 0x00000000cf600000| Complete 
| 123|0x00000000cf700000, 0x00000000cf800000, 0x00000000cf800000|100%|HC|  |TAMS 0x00000000cf800000, 0x00000000cf700000| Complete 
| 124|0x00000000cf800000, 0x00000000cf900000, 0x00000000cf900000|100%|HC|  |TAMS 0x00000000cf900000, 0x00000000cf800000| Complete 
| 125|0x00000000cf900000, 0x00000000cfa00000, 0x00000000cfa00000|100%| O|  |TAMS 0x00000000cfa00000, 0x00000000cf900000| Updating 
| 126|0x00000000cfa00000, 0x00000000cfb00000, 0x00000000cfb00000|100%| O|  |TAMS 0x00000000cfb00000, 0x00000000cfa00000| Updating 
| 127|0x00000000cfb00000, 0x00000000cfc00000, 0x00000000cfc00000|100%| O|  |TAMS 0x00000000cfc00000, 0x00000000cfb00000| Untracked 
| 128|0x00000000cfc00000, 0x00000000cfd00000, 0x00000000cfd00000|100%|HS|  |TAMS 0x00000000cfd00000, 0x00000000cfc00000| Complete 
| 129|0x00000000cfd00000, 0x00000000cfe00000, 0x00000000cfe00000|100%|HC|  |TAMS 0x00000000cfe00000, 0x00000000cfd00000| Complete 
| 130|0x00000000cfe00000, 0x00000000cff00000, 0x00000000cff00000|100%| O|  |TAMS 0x00000000cff00000, 0x00000000cfe00000| Untracked 
| 131|0x00000000cff00000, 0x00000000d0000000, 0x00000000d0000000|100%|HS|  |TAMS 0x00000000d0000000, 0x00000000cff00000| Complete 
| 132|0x00000000d0000000, 0x00000000d0100000, 0x00000000d0100000|100%| O|  |TAMS 0x00000000d004d600, 0x00000000d0000000| Untracked 
| 133|0x00000000d0100000, 0x00000000d0200000, 0x00000000d0200000|100%|HS|  |TAMS 0x00000000d0200000, 0x00000000d0100000| Complete 
| 134|0x00000000d0200000, 0x00000000d0300000, 0x00000000d0300000|100%|HS|  |TAMS 0x00000000d0300000, 0x00000000d0200000| Complete 
| 135|0x00000000d0300000, 0x00000000d0400000, 0x00000000d0400000|100%| O|  |TAMS 0x00000000d0300000, 0x00000000d0300000| Untracked 
| 136|0x00000000d0400000, 0x00000000d0500000, 0x00000000d0500000|100%| O|  |TAMS 0x00000000d0400000, 0x00000000d0400000| Untracked 
| 137|0x00000000d0500000, 0x00000000d0600000, 0x00000000d0600000|100%|HS|  |TAMS 0x00000000d0600000, 0x00000000d0500000| Complete 
| 138|0x00000000d0600000, 0x00000000d0700000, 0x00000000d0700000|100%|HC|  |TAMS 0x00000000d0700000, 0x00000000d0600000| Complete 
| 139|0x00000000d0700000, 0x00000000d0800000, 0x00000000d0800000|100%| O|  |TAMS 0x00000000d0700000, 0x00000000d0700000| Untracked 
| 140|0x00000000d0800000, 0x00000000d0900000, 0x00000000d0900000|100%| O|  |TAMS 0x00000000d0800000, 0x00000000d0800000| Untracked 
| 141|0x00000000d0900000, 0x00000000d0a00000, 0x00000000d0a00000|100%| O|  |TAMS 0x00000000d0900000, 0x00000000d0900000| Untracked 
| 142|0x00000000d0a00000, 0x00000000d0b00000, 0x00000000d0b00000|100%| O|  |TAMS 0x00000000d0a00000, 0x00000000d0a00000| Untracked 
| 143|0x00000000d0b00000, 0x00000000d0c00000, 0x00000000d0c00000|100%|HS|  |TAMS 0x00000000d0c00000, 0x00000000d0b00000| Complete 
| 144|0x00000000d0c00000, 0x00000000d0d00000, 0x00000000d0d00000|100%| O|  |TAMS 0x00000000d0c00000, 0x00000000d0c00000| Untracked 
| 145|0x00000000d0d00000, 0x00000000d0e00000, 0x00000000d0e00000|100%| O|  |TAMS 0x00000000d0d00000, 0x00000000d0d00000| Untracked 
| 146|0x00000000d0e00000, 0x00000000d0f00000, 0x00000000d0f00000|100%| O|  |TAMS 0x00000000d0e00000, 0x00000000d0e00000| Untracked 
| 147|0x00000000d0f00000, 0x00000000d1000000, 0x00000000d1000000|100%|HS|  |TAMS 0x00000000d1000000, 0x00000000d0f00000| Complete 
| 148|0x00000000d1000000, 0x00000000d1100000, 0x00000000d1100000|100%|HC|  |TAMS 0x00000000d1100000, 0x00000000d1000000| Complete 
| 149|0x00000000d1100000, 0x00000000d1200000, 0x00000000d1200000|100%| O|  |TAMS 0x00000000d1100000, 0x00000000d1100000| Untracked 
| 150|0x00000000d1200000, 0x00000000d1300000, 0x00000000d1300000|100%| O|  |TAMS 0x00000000d1200000, 0x00000000d1200000| Untracked 
| 151|0x00000000d1300000, 0x00000000d1400000, 0x00000000d1400000|100%| O|  |TAMS 0x00000000d1300000, 0x00000000d1300000| Untracked 
| 152|0x00000000d1400000, 0x00000000d1500000, 0x00000000d1500000|100%|HS|  |TAMS 0x00000000d1500000, 0x00000000d1400000| Complete 
| 153|0x00000000d1500000, 0x00000000d1600000, 0x00000000d1600000|100%|HC|  |TAMS 0x00000000d1600000, 0x00000000d1500000| Complete 
| 154|0x00000000d1600000, 0x00000000d1700000, 0x00000000d1700000|100%| O|  |TAMS 0x00000000d1600000, 0x00000000d1600000| Untracked 
| 155|0x00000000d1700000, 0x00000000d1800000, 0x00000000d1800000|100%| O|  |TAMS 0x00000000d1700000, 0x00000000d1700000| Untracked 
| 156|0x00000000d1800000, 0x00000000d1900000, 0x00000000d1900000|100%| O|  |TAMS 0x00000000d1800000, 0x00000000d1800000| Untracked 
| 157|0x00000000d1900000, 0x00000000d1a00000, 0x00000000d1a00000|100%| O|  |TAMS 0x00000000d1900000, 0x00000000d1900000| Untracked 
| 158|0x00000000d1a00000, 0x00000000d1b00000, 0x00000000d1b00000|100%| O|  |TAMS 0x00000000d1a00000, 0x00000000d1a00000| Untracked 
| 159|0x00000000d1b00000, 0x00000000d1c00000, 0x00000000d1c00000|100%| O|  |TAMS 0x00000000d1b00000, 0x00000000d1b00000| Untracked 
| 160|0x00000000d1c00000, 0x00000000d1d00000, 0x00000000d1d00000|100%|HS|  |TAMS 0x00000000d1d00000, 0x00000000d1c00000| Complete 
| 161|0x00000000d1d00000, 0x00000000d1e00000, 0x00000000d1e00000|100%|HC|  |TAMS 0x00000000d1e00000, 0x00000000d1d00000| Complete 
| 162|0x00000000d1e00000, 0x00000000d1f00000, 0x00000000d1f00000|100%|HC|  |TAMS 0x00000000d1f00000, 0x00000000d1e00000| Complete 
| 163|0x00000000d1f00000, 0x00000000d2000000, 0x00000000d2000000|100%| O|  |TAMS 0x00000000d2000000, 0x00000000d1f00000| Untracked 
| 164|0x00000000d2000000, 0x00000000d2100000, 0x00000000d2100000|100%| O|  |TAMS 0x00000000d2100000, 0x00000000d2000000| Untracked 
| 165|0x00000000d2100000, 0x00000000d2200000, 0x00000000d2200000|100%| O|  |TAMS 0x00000000d2200000, 0x00000000d2100000| Untracked 
| 166|0x00000000d2200000, 0x00000000d2300000, 0x00000000d2300000|100%| O|  |TAMS 0x00000000d2300000, 0x00000000d2200000| Updating 
| 167|0x00000000d2300000, 0x00000000d2400000, 0x00000000d2400000|100%| O|  |TAMS 0x00000000d2300000, 0x00000000d2300000| Untracked 
| 168|0x00000000d2400000, 0x00000000d2500000, 0x00000000d2500000|100%| O|  |TAMS 0x00000000d2400000, 0x00000000d2400000| Untracked 
| 169|0x00000000d2500000, 0x00000000d2600000, 0x00000000d2600000|100%| O|  |TAMS 0x00000000d2500000, 0x00000000d2500000| Untracked 
| 170|0x00000000d2600000, 0x00000000d2700000, 0x00000000d2700000|100%| O|  |TAMS 0x00000000d2600000, 0x00000000d2600000| Untracked 
| 171|0x00000000d2700000, 0x00000000d2800000, 0x00000000d2800000|100%| O|  |TAMS 0x00000000d2700000, 0x00000000d2700000| Untracked 
| 172|0x00000000d2800000, 0x00000000d2900000, 0x00000000d2900000|100%| O|  |TAMS 0x00000000d2800000, 0x00000000d2800000| Untracked 
| 173|0x00000000d2900000, 0x00000000d2a00000, 0x00000000d2a00000|100%| O|  |TAMS 0x00000000d2900000, 0x00000000d2900000| Untracked 
| 174|0x00000000d2a00000, 0x00000000d2a80000, 0x00000000d2b00000| 50%| O|  |TAMS 0x00000000d2a00000, 0x00000000d2a00000| Untracked 
| 175|0x00000000d2b00000, 0x00000000d2b00000, 0x00000000d2c00000|  0%| F|  |TAMS 0x00000000d2b00000, 0x00000000d2b00000| Untracked 
| 176|0x00000000d2c00000, 0x00000000d2c00000, 0x00000000d2d00000|  0%| F|  |TAMS 0x00000000d2c00000, 0x00000000d2c00000| Untracked 
| 177|0x00000000d2d00000, 0x00000000d2d00000, 0x00000000d2e00000|  0%| F|  |TAMS 0x00000000d2d00000, 0x00000000d2d00000| Untracked 
| 178|0x00000000d2e00000, 0x00000000d2e00000, 0x00000000d2f00000|  0%| F|  |TAMS 0x00000000d2e00000, 0x00000000d2e00000| Untracked 
| 179|0x00000000d2f00000, 0x00000000d2f00000, 0x00000000d3000000|  0%| F|  |TAMS 0x00000000d2f00000, 0x00000000d2f00000| Untracked 
| 180|0x00000000d3000000, 0x00000000d3000000, 0x00000000d3100000|  0%| F|  |TAMS 0x00000000d3000000, 0x00000000d3000000| Untracked 
| 181|0x00000000d3100000, 0x00000000d3100000, 0x00000000d3200000|  0%| F|  |TAMS 0x00000000d3100000, 0x00000000d3100000| Untracked 
| 182|0x00000000d3200000, 0x00000000d3200000, 0x00000000d3300000|  0%| F|  |TAMS 0x00000000d3200000, 0x00000000d3200000| Untracked 
| 183|0x00000000d3300000, 0x00000000d3300000, 0x00000000d3400000|  0%| F|  |TAMS 0x00000000d3300000, 0x00000000d3300000| Untracked 
| 184|0x00000000d3400000, 0x00000000d3400000, 0x00000000d3500000|  0%| F|  |TAMS 0x00000000d3400000, 0x00000000d3400000| Untracked 
| 185|0x00000000d3500000, 0x00000000d3500000, 0x00000000d3600000|  0%| F|  |TAMS 0x00000000d3500000, 0x00000000d3500000| Untracked 
| 186|0x00000000d3600000, 0x00000000d3600000, 0x00000000d3700000|  0%| F|  |TAMS 0x00000000d3600000, 0x00000000d3600000| Untracked 
| 187|0x00000000d3700000, 0x00000000d3700000, 0x00000000d3800000|  0%| F|  |TAMS 0x00000000d3700000, 0x00000000d3700000| Untracked 
| 188|0x00000000d3800000, 0x00000000d3800000, 0x00000000d3900000|  0%| F|  |TAMS 0x00000000d3800000, 0x00000000d3800000| Untracked 
| 189|0x00000000d3900000, 0x00000000d3900000, 0x00000000d3a00000|  0%| F|  |TAMS 0x00000000d3900000, 0x00000000d3900000| Untracked 
| 190|0x00000000d3a00000, 0x00000000d3a00000, 0x00000000d3b00000|  0%| F|  |TAMS 0x00000000d3a00000, 0x00000000d3a00000| Untracked 
| 191|0x00000000d3b00000, 0x00000000d3b00000, 0x00000000d3c00000|  0%| F|  |TAMS 0x00000000d3b00000, 0x00000000d3b00000| Untracked 
| 192|0x00000000d3c00000, 0x00000000d3c00000, 0x00000000d3d00000|  0%| F|  |TAMS 0x00000000d3c00000, 0x00000000d3c00000| Untracked 
| 193|0x00000000d3d00000, 0x00000000d3d00000, 0x00000000d3e00000|  0%| F|  |TAMS 0x00000000d3d00000, 0x00000000d3d00000| Untracked 
| 194|0x00000000d3e00000, 0x00000000d3e00000, 0x00000000d3f00000|  0%| F|  |TAMS 0x00000000d3e00000, 0x00000000d3e00000| Untracked 
| 195|0x00000000d3f00000, 0x00000000d3f00000, 0x00000000d4000000|  0%| F|  |TAMS 0x00000000d3f00000, 0x00000000d3f00000| Untracked 
| 196|0x00000000d4000000, 0x00000000d4000000, 0x00000000d4100000|  0%| F|  |TAMS 0x00000000d4000000, 0x00000000d4000000| Untracked 
| 197|0x00000000d4100000, 0x00000000d4100000, 0x00000000d4200000|  0%| F|  |TAMS 0x00000000d4100000, 0x00000000d4100000| Untracked 
| 198|0x00000000d4200000, 0x00000000d4200000, 0x00000000d4300000|  0%| F|  |TAMS 0x00000000d4200000, 0x00000000d4200000| Untracked 
| 199|0x00000000d4300000, 0x00000000d4300000, 0x00000000d4400000|  0%| F|  |TAMS 0x00000000d4300000, 0x00000000d4300000| Untracked 
| 200|0x00000000d4400000, 0x00000000d4400000, 0x00000000d4500000|  0%| F|  |TAMS 0x00000000d4400000, 0x00000000d4400000| Untracked 
| 201|0x00000000d4500000, 0x00000000d4500000, 0x00000000d4600000|  0%| F|  |TAMS 0x00000000d4500000, 0x00000000d4500000| Untracked 
| 202|0x00000000d4600000, 0x00000000d4600000, 0x00000000d4700000|  0%| F|  |TAMS 0x00000000d4600000, 0x00000000d4600000| Untracked 
| 203|0x00000000d4700000, 0x00000000d4700000, 0x00000000d4800000|  0%| F|  |TAMS 0x00000000d4700000, 0x00000000d4700000| Untracked 
| 204|0x00000000d4800000, 0x00000000d4800000, 0x00000000d4900000|  0%| F|  |TAMS 0x00000000d4800000, 0x00000000d4800000| Untracked 
| 205|0x00000000d4900000, 0x00000000d4900000, 0x00000000d4a00000|  0%| F|  |TAMS 0x00000000d4900000, 0x00000000d4900000| Untracked 
| 206|0x00000000d4a00000, 0x00000000d4a00000, 0x00000000d4b00000|  0%| F|  |TAMS 0x00000000d4a00000, 0x00000000d4a00000| Untracked 
| 207|0x00000000d4b00000, 0x00000000d4b00000, 0x00000000d4c00000|  0%| F|  |TAMS 0x00000000d4b00000, 0x00000000d4b00000| Untracked 
| 208|0x00000000d4c00000, 0x00000000d4c00000, 0x00000000d4d00000|  0%| F|  |TAMS 0x00000000d4c00000, 0x00000000d4c00000| Untracked 
| 209|0x00000000d4d00000, 0x00000000d4d00000, 0x00000000d4e00000|  0%| F|  |TAMS 0x00000000d4d00000, 0x00000000d4d00000| Untracked 
| 210|0x00000000d4e00000, 0x00000000d4e00000, 0x00000000d4f00000|  0%| F|  |TAMS 0x00000000d4e00000, 0x00000000d4e00000| Untracked 
| 211|0x00000000d4f00000, 0x00000000d4f00000, 0x00000000d5000000|  0%| F|  |TAMS 0x00000000d4f00000, 0x00000000d4f00000| Untracked 
| 212|0x00000000d5000000, 0x00000000d5000000, 0x00000000d5100000|  0%| F|  |TAMS 0x00000000d5000000, 0x00000000d5000000| Untracked 
| 213|0x00000000d5100000, 0x00000000d5100000, 0x00000000d5200000|  0%| F|  |TAMS 0x00000000d5100000, 0x00000000d5100000| Untracked 
| 214|0x00000000d5200000, 0x00000000d5200000, 0x00000000d5300000|  0%| F|  |TAMS 0x00000000d5200000, 0x00000000d5200000| Untracked 
| 215|0x00000000d5300000, 0x00000000d5300000, 0x00000000d5400000|  0%| F|  |TAMS 0x00000000d5300000, 0x00000000d5300000| Untracked 
| 216|0x00000000d5400000, 0x00000000d5400000, 0x00000000d5500000|  0%| F|  |TAMS 0x00000000d5400000, 0x00000000d5400000| Untracked 
| 217|0x00000000d5500000, 0x00000000d5500000, 0x00000000d5600000|  0%| F|  |TAMS 0x00000000d5500000, 0x00000000d5500000| Untracked 
| 218|0x00000000d5600000, 0x00000000d5600000, 0x00000000d5700000|  0%| F|  |TAMS 0x00000000d5600000, 0x00000000d5600000| Untracked 
| 219|0x00000000d5700000, 0x00000000d5700000, 0x00000000d5800000|  0%| F|  |TAMS 0x00000000d5700000, 0x00000000d5700000| Untracked 
| 220|0x00000000d5800000, 0x00000000d5800000, 0x00000000d5900000|  0%| F|  |TAMS 0x00000000d5800000, 0x00000000d5800000| Untracked 
| 221|0x00000000d5900000, 0x00000000d5900000, 0x00000000d5a00000|  0%| F|  |TAMS 0x00000000d5900000, 0x00000000d5900000| Untracked 
| 222|0x00000000d5a00000, 0x00000000d5a00000, 0x00000000d5b00000|  0%| F|  |TAMS 0x00000000d5a00000, 0x00000000d5a00000| Untracked 
| 223|0x00000000d5b00000, 0x00000000d5b00000, 0x00000000d5c00000|  0%| F|  |TAMS 0x00000000d5b00000, 0x00000000d5b00000| Untracked 
| 224|0x00000000d5c00000, 0x00000000d5c00000, 0x00000000d5d00000|  0%| F|  |TAMS 0x00000000d5c00000, 0x00000000d5c00000| Untracked 
| 225|0x00000000d5d00000, 0x00000000d5d00000, 0x00000000d5e00000|  0%| F|  |TAMS 0x00000000d5d00000, 0x00000000d5d00000| Untracked 
| 226|0x00000000d5e00000, 0x00000000d5e00000, 0x00000000d5f00000|  0%| F|  |TAMS 0x00000000d5e00000, 0x00000000d5e00000| Untracked 
| 227|0x00000000d5f00000, 0x00000000d5f00000, 0x00000000d6000000|  0%| F|  |TAMS 0x00000000d5f00000, 0x00000000d5f00000| Untracked 
| 228|0x00000000d6000000, 0x00000000d6000000, 0x00000000d6100000|  0%| F|  |TAMS 0x00000000d6000000, 0x00000000d6000000| Untracked 
| 229|0x00000000d6100000, 0x00000000d6100000, 0x00000000d6200000|  0%| F|  |TAMS 0x00000000d6100000, 0x00000000d6100000| Untracked 
| 230|0x00000000d6200000, 0x00000000d6200000, 0x00000000d6300000|  0%| F|  |TAMS 0x00000000d6200000, 0x00000000d6200000| Untracked 
| 231|0x00000000d6300000, 0x00000000d6300000, 0x00000000d6400000|  0%| F|  |TAMS 0x00000000d6300000, 0x00000000d6300000| Untracked 
| 232|0x00000000d6400000, 0x00000000d6400000, 0x00000000d6500000|  0%| F|  |TAMS 0x00000000d6400000, 0x00000000d6400000| Untracked 
| 233|0x00000000d6500000, 0x00000000d6500000, 0x00000000d6600000|  0%| F|  |TAMS 0x00000000d6500000, 0x00000000d6500000| Untracked 
| 234|0x00000000d6600000, 0x00000000d6600000, 0x00000000d6700000|  0%| F|  |TAMS 0x00000000d6600000, 0x00000000d6600000| Untracked 
| 235|0x00000000d6700000, 0x00000000d6700000, 0x00000000d6800000|  0%| F|  |TAMS 0x00000000d6700000, 0x00000000d6700000| Untracked 
| 236|0x00000000d6800000, 0x00000000d6800000, 0x00000000d6900000|  0%| F|  |TAMS 0x00000000d6800000, 0x00000000d6800000| Untracked 
| 237|0x00000000d6900000, 0x00000000d6900000, 0x00000000d6a00000|  0%| F|  |TAMS 0x00000000d6900000, 0x00000000d6900000| Untracked 
| 238|0x00000000d6a00000, 0x00000000d6a00000, 0x00000000d6b00000|  0%| F|  |TAMS 0x00000000d6a00000, 0x00000000d6a00000| Untracked 
| 239|0x00000000d6b00000, 0x00000000d6b00000, 0x00000000d6c00000|  0%| F|  |TAMS 0x00000000d6b00000, 0x00000000d6b00000| Untracked 
| 240|0x00000000d6c00000, 0x00000000d6c00000, 0x00000000d6d00000|  0%| F|  |TAMS 0x00000000d6c00000, 0x00000000d6c00000| Untracked 
| 241|0x00000000d6d00000, 0x00000000d6d00000, 0x00000000d6e00000|  0%| F|  |TAMS 0x00000000d6d00000, 0x00000000d6d00000| Untracked 
| 242|0x00000000d6e00000, 0x00000000d6e00000, 0x00000000d6f00000|  0%| F|  |TAMS 0x00000000d6e00000, 0x00000000d6e00000| Untracked 
| 243|0x00000000d6f00000, 0x00000000d6f00000, 0x00000000d7000000|  0%| F|  |TAMS 0x00000000d6f00000, 0x00000000d6f00000| Untracked 
| 244|0x00000000d7000000, 0x00000000d7000000, 0x00000000d7100000|  0%| F|  |TAMS 0x00000000d7000000, 0x00000000d7000000| Untracked 
| 245|0x00000000d7100000, 0x00000000d7100000, 0x00000000d7200000|  0%| F|  |TAMS 0x00000000d7100000, 0x00000000d7100000| Untracked 
| 246|0x00000000d7200000, 0x00000000d7200000, 0x00000000d7300000|  0%| F|  |TAMS 0x00000000d7200000, 0x00000000d7200000| Untracked 
| 247|0x00000000d7300000, 0x00000000d7300000, 0x00000000d7400000|  0%| F|  |TAMS 0x00000000d7300000, 0x00000000d7300000| Untracked 
| 248|0x00000000d7400000, 0x00000000d7400000, 0x00000000d7500000|  0%| F|  |TAMS 0x00000000d7400000, 0x00000000d7400000| Untracked 
| 249|0x00000000d7500000, 0x00000000d7500000, 0x00000000d7600000|  0%| F|  |TAMS 0x00000000d7500000, 0x00000000d7500000| Untracked 
| 250|0x00000000d7600000, 0x00000000d7600000, 0x00000000d7700000|  0%| F|  |TAMS 0x00000000d7600000, 0x00000000d7600000| Untracked 
| 251|0x00000000d7700000, 0x00000000d7700000, 0x00000000d7800000|  0%| F|  |TAMS 0x00000000d7700000, 0x00000000d7700000| Untracked 
| 252|0x00000000d7800000, 0x00000000d7800000, 0x00000000d7900000|  0%| F|  |TAMS 0x00000000d7800000, 0x00000000d7800000| Untracked 
| 253|0x00000000d7900000, 0x00000000d7900000, 0x00000000d7a00000|  0%| F|  |TAMS 0x00000000d7900000, 0x00000000d7900000| Untracked 
| 254|0x00000000d7a00000, 0x00000000d7a00000, 0x00000000d7b00000|  0%| F|  |TAMS 0x00000000d7a00000, 0x00000000d7a00000| Untracked 
| 255|0x00000000d7b00000, 0x00000000d7b00000, 0x00000000d7c00000|  0%| F|  |TAMS 0x00000000d7b00000, 0x00000000d7b00000| Untracked 
| 256|0x00000000d7c00000, 0x00000000d7c00000, 0x00000000d7d00000|  0%| F|  |TAMS 0x00000000d7c00000, 0x00000000d7c00000| Untracked 
| 257|0x00000000d7d00000, 0x00000000d7d00000, 0x00000000d7e00000|  0%| F|  |TAMS 0x00000000d7d00000, 0x00000000d7d00000| Untracked 
| 258|0x00000000d7e00000, 0x00000000d7e00000, 0x00000000d7f00000|  0%| F|  |TAMS 0x00000000d7e00000, 0x00000000d7e00000| Untracked 
| 259|0x00000000d7f00000, 0x00000000d7f00000, 0x00000000d8000000|  0%| F|  |TAMS 0x00000000d7f00000, 0x00000000d7f00000| Untracked 
| 260|0x00000000d8000000, 0x00000000d8000000, 0x00000000d8100000|  0%| F|  |TAMS 0x00000000d8000000, 0x00000000d8000000| Untracked 
| 261|0x00000000d8100000, 0x00000000d8100000, 0x00000000d8200000|  0%| F|  |TAMS 0x00000000d8100000, 0x00000000d8100000| Untracked 
| 262|0x00000000d8200000, 0x00000000d8200000, 0x00000000d8300000|  0%| F|  |TAMS 0x00000000d8200000, 0x00000000d8200000| Untracked 
| 263|0x00000000d8300000, 0x00000000d8300000, 0x00000000d8400000|  0%| F|  |TAMS 0x00000000d8300000, 0x00000000d8300000| Untracked 
| 264|0x00000000d8400000, 0x00000000d8400000, 0x00000000d8500000|  0%| F|  |TAMS 0x00000000d8400000, 0x00000000d8400000| Untracked 
| 265|0x00000000d8500000, 0x00000000d8500000, 0x00000000d8600000|  0%| F|  |TAMS 0x00000000d8500000, 0x00000000d8500000| Untracked 
| 266|0x00000000d8600000, 0x00000000d8600000, 0x00000000d8700000|  0%| F|  |TAMS 0x00000000d8600000, 0x00000000d8600000| Untracked 
| 267|0x00000000d8700000, 0x00000000d8700000, 0x00000000d8800000|  0%| F|  |TAMS 0x00000000d8700000, 0x00000000d8700000| Untracked 
| 268|0x00000000d8800000, 0x00000000d8800000, 0x00000000d8900000|  0%| F|  |TAMS 0x00000000d8800000, 0x00000000d8800000| Untracked 
| 269|0x00000000d8900000, 0x00000000d8900000, 0x00000000d8a00000|  0%| F|  |TAMS 0x00000000d8900000, 0x00000000d8900000| Untracked 
| 270|0x00000000d8a00000, 0x00000000d8a00000, 0x00000000d8b00000|  0%| F|  |TAMS 0x00000000d8a00000, 0x00000000d8a00000| Untracked 
| 271|0x00000000d8b00000, 0x00000000d8b00000, 0x00000000d8c00000|  0%| F|  |TAMS 0x00000000d8b00000, 0x00000000d8b00000| Untracked 
| 272|0x00000000d8c00000, 0x00000000d8c00000, 0x00000000d8d00000|  0%| F|  |TAMS 0x00000000d8c00000, 0x00000000d8c00000| Untracked 
| 273|0x00000000d8d00000, 0x00000000d8d00000, 0x00000000d8e00000|  0%| F|  |TAMS 0x00000000d8d00000, 0x00000000d8d00000| Untracked 
| 274|0x00000000d8e00000, 0x00000000d8e00000, 0x00000000d8f00000|  0%| F|  |TAMS 0x00000000d8e00000, 0x00000000d8e00000| Untracked 
| 275|0x00000000d8f00000, 0x00000000d8f00000, 0x00000000d9000000|  0%| F|  |TAMS 0x00000000d8f00000, 0x00000000d8f00000| Untracked 
| 276|0x00000000d9000000, 0x00000000d9000000, 0x00000000d9100000|  0%| F|  |TAMS 0x00000000d9000000, 0x00000000d9000000| Untracked 
| 277|0x00000000d9100000, 0x00000000d9100000, 0x00000000d9200000|  0%| F|  |TAMS 0x00000000d9100000, 0x00000000d9100000| Untracked 
| 278|0x00000000d9200000, 0x00000000d9200000, 0x00000000d9300000|  0%| F|  |TAMS 0x00000000d9200000, 0x00000000d9200000| Untracked 
| 279|0x00000000d9300000, 0x00000000d9300000, 0x00000000d9400000|  0%| F|  |TAMS 0x00000000d9300000, 0x00000000d9300000| Untracked 
| 280|0x00000000d9400000, 0x00000000d9400000, 0x00000000d9500000|  0%| F|  |TAMS 0x00000000d9400000, 0x00000000d9400000| Untracked 
| 281|0x00000000d9500000, 0x00000000d9500000, 0x00000000d9600000|  0%| F|  |TAMS 0x00000000d9500000, 0x00000000d9500000| Untracked 
| 282|0x00000000d9600000, 0x00000000d9600000, 0x00000000d9700000|  0%| F|  |TAMS 0x00000000d9600000, 0x00000000d9600000| Untracked 
| 283|0x00000000d9700000, 0x00000000d9700000, 0x00000000d9800000|  0%| F|  |TAMS 0x00000000d9700000, 0x00000000d9700000| Untracked 
| 284|0x00000000d9800000, 0x00000000d9800000, 0x00000000d9900000|  0%| F|  |TAMS 0x00000000d9800000, 0x00000000d9800000| Untracked 
| 285|0x00000000d9900000, 0x00000000d9900000, 0x00000000d9a00000|  0%| F|  |TAMS 0x00000000d9900000, 0x00000000d9900000| Untracked 
| 286|0x00000000d9a00000, 0x00000000d9a00000, 0x00000000d9b00000|  0%| F|  |TAMS 0x00000000d9a00000, 0x00000000d9a00000| Untracked 
| 287|0x00000000d9b00000, 0x00000000d9b00000, 0x00000000d9c00000|  0%| F|  |TAMS 0x00000000d9b00000, 0x00000000d9b00000| Untracked 
| 288|0x00000000d9c00000, 0x00000000d9c00000, 0x00000000d9d00000|  0%| F|  |TAMS 0x00000000d9c00000, 0x00000000d9c00000| Untracked 
| 289|0x00000000d9d00000, 0x00000000d9d00000, 0x00000000d9e00000|  0%| F|  |TAMS 0x00000000d9d00000, 0x00000000d9d00000| Untracked 
| 290|0x00000000d9e00000, 0x00000000d9e00000, 0x00000000d9f00000|  0%| F|  |TAMS 0x00000000d9e00000, 0x00000000d9e00000| Untracked 
| 291|0x00000000d9f00000, 0x00000000d9f00000, 0x00000000da000000|  0%| F|  |TAMS 0x00000000d9f00000, 0x00000000d9f00000| Untracked 
| 292|0x00000000da000000, 0x00000000da000000, 0x00000000da100000|  0%| F|  |TAMS 0x00000000da000000, 0x00000000da000000| Untracked 
| 293|0x00000000da100000, 0x00000000da100000, 0x00000000da200000|  0%| F|  |TAMS 0x00000000da100000, 0x00000000da100000| Untracked 
| 294|0x00000000da200000, 0x00000000da200000, 0x00000000da300000|  0%| F|  |TAMS 0x00000000da200000, 0x00000000da200000| Untracked 
| 295|0x00000000da300000, 0x00000000da300000, 0x00000000da400000|  0%| F|  |TAMS 0x00000000da300000, 0x00000000da300000| Untracked 
| 296|0x00000000da400000, 0x00000000da400000, 0x00000000da500000|  0%| F|  |TAMS 0x00000000da400000, 0x00000000da400000| Untracked 
| 297|0x00000000da500000, 0x00000000da600000, 0x00000000da600000|100%| S|CS|TAMS 0x00000000da500000, 0x00000000da500000| Complete 
| 298|0x00000000da600000, 0x00000000da700000, 0x00000000da700000|100%| S|CS|TAMS 0x00000000da600000, 0x00000000da600000| Complete 
| 299|0x00000000da700000, 0x00000000da800000, 0x00000000da800000|100%| S|CS|TAMS 0x00000000da700000, 0x00000000da700000| Complete 
| 300|0x00000000da800000, 0x00000000da900000, 0x00000000da900000|100%| S|CS|TAMS 0x00000000da800000, 0x00000000da800000| Complete 
| 301|0x00000000da900000, 0x00000000da900000, 0x00000000daa00000|  0%| F|  |TAMS 0x00000000da900000, 0x00000000da900000| Untracked 
| 302|0x00000000daa00000, 0x00000000daa00000, 0x00000000dab00000|  0%| F|  |TAMS 0x00000000daa00000, 0x00000000daa00000| Untracked 
| 303|0x00000000dab00000, 0x00000000dab00000, 0x00000000dac00000|  0%| F|  |TAMS 0x00000000dab00000, 0x00000000dab00000| Untracked 
| 304|0x00000000dac00000, 0x00000000dac00000, 0x00000000dad00000|  0%| F|  |TAMS 0x00000000dac00000, 0x00000000dac00000| Untracked 
| 305|0x00000000dad00000, 0x00000000dad00000, 0x00000000dae00000|  0%| F|  |TAMS 0x00000000dad00000, 0x00000000dad00000| Untracked 
| 306|0x00000000dae00000, 0x00000000dae00000, 0x00000000daf00000|  0%| F|  |TAMS 0x00000000dae00000, 0x00000000dae00000| Untracked 
| 307|0x00000000daf00000, 0x00000000daf00000, 0x00000000db000000|  0%| F|  |TAMS 0x00000000daf00000, 0x00000000daf00000| Untracked 
| 308|0x00000000db000000, 0x00000000db000000, 0x00000000db100000|  0%| F|  |TAMS 0x00000000db000000, 0x00000000db000000| Untracked 
| 309|0x00000000db100000, 0x00000000db100000, 0x00000000db200000|  0%| F|  |TAMS 0x00000000db100000, 0x00000000db100000| Untracked 
| 310|0x00000000db200000, 0x00000000db200000, 0x00000000db300000|  0%| F|  |TAMS 0x00000000db200000, 0x00000000db200000| Untracked 
| 311|0x00000000db300000, 0x00000000db300000, 0x00000000db400000|  0%| F|  |TAMS 0x00000000db300000, 0x00000000db300000| Untracked 
| 312|0x00000000db400000, 0x00000000db400000, 0x00000000db500000|  0%| F|  |TAMS 0x00000000db400000, 0x00000000db400000| Untracked 
| 313|0x00000000db500000, 0x00000000db500000, 0x00000000db600000|  0%| F|  |TAMS 0x00000000db500000, 0x00000000db500000| Untracked 
| 890|0x00000000ff600000, 0x00000000ff700000, 0x00000000ff700000|100%| O|  |TAMS 0x00000000ff700000, 0x00000000ff600000| Updating 
| 891|0x00000000ff700000, 0x00000000ff800000, 0x00000000ff800000|100%| O|  |TAMS 0x00000000ff800000, 0x00000000ff700000| Untracked 
| 892|0x00000000ff800000, 0x00000000ff900000, 0x00000000ff900000|100%| O|  |TAMS 0x00000000ff900000, 0x00000000ff800000| Untracked 
| 893|0x00000000ff900000, 0x00000000ffa00000, 0x00000000ffa00000|100%| O|  |TAMS 0x00000000ffa00000, 0x00000000ff900000| Untracked 
| 894|0x00000000ffa00000, 0x00000000ffb00000, 0x00000000ffb00000|100%| O|  |TAMS 0x00000000ffb00000, 0x00000000ffa00000| Updating 
| 895|0x00000000ffb00000, 0x00000000ffc00000, 0x00000000ffc00000|100%| O|  |TAMS 0x00000000ffc00000, 0x00000000ffb00000| Untracked 
| 896|0x00000000ffc00000, 0x00000000ffd00000, 0x00000000ffd00000|100%| O|  |TAMS 0x00000000ffd00000, 0x00000000ffc00000| Untracked 
| 897|0x00000000ffd00000, 0x00000000ffe00000, 0x00000000ffe00000|100%| O|  |TAMS 0x00000000ffe00000, 0x00000000ffd00000| Untracked 
| 898|0x00000000ffe00000, 0x00000000ffe75000, 0x00000000fff00000| 45%|OA|  |TAMS 0x00000000ffe75000, 0x00000000ffe00000| Untracked 
| 899|0x00000000fff00000, 0x00000000fff78000, 0x0000000100000000| 46%|CA|  |TAMS 0x00000000fff78000, 0x00000000fff00000| Untracked 

Card table byte_map: [0x00007f80c0abe000,0x00007f80c0c80000] _byte_map_base: 0x00007f80c0480000

Marking Bits (Prev, Next): (CMBitMap*) 0x00007f80bc053ce0, (CMBitMap*) 0x00007f80bc053d20
 Prev Bits: [0x00007f80a4701000, 0x00007f80a5511000)
 Next Bits: [0x00007f80a38f1000, 0x00007f80a4701000)

Polling page: 0x00007f80c2c05000

Metaspace:

Usage:
  Non-class:     83.21 MB used.
      Class:     13.57 MB used.
       Both:     96.78 MB used.

Virtual space:
  Non-class space:      128.00 MB reserved,      83.62 MB ( 65%) committed,  2 nodes.
      Class space:      256.00 MB reserved,      14.00 MB (  5%) committed,  1 nodes.
             Both:      384.00 MB reserved,      97.62 MB ( 25%) committed. 

Chunk freelists:
   Non-Class:  12.28 MB
       Class:  1.98 MB
        Both:  14.27 MB

MaxMetaspaceSize: 320.00 MB
CompressedClassSpaceSize: 256.00 MB
Initial GC threshold: 21.00 MB
Current GC threshold: 162.19 MB
CDS: on
MetaspaceReclaimPolicy: balanced
 - commit_granule_bytes: 65536.
 - commit_granule_words: 8192.
 - virtual_space_node_default_size: 8388608.
 - enlarge_chunks_in_place: 1.
 - new_chunks_are_fully_committed: 0.
 - uncommit_free_chunks: 1.
 - use_allocation_guard: 0.
 - handle_deallocations: 1.


Internal statistics:

num_allocs_failed_limit: 6.
num_arena_births: 1120.
num_arena_deaths: 4.
num_vsnodes_births: 3.
num_vsnodes_deaths: 0.
num_space_committed: 1561.
num_space_uncommitted: 0.
num_chunks_returned_to_freelist: 10.
num_chunks_taken_from_freelist: 5293.
num_chunk_merges: 6.
num_chunk_splits: 3484.
num_chunks_enlarged: 2320.
num_inconsistent_stats: 0.

CodeHeap 'non-profiled nmethods': size=120036Kb used=5605Kb max_used=5605Kb free=114430Kb
 bounds [0x00007f80acfd8000, 0x00007f80ad558000, 0x00007f80b4511000]
CodeHeap 'profiled nmethods': size=120032Kb used=21126Kb max_used=21126Kb free=98905Kb
 bounds [0x00007f80a5511000, 0x00007f80a69c1000, 0x00007f80aca49000]
CodeHeap 'non-nmethods': size=5692Kb used=2423Kb max_used=2490Kb free=3268Kb
 bounds [0x00007f80aca49000, 0x00007f80accd9000, 0x00007f80acfd8000]
 total_blobs=12458 nmethods=11502 adapters=869
 compilation: enabled
              stopped_count=0, restarted_count=0
 full_count=0

Compilation events (20 events):
Event: 49.766 Thread 0x00007f80bc0b3000 13479       2       com.android.tools.r8.dex.C$$Lambda$1744/0x00007f807cd6c620::get (8 bytes)
Event: 49.766 Thread 0x00007f80bc0b3000 nmethod 13479 0x00007f80a69aff90 code [0x00007f80a69b0140, 0x00007f80a69b0260]
Event: 49.766 Thread 0x00007f80bc0b3000 13484       2       com.android.tools.r8.dex.code.B1::c (9 bytes)
Event: 49.766 Thread 0x00007f80bc0b3000 nmethod 13484 0x00007f80a69b0310 code [0x00007f80a69b04c0, 0x00007f80a69b0600]
Event: 49.766 Thread 0x00007f80bc0b3000 13485       2       com.android.tools.r8.dex.code.O0::hashCode (29 bytes)
Event: 49.767 Thread 0x00007f80bc0b3000 nmethod 13485 0x00007f80a69b0710 code [0x00007f80a69b08c0, 0x00007f80a69b0a20]
Event: 49.767 Thread 0x00007f80bc0b3000 13481       2       com.android.tools.r8.internal.iT::getKey (13 bytes)
Event: 49.767 Thread 0x00007f80bc0b3000 nmethod 13481 0x00007f80a69b0b10 code [0x00007f80a69b0ca0, 0x00007f80a69b0dd0]
Event: 49.767 Thread 0x00007f80bc0b3000 13482       2       com.android.tools.r8.graph.n3$$Lambda$1788/0x00007f807cddcb58::accept (20 bytes)
Event: 49.767 Thread 0x00007f80bc0b3000 nmethod 13482 0x00007f80a69b0f10 code [0x00007f80a69b10c0, 0x00007f80a69b12b0]
Event: 49.767 Thread 0x00007f80bc0b3000 13483       2       com.android.tools.r8.graph.n3::a (20 bytes)
Event: 49.767 Thread 0x00007f80bc0b3000 nmethod 13483 0x00007f80a69b1410 code [0x00007f80a69b15c0, 0x00007f80a69b1710]
Event: 49.767 Thread 0x00007f80bc0b3000 13477       2       com.android.tools.r8.graph.J2::o (6 bytes)
Event: 49.767 Thread 0x00007f80bc0b3000 nmethod 13477 0x00007f80a69b1810 code [0x00007f80a69b19a0, 0x00007f80a69b1ab0]
Event: 49.767 Thread 0x00007f80bc0b3000 13478       2       com.android.tools.r8.graph.J2$$Lambda$1771/0x00007f807cdd4a30::a (5 bytes)
Event: 49.768 Thread 0x00007f80bc0b3000 nmethod 13478 0x00007f80a69b1b90 code [0x00007f80a69b1d60, 0x00007f80a69b1fd0]
Event: 49.768 Thread 0x00007f80bc0b3000 13471       2       com.android.tools.r8.graph.O::L (13 bytes)
Event: 49.768 Thread 0x00007f80bc0b3000 nmethod 13471 0x00007f80a69b2190 code [0x00007f80a69b2320, 0x00007f80a69b2430]
Event: 49.771 Thread 0x00007f80bc0b3000 13486       2       com.android.tools.r8.dex.code.O0::<init> (28 bytes)
Event: 49.771 Thread 0x00007f80bc0b3000 nmethod 13486 0x00007f80a69b2510 code [0x00007f80a69b26e0, 0x00007f80a69b2930]

GC Heap History (20 events):
Event: 32.666 GC heap after
{Heap after GC invocations=57 (full 0):
 garbage-first heap   total 219136K, used 98653K [0x00000000c7c00000, 0x0000000100000000)
  region size 1024K, 12 young (12288K), 12 survivors (12288K)
 Metaspace       used 86425K, committed 87040K, reserved 393216K
  class space    used 12123K, committed 12416K, reserved 262144K
}
Event: 35.281 GC heap before
{Heap before GC invocations=57 (full 0):
 garbage-first heap   total 219136K, used 175453K [0x00000000c7c00000, 0x0000000100000000)
  region size 1024K, 88 young (90112K), 12 survivors (12288K)
 Metaspace       used 87253K, committed 87872K, reserved 393216K
  class space    used 12205K, committed 12480K, reserved 262144K
}
Event: 35.313 GC heap after
{Heap after GC invocations=58 (full 0):
 garbage-first heap   total 219136K, used 101779K [0x00000000c7c00000, 0x0000000100000000)
  region size 1024K, 4 young (4096K), 4 survivors (4096K)
 Metaspace       used 87253K, committed 87872K, reserved 393216K
  class space    used 12205K, committed 12480K, reserved 262144K
}
Event: 36.989 GC heap before
{Heap before GC invocations=58 (full 0):
 garbage-first heap   total 219136K, used 177554K [0x00000000c7c00000, 0x0000000100000000)
  region size 1024K, 79 young (80896K), 4 survivors (4096K)
 Metaspace       used 87561K, committed 88320K, reserved 393216K
  class space    used 12246K, committed 12608K, reserved 262144K
}
Event: 37.011 GC heap after
{Heap after GC invocations=59 (full 0):
 garbage-first heap   total 219136K, used 104838K [0x00000000c7c00000, 0x0000000100000000)
  region size 1024K, 7 young (7168K), 7 survivors (7168K)
 Metaspace       used 87561K, committed 88320K, reserved 393216K
  class space    used 12246K, committed 12608K, reserved 262144K
}
Event: 39.571 GC heap before
{Heap before GC invocations=60 (full 0):
 garbage-first heap   total 219136K, used 179590K [0x00000000c7c00000, 0x0000000100000000)
  region size 1024K, 81 young (82944K), 7 survivors (7168K)
 Metaspace       used 91766K, committed 92480K, reserved 393216K
  class space    used 12779K, committed 13120K, reserved 262144K
}
Event: 39.688 GC heap after
{Heap after GC invocations=61 (full 0):
 garbage-first heap   total 219136K, used 110004K [0x00000000c7c00000, 0x0000000100000000)
  region size 1024K, 9 young (9216K), 9 survivors (9216K)
 Metaspace       used 91766K, committed 92480K, reserved 393216K
  class space    used 12779K, committed 13120K, reserved 262144K
}
Event: 39.765 GC heap before
{Heap before GC invocations=61 (full 0):
 garbage-first heap   total 219136K, used 111028K [0x00000000c7c00000, 0x0000000100000000)
  region size 1024K, 10 young (10240K), 9 survivors (9216K)
 Metaspace       used 91766K, committed 92480K, reserved 393216K
  class space    used 12779K, committed 13120K, reserved 262144K
}
Event: 39.804 GC heap after
{Heap after GC invocations=62 (full 0):
 garbage-first heap   total 219136K, used 110516K [0x00000000c7c00000, 0x0000000100000000)
  region size 1024K, 1 young (1024K), 1 survivors (1024K)
 Metaspace       used 91766K, committed 92480K, reserved 393216K
  class space    used 12779K, committed 13120K, reserved 262144K
}
Event: 43.295 GC heap before
{Heap before GC invocations=62 (full 0):
 garbage-first heap   total 219136K, used 181172K [0x00000000c7c00000, 0x0000000100000000)
  region size 1024K, 70 young (71680K), 1 survivors (1024K)
 Metaspace       used 92095K, committed 92864K, reserved 393216K
  class space    used 12813K, committed 13184K, reserved 262144K
}
Event: 43.367 GC heap after
{Heap after GC invocations=63 (full 0):
 garbage-first heap   total 219136K, used 111929K [0x00000000c7c00000, 0x0000000100000000)
  region size 1024K, 3 young (3072K), 3 survivors (3072K)
 Metaspace       used 92095K, committed 92864K, reserved 393216K
  class space    used 12813K, committed 13184K, reserved 262144K
}
Event: 46.370 GC heap before
{Heap before GC invocations=64 (full 0):
 garbage-first heap   total 249856K, used 233785K [0x00000000c7c00000, 0x0000000100000000)
  region size 1024K, 69 young (70656K), 3 survivors (3072K)
 Metaspace       used 96669K, committed 97472K, reserved 393216K
  class space    used 13374K, committed 13760K, reserved 262144K
}
Event: 46.410 GC heap after
{Heap after GC invocations=65 (full 0):
 garbage-first heap   total 258048K, used 158827K [0x00000000c7c00000, 0x0000000100000000)
  region size 1024K, 9 young (9216K), 9 survivors (9216K)
 Metaspace       used 96669K, committed 97472K, reserved 393216K
  class space    used 13374K, committed 13760K, reserved 262144K
}
Event: 46.506 GC heap before
{Heap before GC invocations=65 (full 0):
 garbage-first heap   total 258048K, used 161899K [0x00000000c7c00000, 0x0000000100000000)
  region size 1024K, 12 young (12288K), 9 survivors (9216K)
 Metaspace       used 96671K, committed 97472K, reserved 393216K
  class space    used 13374K, committed 13760K, reserved 262144K
}
Event: 46.588 GC heap after
{Heap after GC invocations=66 (full 0):
 garbage-first heap   total 258048K, used 160798K [0x00000000c7c00000, 0x0000000100000000)
  region size 1024K, 2 young (2048K), 2 survivors (2048K)
 Metaspace       used 96671K, committed 97472K, reserved 393216K
  class space    used 13374K, committed 13760K, reserved 262144K
}
Event: 47.697 GC heap before
{Heap before GC invocations=66 (full 0):
 garbage-first heap   total 258048K, used 211998K [0x00000000c7c00000, 0x0000000100000000)
  region size 1024K, 51 young (52224K), 2 survivors (2048K)
 Metaspace       used 96674K, committed 97472K, reserved 393216K
  class space    used 13374K, committed 13760K, reserved 262144K
}
Event: 47.896 GC heap after
{Heap after GC invocations=67 (full 0):
 garbage-first heap   total 258048K, used 180023K [0x00000000c7c00000, 0x0000000100000000)
  region size 1024K, 7 young (7168K), 7 survivors (7168K)
 Metaspace       used 96674K, committed 97472K, reserved 393216K
  class space    used 13374K, committed 13760K, reserved 262144K
}
Event: 48.292 GC heap before
{Heap before GC invocations=67 (full 0):
 garbage-first heap   total 258048K, used 189239K [0x00000000c7c00000, 0x0000000100000000)
  region size 1024K, 17 young (17408K), 7 survivors (7168K)
 Metaspace       used 96704K, committed 97472K, reserved 393216K
  class space    used 13383K, committed 13760K, reserved 262144K
}
Event: 48.390 GC heap after
{Heap after GC invocations=68 (full 0):
 garbage-first heap   total 258048K, used 184244K [0x00000000c7c00000, 0x0000000100000000)
  region size 1024K, 3 young (3072K), 3 survivors (3072K)
 Metaspace       used 96704K, committed 97472K, reserved 393216K
  class space    used 13383K, committed 13760K, reserved 262144K
}
Event: 49.775 GC heap before
{Heap before GC invocations=68 (full 0):
 garbage-first heap   total 331776K, used 209844K [0x00000000c7c00000, 0x0000000100000000)
  region size 1024K, 29 young (29696K), 3 survivors (3072K)
 Metaspace       used 99099K, committed 99968K, reserved 393216K
  class space    used 13892K, committed 14336K, reserved 262144K
}

Dll operation events (15 events):
Event: 0.007 Loaded shared library /usr/lib/jvm/java-17-openjdk-amd64/lib/libjava.so
Event: 0.087 Loaded shared library /usr/lib/jvm/java-17-openjdk-amd64/lib/libjsvml.so
Event: 0.473 Loaded shared library /usr/lib/jvm/java-17-openjdk-amd64/lib/libzip.so
Event: 0.474 Loaded shared library /usr/lib/jvm/java-17-openjdk-amd64/lib/libinstrument.so
Event: 0.477 Loaded shared library /usr/lib/jvm/java-17-openjdk-amd64/lib/libnio.so
Event: 0.489 Loaded shared library /usr/lib/jvm/java-17-openjdk-amd64/lib/libzip.so
Event: 1.167 Loaded shared library /usr/lib/jvm/java-17-openjdk-amd64/lib/libjimage.so
Event: 1.300 Loaded shared library /usr/lib/jvm/java-17-openjdk-amd64/lib/libverify.so
Event: 1.874 Loaded shared library /usr/lib/jvm/java-17-openjdk-amd64/lib/libnet.so
Event: 1.875 Loaded shared library /root/.gradle/native/c067742578af261105cb4f569cf0c3c89f3d7b1fecec35dd04571415982c5e48/linux-amd64/libnative-platform.so
Event: 1.900 Loaded shared library /root/.gradle/native/38dada09dfb8b06ba9b0570ebf7e218e3eb74d4ef43ca46872605cf95ebc2f47/linux-amd64/libnative-platform-file-events.so
Event: 4.511 Loaded shared library /usr/lib/jvm/java-17-openjdk-amd64/lib/libmanagement.so
Event: 4.567 Loaded shared library /usr/lib/jvm/java-17-openjdk-amd64/lib/libmanagement_ext.so
Event: 5.169 Loaded shared library /usr/lib/jvm/java-17-openjdk-amd64/lib/libextnet.so
Event: 38.900 Loaded shared library /usr/lib/jvm/java-17-openjdk-amd64/lib/librmi.so

Deoptimization events (20 events):
Event: 46.180 Thread 0x00007f80700af210 DEOPT PACKING pc=0x00007f80a68787e0 sp=0x00007f804bcf9880
Event: 46.180 Thread 0x00007f80700af210 DEOPT UNPACKING pc=0x00007f80acaa364f sp=0x00007f804bcf8db8 mode 0
Event: 46.181 Thread 0x00007f80700af210 DEOPT PACKING pc=0x00007f80a68787e0 sp=0x00007f804bcf9880
Event: 46.181 Thread 0x00007f80700af210 DEOPT UNPACKING pc=0x00007f80acaa364f sp=0x00007f804bcf8db8 mode 0
Event: 46.181 Thread 0x00007f80700af210 DEOPT PACKING pc=0x00007f80a68787e0 sp=0x00007f804bcf9880
Event: 46.181 Thread 0x00007f80700af210 DEOPT UNPACKING pc=0x00007f80acaa364f sp=0x00007f804bcf8db8 mode 0
Event: 46.291 Thread 0x00007f80700af210 DEOPT PACKING pc=0x00007f80a689e355 sp=0x00007f804bcf9a20
Event: 46.291 Thread 0x00007f80700af210 DEOPT UNPACKING pc=0x00007f80acaa364f sp=0x00007f804bcf8f40 mode 0
Event: 46.808 Thread 0x00007f80700af210 DEOPT PACKING pc=0x00007f80a688b751 sp=0x00007f804bcf99d0
Event: 46.808 Thread 0x00007f80700af210 DEOPT UNPACKING pc=0x00007f80acaa364f sp=0x00007f804bcf8f30 mode 0
Event: 48.286 Thread 0x00007f8091c1d870 Uncommon trap: trap_request=0xffffff45 fr.pc=0x00007f80ad232c18 relative=0x0000000000000238
Event: 48.286 Thread 0x00007f8091c1d870 Uncommon trap: reason=unstable_if action=reinterpret pc=0x00007f80ad232c18 method=java.lang.ThreadLocal.get()Ljava/lang/Object; @ 11 c2
Event: 48.286 Thread 0x00007f8091c1d870 DEOPT PACKING pc=0x00007f80ad232c18 sp=0x00007f804baf8520
Event: 48.286 Thread 0x00007f8091c1d870 DEOPT UNPACKING pc=0x00007f80acaa2b19 sp=0x00007f804baf84d8 mode 2
Event: 49.375 Thread 0x00007f8091c1d870 DEOPT PACKING pc=0x00007f80a690ad09 sp=0x00007f804baf91d0
Event: 49.375 Thread 0x00007f8091c1d870 DEOPT UNPACKING pc=0x00007f80acaa364f sp=0x00007f804baf8798 mode 0
Event: 49.396 Thread 0x00007f8091c1d870 DEOPT PACKING pc=0x00007f80a690e611 sp=0x00007f804baf90f0
Event: 49.403 Thread 0x00007f8091c1d870 DEOPT UNPACKING pc=0x00007f80acaa364f sp=0x00007f804baf8630 mode 0
Event: 49.575 Thread 0x00007f8098151270 DEOPT PACKING pc=0x00007f80a696d1d1 sp=0x00007f804b9f7d50
Event: 49.575 Thread 0x00007f8098151270 DEOPT UNPACKING pc=0x00007f80acaa364f sp=0x00007f804b9f72b8 mode 0

Classes loaded (20 events):
Event: 45.513 Loading class java/util/IdentityHashMap$EntrySet
Event: 45.565 Loading class java/util/IdentityHashMap$EntrySet done
Event: 45.675 Loading class java/nio/BufferUnderflowException
Event: 45.675 Loading class java/nio/BufferUnderflowException done
Event: 48.210 Loading class java/util/concurrent/ForkJoinTask$AdaptedCallable
Event: 48.268 Loading class java/util/concurrent/ForkJoinTask$AdaptedCallable done
Event: 48.271 Loading class java/util/concurrent/ForkJoinPool$DefaultForkJoinWorkerThreadFactory$1
Event: 48.271 Loading class java/util/concurrent/ForkJoinPool$DefaultForkJoinWorkerThreadFactory$1 done
Event: 48.474 Loading class java/lang/reflect/GenericSignatureFormatError
Event: 48.474 Loading class java/lang/reflect/GenericSignatureFormatError done
Event: 48.896 Loading class java/nio/ShortBuffer
Event: 48.897 Loading class java/nio/ShortBuffer done
Event: 48.897 Loading class java/nio/HeapShortBuffer
Event: 48.897 Loading class java/nio/HeapShortBuffer done
Event: 48.989 Loading class java/util/AbstractList$RandomAccessSubList
Event: 48.989 Loading class java/util/AbstractList$SubList
Event: 48.990 Loading class java/util/AbstractList$SubList done
Event: 48.990 Loading class java/util/AbstractList$RandomAccessSubList done
Event: 48.990 Loading class java/util/AbstractList$SubList$1
Event: 48.990 Loading class java/util/AbstractList$SubList$1 done

Classes unloaded (2 events):
Event: 16.808 Thread 0x00007f80bc0a17a0 Unloading class 0x00007f807c620c00 'java/lang/invoke/LambdaForm$DMH+0x00007f807c620c00'
Event: 16.808 Thread 0x00007f80bc0a17a0 Unloading class 0x00007f807c620400 'java/lang/invoke/LambdaForm$DMH+0x00007f807c620400'

Classes redefined (0 events):
No events

Internal exceptions (20 events):
Event: 38.889 Thread 0x00007f809814fbe0 Exception <a 'java/lang/NoSuchMethodError'{0x00000000d19f7818}: static Lorg/jetbrains/kotlin/daemon/common/LoopbackNetworkInterface$ClientLoopbackSocketFactory;.<clinit>()V> (0x00000000d19f7818) 
thrown [./src/hotspot/share/prims/jni.cpp, line 1112]
Event: 38.902 Thread 0x00007f809814fbe0 Exception <a 'java/lang/NoSuchMethodError'{0x00000000d18def40}: static [Ljava/rmi/server/ObjID;.<clinit>()V> (0x00000000d18def40) 
thrown [./src/hotspot/share/prims/jni.cpp, line 1112]
Event: 38.904 Thread 0x00007f809814fbe0 Exception <a 'java/lang/NoSuchMethodError'{0x00000000d17c0b20}: static [B.<clinit>()V> (0x00000000d17c0b20) 
thrown [./src/hotspot/share/prims/jni.cpp, line 1112]
Event: 38.908 Thread 0x00007f809c095cf0 Exception <a 'java/lang/InterruptedException'{0x00000000d166db30}> (0x00000000d166db30) 
thrown [./src/hotspot/share/runtime/objectMonitor.cpp, line 1658]
Event: 38.910 Thread 0x00007f809c095cf0 Exception <a 'java/lang/NoSuchMethodError'{0x00000000d166ef90}: 'java.lang.Object java.lang.invoke.DirectMethodHandle$Holder.invokeSpecial(java.lang.Object, java.lang.Object, int, java.lang.Object, long)'> (0x00000000d166ef90) 
thrown [./src/hotspot/share/interpreter/linkResolver.cpp, line 758]
Event: 38.910 Thread 0x00007f809c095cf0 Exception <a 'java/lang/NoSuchMethodError'{0x00000000d1676670}: 'java.lang.Object java.lang.invoke.DirectMethodHandle$Holder.newInvokeSpecial(java.lang.Object, java.lang.Object, int, java.lang.Object, long)'> (0x00000000d1676670) 
thrown [./src/hotspot/share/interpreter/linkResolver.cpp, line 758]
Event: 38.976 Thread 0x00007f809814fbe0 Exception <a 'java/lang/NoSuchMethodError'{0x00000000d15755c0}: static Lorg/jetbrains/kotlin/daemon/common/CompileService$CallResult;.<clinit>()V> (0x00000000d15755c0) 
thrown [./src/hotspot/share/prims/jni.cpp, line 1112]
Event: 38.976 Thread 0x00007f809814fbe0 Exception <a 'java/lang/NoSuchMethodError'{0x00000000d1581450}: static Lorg/jetbrains/kotlin/daemon/common/CompileService$CallResult$Good;.<clinit>()V> (0x00000000d1581450) 
thrown [./src/hotspot/share/prims/jni.cpp, line 1112]
Event: 38.978 Thread 0x00007f809814fbe0 Exception <a 'java/lang/NoSuchMethodError'{0x00000000d158e908}: static Lorg/jetbrains/kotlin/daemon/common/DaemonJVMOptions;.<clinit>()V> (0x00000000d158e908) 
thrown [./src/hotspot/share/prims/jni.cpp, line 1112]
Event: 38.979 Thread 0x00007f809814fbe0 Exception <a 'java/net/ConnectException'{0x00000000d1594f60}> (0x00000000d1594f60) 
thrown [./src/hotspot/share/prims/jni.cpp, line 516]
Event: 38.990 Thread 0x00007f809814fbe0 Exception <a 'java/net/ConnectException'{0x00000000d1595c38}> (0x00000000d1595c38) 
thrown [./src/hotspot/share/prims/jni.cpp, line 516]
Event: 39.000 Thread 0x00007f809814fbe0 Exception <a 'java/net/ConnectException'{0x00000000d1596910}> (0x00000000d1596910) 
thrown [./src/hotspot/share/prims/jni.cpp, line 516]
Event: 39.012 Thread 0x00007f809814fbe0 Exception <a 'java/lang/NoSuchMethodError'{0x00000000d14ecb28}: static Lorg/jetbrains/kotlin/daemon/common/CompileService$CallResult$Ok;.<clinit>()V> (0x00000000d14ecb28) 
thrown [./src/hotspot/share/prims/jni.cpp, line 1112]
Event: 39.109 Thread 0x00007f809814fbe0 Exception <a 'java/lang/NoSuchMethodError'{0x00000000d10d5c58}: static [Ljava/lang/Integer;.<clinit>()V> (0x00000000d10d5c58) 
thrown [./src/hotspot/share/prims/jni.cpp, line 1112]
Event: 45.767 Thread 0x00007f80700af210 Exception <a 'java/lang/NoSuchMethodError'{0x00000000d594bed8}: 'java.lang.Object java.lang.invoke.DirectMethodHandle$Holder.invokeStaticInit(java.lang.Object, java.lang.Object, java.lang.Object, java.lang.Object, java.lang.Object, java.lang.Object, java.lang.Object, java.lang.Object, java.lang.Object, java.lang.Object, java.lang.Object, java.lang.Object, java.lang.Object, java.lang.Object, java.lang.Object, java.lang.Object, java.lang.Object, java.lang.Object, java.lang.Object, java.lang.Object, int, java
Event: 48.286 Thread 0x00007f8091c1d870 Implicit null exception at 0x00007f80ad232a23 to 0x00007f80ad232c04
Event: 48.287 Thread 0x00007f8091c1d870 Exception <a 'java/lang/IncompatibleClassChangeError'{0x00000000d64f6920}: Found class java.lang.Object, but interface was expected> (0x00000000d64f6920) 
thrown [./src/hotspot/share/interpreter/linkResolver.cpp, line 826]
Event: 48.514 Thread 0x00007f8098151270 Exception <a 'java/lang/NoSuchMethodError'{0x00000000d6b4e3c0}: 'long java.lang.invoke.DirectMethodHandle$Holder.invokeStatic(java.lang.Object, java.lang.Object, java.lang.Object)'> (0x00000000d6b4e3c0) 
thrown [./src/hotspot/share/interpreter/linkResolver.cpp, line 758]
Event: 48.992 Thread 0x00007f8098151270 Exception <a 'java/lang/IncompatibleClassChangeError'{0x00000000d6085598}: Found class java.lang.Object, but interface was expected> (0x00000000d6085598) 
thrown [./src/hotspot/share/interpreter/linkResolver.cpp, line 826]
Event: 48.992 Thread 0x00007f8098151270 Exception <a 'java/lang/IncompatibleClassChangeError'{0x00000000d60897c0}: Found class java.lang.Object, but interface was expected> (0x00000000d60897c0) 
thrown [./src/hotspot/share/interpreter/linkResolver.cpp, line 826]

VM Operations (20 events):
Event: 44.694 Executing VM operation: G1PauseCleanup done
Event: 44.879 Executing VM operation: HandshakeAllThreads
Event: 44.879 Executing VM operation: HandshakeAllThreads done
Event: 45.879 Executing VM operation: Cleanup
Event: 45.884 Executing VM operation: Cleanup done
Event: 46.370 Executing VM operation: G1CollectForAllocation
Event: 46.410 Executing VM operation: G1CollectForAllocation done
Event: 46.501 Executing VM operation: G1CollectForAllocation
Event: 46.588 Executing VM operation: G1CollectForAllocation done
Event: 47.588 Executing VM operation: Cleanup
Event: 47.589 Executing VM operation: Cleanup done
Event: 47.697 Executing VM operation: G1CollectForAllocation
Event: 47.896 Executing VM operation: G1CollectForAllocation done
Event: 48.292 Executing VM operation: G1CollectForAllocation
Event: 48.390 Executing VM operation: G1CollectForAllocation done
Event: 48.397 Executing VM operation: HandshakeAllThreads
Event: 48.398 Executing VM operation: HandshakeAllThreads done
Event: 49.101 Executing VM operation: G1PauseRemark
Event: 49.172 Executing VM operation: G1PauseRemark done
Event: 49.771 Executing VM operation: G1CollectForAllocation

Memory protections (20 events):
Event: 36.186 Protecting memory [0x00007f8074d9a000,0x00007f8074d9e000] with protection modes 0
Event: 36.615 Protecting memory [0x00007f8074c99000,0x00007f8074c9d000] with protection modes 0
Event: 36.911 Protecting memory [0x00007f8074b98000,0x00007f8074b9c000] with protection modes 0
Event: 37.273 Protecting memory [0x00007f8074a97000,0x00007f8074a9b000] with protection modes 0
Event: 37.315 Protecting memory [0x00007f8074996000,0x00007f807499a000] with protection modes 0
Event: 38.502 Protecting memory [0x00007f8074895000,0x00007f8074899000] with protection modes 0
Event: 38.597 Protecting memory [0x00007f8074794000,0x00007f8074798000] with protection modes 0
Event: 38.891 Protecting memory [0x00007f8074693000,0x00007f8074697000] with protection modes 0
Event: 38.899 Protecting memory [0x00007f8074592000,0x00007f8074596000] with protection modes 0
Event: 38.900 Protecting memory [0x00007f8074491000,0x00007f8074495000] with protection modes 0
Event: 38.912 Protecting memory [0x00007f8074390000,0x00007f8074394000] with protection modes 0
Event: 39.094 Protecting memory [0x00007f807428f000,0x00007f8074293000] with protection modes 0
Event: 39.109 Protecting memory [0x00007f807418e000,0x00007f8074192000] with protection modes 0
Event: 39.208 Protecting memory [0x00007f807408d000,0x00007f8074091000] with protection modes 0
Event: 39.401 Protecting memory [0x00007f804bf00000,0x00007f804bf04000] with protection modes 0
Event: 40.789 Protecting memory [0x00007f804bdff000,0x00007f804be03000] with protection modes 0
Event: 43.601 Protecting memory [0x00007f804bcfe000,0x00007f804bd02000] with protection modes 0
Event: 43.785 Protecting memory [0x00007f804bbfd000,0x00007f804bc01000] with protection modes 0
Event: 48.280 Protecting memory [0x00007f804b9fb000,0x00007f804b9ff000] with protection modes 0
Event: 48.289 Protecting memory [0x00007f804b8fa000,0x00007f804b8fe000] with protection modes 0

Nmethod flushes (20 events):
Event: 34.893 Thread 0x00007f80bc0b4470 flushing  nmethod 0x00007f80a65f4090
Event: 34.893 Thread 0x00007f80bc0b4470 flushing  nmethod 0x00007f80a65f4490
Event: 34.893 Thread 0x00007f80bc0b4470 flushing  nmethod 0x00007f80a65f4f90
Event: 34.893 Thread 0x00007f80bc0b4470 flushing  nmethod 0x00007f80a65f6d90
Event: 34.893 Thread 0x00007f80bc0b4470 flushing  nmethod 0x00007f80a65f8490
Event: 34.893 Thread 0x00007f80bc0b4470 flushing  nmethod 0x00007f80a6602310
Event: 34.893 Thread 0x00007f80bc0b4470 flushing  nmethod 0x00007f80a6610890
Event: 34.912 Thread 0x00007f80bc0b4470 flushing  nmethod 0x00007f80a66d9a90
Event: 34.912 Thread 0x00007f80bc0b4470 flushing  nmethod 0x00007f80a674bb10
Event: 48.400 Thread 0x00007f80bc0b4470 flushing  nmethod 0x00007f80ad3ffa90
Event: 48.400 Thread 0x00007f80bc0b4470 flushing  nmethod 0x00007f80ad48b090
Event: 48.402 Thread 0x00007f80bc0b4470 flushing  nmethod 0x00007f80a5677490
Event: 48.472 Thread 0x00007f80bc0b4470 flushing  nmethod 0x00007f80a5d9be90
Event: 48.474 Thread 0x00007f80bc0b4470 flushing  nmethod 0x00007f80a5e95510
Event: 48.475 Thread 0x00007f80bc0b4470 flushing  nmethod 0x00007f80a5eae790
Event: 48.475 Thread 0x00007f80bc0b4470 flushing  nmethod 0x00007f80a5eaef10
Event: 48.480 Thread 0x00007f80bc0b4470 flushing  nmethod 0x00007f80a5f3c890
Event: 48.480 Thread 0x00007f80bc0b4470 flushing  nmethod 0x00007f80a5fe6e90
Event: 48.503 Thread 0x00007f80bc0b4470 flushing  nmethod 0x00007f80a65f4910
Event: 48.503 Thread 0x00007f80bc0b4470 flushing  nmethod 0x00007f80a6606610

Events (20 events):
Event: 36.179 Thread 0x00007f8098029260 Thread added: 0x00007f80940b7fb0
Event: 36.610 Thread 0x00007f8092160370 Thread added: 0x00007f8098075600
Event: 36.908 Thread 0x00007f8092160370 Thread added: 0x00007f809803ada0
Event: 37.273 Thread 0x00007f8092160370 Thread added: 0x00007f809803bff0
Event: 37.315 Thread 0x00007f8092160370 Thread added: 0x00007f8098040fc0
Event: 38.501 Thread 0x00007f8092160370 Thread added: 0x00007f809814fbe0
Event: 38.590 Thread 0x00007f8098029260 Thread added: 0x00007f80940c3180
Event: 38.891 Thread 0x00007f809814fbe0 Thread added: 0x00007f809c0822e0
Event: 38.899 Thread 0x00007f8098029260 Thread added: 0x00007f80940bdbc0
Event: 38.899 Thread 0x00007f809814fbe0 Thread added: 0x00007f809c095cf0
Event: 38.900 Thread 0x00007f809814fbe0 Thread added: 0x00007f809c097aa0
Event: 39.094 Thread 0x00007f809814fbe0 Thread added: 0x00007f809c0ab370
Event: 39.096 Thread 0x00007f809814fbe0 Thread added: 0x00007f809c0ac620
Event: 39.206 Thread 0x00007f809c0ab370 Thread added: 0x00007f8058006890
Event: 39.401 Thread 0x00007f8098029260 Thread added: 0x00007f80940c5bd0
Event: 40.780 Thread 0x00007f8098029260 Thread added: 0x00007f80940b43e0
Event: 43.601 Thread 0x00007f8098029260 Thread added: 0x00007f80940664f0
Event: 43.785 Thread 0x00007f80940664f0 Thread added: 0x00007f80700af210
Event: 48.280 Thread 0x00007f80700af210 Thread added: 0x00007f8091c1d870
Event: 48.285 Thread 0x00007f8091c1d870 Thread added: 0x00007f8098151270


Dynamic libraries:
c7c00000-db600000 rw-p 00000000 00:00 0 
e6c00000-ff600000 ---p 00000000 00:00 0 
ff600000-ffe00000 rw-p 00000000 00:00 0 
ffe00000-ffe75000 rw-p 00c7a000 00:25 13853                              /usr/lib/jvm/java-17-openjdk-amd64/lib/server/classes.jsa
ffe75000-fff00000 rw-p 00000000 00:00 0 
fff00000-fff78000 rw-p 00c02000 00:25 13853                              /usr/lib/jvm/java-17-openjdk-amd64/lib/server/classes.jsa
fff78000-100000000 rw-p 00000000 00:00 0 
564536750000-564536751000 r--p 00000000 00:25 13495                      /usr/lib/jvm/java-17-openjdk-amd64/bin/java
564536751000-564536752000 r-xp 00001000 00:25 13495                      /usr/lib/jvm/java-17-openjdk-amd64/bin/java
564536752000-564536753000 r--p 00002000 00:25 13495                      /usr/lib/jvm/java-17-openjdk-amd64/bin/java
564536753000-564536754000 r--p 00002000 00:25 13495                      /usr/lib/jvm/java-17-openjdk-amd64/bin/java
564536754000-564536755000 rw-p 00003000 00:25 13495                      /usr/lib/jvm/java-17-openjdk-amd64/bin/java
5645378c2000-56453794c000 rw-p 00000000 00:00 0                          [heap]
7f804b66b000-7f804b8f9000 rw-p 00000000 00:00 0 
7f804b8f9000-7f804b8fa000 ---p 00000000 00:00 0 
7f804b8fa000-7f804b8fe000 ---p 00000000 00:00 0 
7f804b8fe000-7f804b9fa000 rw-p 00000000 00:00 0 
7f804b9fa000-7f804b9fb000 ---p 00000000 00:00 0 
7f804b9fb000-7f804b9ff000 ---p 00000000 00:00 0 
7f804b9ff000-7f804bafb000 rw-p 00000000 00:00 0 
7f804bafb000-7f804bafc000 ---p 00000000 00:00 0 
7f804bafc000-7f804bbfc000 rw-p 00000000 00:00 0 
7f804bbfc000-7f804bbfd000 ---p 00000000 00:00 0 
7f804bbfd000-7f804bc01000 ---p 00000000 00:00 0 
7f804bc01000-7f804bcfd000 rw-p 00000000 00:00 0 
7f804bcfd000-7f804bcfe000 ---p 00000000 00:00 0 
7f804bcfe000-7f804bd02000 ---p 00000000 00:00 0 
7f804bd02000-7f804bdfe000 rw-p 00000000 00:00 0 
7f804bdfe000-7f804bdff000 ---p 00000000 00:00 0 
7f804bdff000-7f804be03000 ---p 00000000 00:00 0 
7f804be03000-7f804beff000 rw-p 00000000 00:00 0 
7f804beff000-7f804bf00000 ---p 00000000 00:00 0 
7f804bf00000-7f804bf04000 ---p 00000000 00:00 0 
7f804bf04000-7f804c580000 rw-p 00000000 00:00 0 
7f804c580000-7f804c600000 rw-p 00000000 00:00 0 
7f804c600000-7f804cd00000 rw-p 00000000 00:00 0 
7f804cd00000-7f804cde0000 rw-p 00000000 00:00 0 
7f804cde0000-7f804ce00000 ---p 00000000 00:00 0 
7f804ce00000-7f804d3c0000 rw-p 00000000 00:00 0 
7f804d3c0000-7f8050000000 ---p 00000000 00:00 0 
7f8050000000-7f8050a1c000 rw-p 00000000 00:00 0 
7f8050a1c000-7f8054000000 ---p 00000000 00:00 0 
7f8054000000-7f8054021000 rw-p 00000000 00:00 0 
7f8054021000-7f8058000000 ---p 00000000 00:00 0 
7f8058000000-7f8058022000 rw-p 00000000 00:00 0 
7f8058022000-7f805c000000 ---p 00000000 00:00 0 
7f805c000000-7f805ddb4000 rw-p 00000000 00:00 0 
7f805ddb4000-7f8060000000 ---p 00000000 00:00 0 
7f8060000000-7f8060022000 rw-p 00000000 00:00 0 
7f8060022000-7f8064000000 ---p 00000000 00:00 0 
7f8064000000-7f8064054000 rw-p 00000000 00:00 0 
7f8064054000-7f8068000000 ---p 00000000 00:00 0 
7f8068000000-7f8068049000 rw-p 00000000 00:00 0 
7f8068049000-7f806c000000 ---p 00000000 00:00 0 
7f806c000000-7f806c02c000 rw-p 00000000 00:00 0 
7f806c02c000-7f8070000000 ---p 00000000 00:00 0 
7f8070000000-7f8070257000 rw-p 00000000 00:00 0 
7f8070257000-7f8074000000 ---p 00000000 00:00 0 
7f807408c000-7f807408d000 ---p 00000000 00:00 0 
7f807408d000-7f8074091000 ---p 00000000 00:00 0 
7f8074091000-7f807418d000 rw-p 00000000 00:00 0 
7f807418d000-7f807418e000 ---p 00000000 00:00 0 
7f807418e000-7f8074192000 ---p 00000000 00:00 0 
7f8074192000-7f807428e000 rw-p 00000000 00:00 0 
7f807428e000-7f807428f000 ---p 00000000 00:00 0 
7f807428f000-7f8074293000 ---p 00000000 00:00 0 
7f8074293000-7f807438f000 rw-p 00000000 00:00 0 
7f807438f000-7f8074390000 ---p 00000000 00:00 0 
7f8074390000-7f8074394000 ---p 00000000 00:00 0 
7f8074394000-7f8074490000 rw-p 00000000 00:00 0 
7f8074490000-7f8074491000 ---p 00000000 00:00 0 
7f8074491000-7f8074495000 ---p 00000000 00:00 0 
7f8074495000-7f8074591000 rw-p 00000000 00:00 0 
7f8074591000-7f8074592000 ---p 00000000 00:00 0 
7f8074592000-7f8074596000 ---p 00000000 00:00 0 
7f8074596000-7f8074692000 rw-p 00000000 00:00 0 
7f8074692000-7f8074693000 ---p 00000000 00:00 0 
7f8074693000-7f8074697000 ---p 00000000 00:00 0 
7f8074697000-7f8074793000 rw-p 00000000 00:00 0 
7f8074793000-7f8074794000 ---p 00000000 00:00 0 
7f8074794000-7f8074798000 ---p 00000000 00:00 0 
7f8074798000-7f8074894000 rw-p 00000000 00:00 0 
7f8074894000-7f8074895000 ---p 00000000 00:00 0 
7f8074895000-7f8074899000 ---p 00000000 00:00 0 
7f8074899000-7f8074995000 rw-p 00000000 00:00 0 
7f8074995000-7f8074996000 ---p 00000000 00:00 0 
7f8074996000-7f807499a000 ---p 00000000 00:00 0 
7f807499a000-7f8074a96000 rw-p 00000000 00:00 0 
7f8074a96000-7f8074a97000 ---p 00000000 00:00 0 
7f8074a97000-7f8074a9b000 ---p 00000000 00:00 0 
7f8074a9b000-7f8074b97000 rw-p 00000000 00:00 0 
7f8074b97000-7f8074b98000 ---p 00000000 00:00 0 
7f8074b98000-7f8074b9c000 ---p 00000000 00:00 0 
7f8074b9c000-7f8074c98000 rw-p 00000000 00:00 0 
7f8074c98000-7f8074c99000 ---p 00000000 00:00 0 
7f8074c99000-7f8074c9d000 ---p 00000000 00:00 0 
7f8074c9d000-7f8074d99000 rw-p 00000000 00:00 0 
7f8074d99000-7f8074d9a000 ---p 00000000 00:00 0 
7f8074d9a000-7f8074d9e000 ---p 00000000 00:00 0 
7f8074d9e000-7f8074e9a000 rw-p 00000000 00:00 0 
7f8074e9a000-7f8074e9b000 ---p 00000000 00:00 0 
7f8074e9b000-7f8074e9f000 ---p 00000000 00:00 0 
7f8074e9f000-7f8074f9b000 rw-p 00000000 00:00 0 
7f8074f9b000-7f8074f9c000 ---p 00000000 00:00 0 
7f8074f9c000-7f8074fa0000 ---p 00000000 00:00 0 
7f8074fa0000-7f807509c000 rw-p 00000000 00:00 0 
7f807509c000-7f807509d000 ---p 00000000 00:00 0 
7f807509d000-7f80750a1000 ---p 00000000 00:00 0 
7f80750a1000-7f807519d000 rw-p 00000000 00:00 0 
7f807519d000-7f807519e000 ---p 00000000 00:00 0 
7f807519e000-7f80751a2000 ---p 00000000 00:00 0 
7f80751a2000-7f807529e000 rw-p 00000000 00:00 0 
7f807529e000-7f807529f000 ---p 00000000 00:00 0 
7f807529f000-7f80752a3000 ---p 00000000 00:00 0 
7f80752a3000-7f807539f000 rw-p 00000000 00:00 0 
7f807539f000-7f80753a0000 ---p 00000000 00:00 0 
7f80753a0000-7f80753a4000 ---p 00000000 00:00 0 
7f80753a4000-7f80754a0000 rw-p 00000000 00:00 0 
7f80754a0000-7f80754a1000 ---p 00000000 00:00 0 
7f80754a1000-7f80754a5000 ---p 00000000 00:00 0 
7f80754a5000-7f80755a1000 rw-p 00000000 00:00 0 
7f80755a1000-7f80755a2000 ---p 00000000 00:00 0 
7f80755a2000-7f80755a6000 ---p 00000000 00:00 0 
7f80755a6000-7f80756a2000 rw-p 00000000 00:00 0 
7f80756a2000-7f80756a3000 ---p 00000000 00:00 0 
7f80756a3000-7f80756a7000 ---p 00000000 00:00 0 
7f80756a7000-7f80757a3000 rw-p 00000000 00:00 0 
7f80757a3000-7f80757a4000 ---p 00000000 00:00 0 
7f80757a4000-7f80757a8000 ---p 00000000 00:00 0 
7f80757a8000-7f80758a4000 rw-p 00000000 00:00 0 
7f80758a4000-7f80758a5000 ---p 00000000 00:00 0 
7f80758a5000-7f80758a9000 ---p 00000000 00:00 0 
7f80758a9000-7f80759a5000 rw-p 00000000 00:00 0 
7f80759ea000-7f80759eb000 ---p 00000000 00:00 0 
7f80759eb000-7f80759ef000 ---p 00000000 00:00 0 
7f80759ef000-7f8075aeb000 rw-p 00000000 00:00 0 
7f8075aeb000-7f8075aec000 ---p 00000000 00:00 0 
7f8075aec000-7f8075af0000 ---p 00000000 00:00 0 
7f8075af0000-7f8075bec000 rw-p 00000000 00:00 0 
7f8075bec000-7f8075bed000 ---p 00000000 00:00 0 
7f8075bed000-7f8075bf1000 ---p 00000000 00:00 0 
7f8075bf1000-7f8075ced000 rw-p 00000000 00:00 0 
7f8075ced000-7f8075cee000 ---p 00000000 00:00 0 
7f8075cee000-7f8075cf2000 ---p 00000000 00:00 0 
7f8075cf2000-7f8075dee000 rw-p 00000000 00:00 0 
7f8075dee000-7f8075def000 ---p 00000000 00:00 0 
7f8075def000-7f8075df3000 ---p 00000000 00:00 0 
7f8075df3000-7f8075eef000 rw-p 00000000 00:00 0 
7f8075eef000-7f8075ef0000 ---p 00000000 00:00 0 
7f8075ef0000-7f8075ef4000 ---p 00000000 00:00 0 
7f8075ef4000-7f8075ff0000 rw-p 00000000 00:00 0 
7f8075ff0000-7f8075ff1000 ---p 00000000 00:00 0 
7f8075ff1000-7f8075ff5000 ---p 00000000 00:00 0 
7f8075ff5000-7f80760f1000 rw-p 00000000 00:00 0 
7f80760f1000-7f80760f2000 ---p 00000000 00:00 0 
7f80760f2000-7f80760f6000 ---p 00000000 00:00 0 
7f80760f6000-7f80761f2000 rw-p 00000000 00:00 0 
7f80761f2000-7f80761f3000 ---p 00000000 00:00 0 
7f80761f3000-7f80761f7000 ---p 00000000 00:00 0 
7f80761f7000-7f80762f3000 rw-p 00000000 00:00 0 
7f80762f3000-7f80762f4000 ---p 00000000 00:00 0 
7f80762f4000-7f80762f8000 ---p 00000000 00:00 0 
7f80762f8000-7f80763f4000 rw-p 00000000 00:00 0 
7f80763f4000-7f80763f5000 ---p 00000000 00:00 0 
7f80763f5000-7f80763f9000 ---p 00000000 00:00 0 
7f80763f9000-7f80764f5000 rw-p 00000000 00:00 0 
7f80764f5000-7f80764f6000 ---p 00000000 00:00 0 
7f80764f6000-7f80764fa000 ---p 00000000 00:00 0 
7f80764fa000-7f80765f6000 rw-p 00000000 00:00 0 
7f80765f6000-7f80765f7000 ---p 00000000 00:00 0 
7f80765f7000-7f80765fb000 ---p 00000000 00:00 0 
7f80765fb000-7f80766f7000 rw-p 00000000 00:00 0 
7f80766f7000-7f80766f8000 ---p 00000000 00:00 0 
7f80766f8000-7f80766fc000 ---p 00000000 00:00 0 
7f80766fc000-7f80767f8000 rw-p 00000000 00:00 0 
7f80767f8000-7f80767f9000 ---p 00000000 00:00 0 
7f80767f9000-7f80767fd000 ---p 00000000 00:00 0 
7f80767fd000-7f80768f9000 rw-p 00000000 00:00 0 
7f80768f9000-7f80768fa000 ---p 00000000 00:00 0 
7f80768fa000-7f80768fe000 ---p 00000000 00:00 0 
7f80768fe000-7f80769fa000 rw-p 00000000 00:00 0 
7f80769fa000-7f80769fb000 ---p 00000000 00:00 0 
7f80769fb000-7f80769ff000 ---p 00000000 00:00 0 
7f80769ff000-7f8076afb000 rw-p 00000000 00:00 0 
7f8076afb000-7f8076afc000 ---p 00000000 00:00 0 
7f8076afc000-7f8076b00000 ---p 00000000 00:00 0 
7f8076b00000-7f8076bfc000 rw-p 00000000 00:00 0 
7f8076bfc000-7f8076bfd000 ---p 00000000 00:00 0 
7f8076bfd000-7f8076c01000 ---p 00000000 00:00 0 
7f8076c01000-7f8076cfd000 rw-p 00000000 00:00 0 
7f8076cfd000-7f8076cfe000 ---p 00000000 00:00 0 
7f8076cfe000-7f8076d02000 ---p 00000000 00:00 0 
7f8076d02000-7f8076dfe000 rw-p 00000000 00:00 0 
7f8076dfe000-7f8076dff000 ---p 00000000 00:00 0 
7f8076dff000-7f8076e03000 ---p 00000000 00:00 0 
7f8076e03000-7f8076eff000 rw-p 00000000 00:00 0 
7f8076eff000-7f8076f00000 ---p 00000000 00:00 0 
7f8076f00000-7f8076f04000 ---p 00000000 00:00 0 
7f8076f04000-7f8077400000 rw-p 00000000 00:00 0 
7f8077400000-7f80777e0000 rw-p 00000000 00:00 0 
7f80777e0000-7f8077800000 rw-p 00000000 00:00 0 
7f8077800000-7f8077980000 rw-p 00000000 00:00 0 
7f8077980000-7f8077a00000 rw-p 00000000 00:00 0 
7f8077a00000-7f8077d80000 rw-p 00000000 00:00 0 
7f8077d80000-7f8077e00000 rw-p 00000000 00:00 0 
7f8077e00000-7f80785c0000 rw-p 00000000 00:00 0 
7f80785c0000-7f8078600000 rw-p 00000000 00:00 0 
7f8078600000-7f8078680000 rw-p 00000000 00:00 0 
7f8078680000-7f8078700000 rw-p 00000000 00:00 0 
7f8078700000-7f8078900000 rw-p 00000000 00:00 0 
7f8078900000-7f8078a00000 rw-p 00000000 00:00 0 
7f8078a00000-7f8079700000 rw-p 00000000 00:00 0 
7f8079700000-7f8079800000 rw-p 00000000 00:00 0 
7f8079800000-7f8079d00000 rw-p 00000000 00:00 0 
7f8079d00000-7f8079e00000 rw-p 00000000 00:00 0 
7f8079e00000-7f807a140000 rw-p 00000000 00:00 0 
7f807a140000-7f807a180000 rw-p 00000000 00:00 0 
7f807a180000-7f807a900000 rw-p 00000000 00:00 0 
7f807a900000-7f807aa00000 rw-p 00000000 00:00 0 
7f807aa00000-7f807b000000 rw-p 00000000 00:00 0 
7f807b000000-7f807b455000 rw-p 00001000 00:25 13853                      /usr/lib/jvm/java-17-openjdk-amd64/lib/server/classes.jsa
7f807b455000-7f807bbca000 rw-p 00456000 00:25 13853                      /usr/lib/jvm/java-17-openjdk-amd64/lib/server/classes.jsa
7f807bbca000-7f807c000000 ---p 00000000 00:00 0 
7f807c000000-7f807c040000 rw-p 00000000 00:00 0 
7f807c040000-7f807c080000 rw-p 00000000 00:00 0 
7f807c080000-7f807c140000 rw-p 00000000 00:00 0 
7f807c140000-7f807c440000 rw-p 00000000 00:00 0 
7f807c440000-7f807c780000 rw-p 00000000 00:00 0 
7f807c780000-7f807cb40000 rw-p 00000000 00:00 0 
7f807cb40000-7f807cb80000 rw-p 00000000 00:00 0 
7f807cb80000-7f807cde0000 rw-p 00000000 00:00 0 
7f807cde0000-7f807cdf0000 rw-p 00000000 00:00 0 
7f807cdf0000-7f807ce00000 ---p 00000000 00:00 0 
7f807ce00000-7f807ce10000 rw-p 00000000 00:00 0 
7f807ce10000-7f808c000000 ---p 00000000 00:00 0 
7f808c000000-7f808c057000 rw-p 00000000 00:00 0 
7f808c057000-7f8090000000 ---p 00000000 00:00 0 
7f8090000000-7f8092657000 rw-p 00000000 00:00 0 
7f8092657000-7f8094000000 ---p 00000000 00:00 0 
7f8094000000-7f809431b000 rw-p 00000000 00:00 0 
7f809431b000-7f8098000000 ---p 00000000 00:00 0 
7f8098000000-7f8098194000 rw-p 00000000 00:00 0 
7f8098194000-7f809c000000 ---p 00000000 00:00 0 
7f809c000000-7f809c0ca000 rw-p 00000000 00:00 0 
7f809c0ca000-7f80a0000000 ---p 00000000 00:00 0 
7f80a00fd000-7f80a00fe000 ---p 00000000 00:00 0 
7f80a00fe000-7f80a0102000 ---p 00000000 00:00 0 
7f80a0102000-7f80a01fe000 rw-p 00000000 00:00 0 
7f80a01fe000-7f80a01ff000 ---p 00000000 00:00 0 
7f80a01ff000-7f80a0203000 ---p 00000000 00:00 0 
7f80a0203000-7f80a02ff000 rw-p 00000000 00:00 0 
7f80a02ff000-7f80a0300000 ---p 00000000 00:00 0 
7f80a0300000-7f80a0304000 ---p 00000000 00:00 0 
7f80a0304000-7f80a0400000 rw-p 00000000 00:00 0 
7f80a0400000-7f80a0453000 r-xp 00000000 fe:00 132015                     /root/.gradle/native/38dada09dfb8b06ba9b0570ebf7e218e3eb74d4ef43ca46872605cf95ebc2f47/linux-amd64/libnative-platform-file-events.so
7f80a0453000-7f80a0652000 ---p 00053000 fe:00 132015                     /root/.gradle/native/38dada09dfb8b06ba9b0570ebf7e218e3eb74d4ef43ca46872605cf95ebc2f47/linux-amd64/libnative-platform-file-events.so
7f80a0652000-7f80a0653000 r--p 00052000 fe:00 132015                     /root/.gradle/native/38dada09dfb8b06ba9b0570ebf7e218e3eb74d4ef43ca46872605cf95ebc2f47/linux-amd64/libnative-platform-file-events.so
7f80a0653000-7f80a0655000 rw-p 00053000 fe:00 132015                     /root/.gradle/native/38dada09dfb8b06ba9b0570ebf7e218e3eb74d4ef43ca46872605cf95ebc2f47/linux-amd64/libnative-platform-file-events.so
7f80a06ff000-7f80a0700000 ---p 00000000 00:00 0 
7f80a0700000-7f80a0704000 ---p 00000000 00:00 0 
7f80a0704000-7f80a0800000 rw-p 00000000 00:00 0 
7f80a0800000-7f80a0805000 r-xp 00000000 fe:00 131996                     /root/.gradle/native/c067742578af261105cb4f569cf0c3c89f3d7b1fecec35dd04571415982c5e48/linux-amd64/libnative-platform.so
7f80a0805000-7f80a0a05000 ---p 00005000 fe:00 131996                     /root/.gradle/native/c067742578af261105cb4f569cf0c3c89f3d7b1fecec35dd04571415982c5e48/linux-amd64/libnative-platform.so
7f80a0a05000-7f80a0a06000 r--p 00005000 fe:00 131996                     /root/.gradle/native/c067742578af261105cb4f569cf0c3c89f3d7b1fecec35dd04571415982c5e48/linux-amd64/libnative-platform.so
7f80a0a06000-7f80a0a07000 rw-p 00006000 fe:00 131996                     /root/.gradle/native/c067742578af261105cb4f569cf0c3c89f3d7b1fecec35dd04571415982c5e48/linux-amd64/libnative-platform.so
7f80a0afc000-7f80a0afd000 r--p 00000000 00:25 13837                      /usr/lib/jvm/java-17-openjdk-amd64/lib/librmi.so
7f80a0afd000-7f80a0afe000 r-xp 00001000 00:25 13837                      /usr/lib/jvm/java-17-openjdk-amd64/lib/librmi.so
7f80a0afe000-7f80a0aff000 r--p 00002000 00:25 13837                      /usr/lib/jvm/java-17-openjdk-amd64/lib/librmi.so
7f80a0aff000-7f80a0b00000 r--p 00002000 00:25 13837                      /usr/lib/jvm/java-17-openjdk-amd64/lib/librmi.so
7f80a0b00000-7f80a0b01000 rw-p 00003000 00:25 13837                      /usr/lib/jvm/java-17-openjdk-amd64/lib/librmi.so
7f80a0b01000-7f80a0b02000 r--p 00000000 00:25 13813                      /usr/lib/jvm/java-17-openjdk-amd64/lib/libextnet.so
7f80a0b02000-7f80a0b03000 r-xp 00001000 00:25 13813                      /usr/lib/jvm/java-17-openjdk-amd64/lib/libextnet.so
7f80a0b03000-7f80a0b04000 r--p 00002000 00:25 13813                      /usr/lib/jvm/java-17-openjdk-amd64/lib/libextnet.so
7f80a0b04000-7f80a0b05000 r--p 00002000 00:25 13813                      /usr/lib/jvm/java-17-openjdk-amd64/lib/libextnet.so
7f80a0b05000-7f80a0b06000 rw-p 00003000 00:25 13813                      /usr/lib/jvm/java-17-openjdk-amd64/lib/libextnet.so
7f80a0b06000-7f80a0b08000 r--p 00000000 00:25 13832                      /usr/lib/jvm/java-17-openjdk-amd64/lib/libmanagement_ext.so
7f80a0b08000-7f80a0b0b000 r-xp 00002000 00:25 13832                      /usr/lib/jvm/java-17-openjdk-amd64/lib/libmanagement_ext.so
7f80a0b0b000-7f80a0b0c000 r--p 00005000 00:25 13832                      /usr/lib/jvm/java-17-openjdk-amd64/lib/libmanagement_ext.so
7f80a0b0c000-7f80a0b0d000 r--p 00006000 00:25 13832                      /usr/lib/jvm/java-17-openjdk-amd64/lib/libmanagement_ext.so
7f80a0b0d000-7f80a0b0e000 rw-p 00007000 00:25 13832                      /usr/lib/jvm/java-17-openjdk-amd64/lib/libmanagement_ext.so
7f80a0b0e000-7f80a0b0f000 r--p 00000000 00:25 18162                      /usr/lib/x86_64-linux-gnu/libpthread.so.0
7f80a0b0f000-7f80a0b10000 r-xp 00001000 00:25 18162                      /usr/lib/x86_64-linux-gnu/libpthread.so.0
7f80a0b10000-7f80a0b11000 r--p 00002000 00:25 18162                      /usr/lib/x86_64-linux-gnu/libpthread.so.0
7f80a0b11000-7f80a0b12000 r--p 00002000 00:25 18162                      /usr/lib/x86_64-linux-gnu/libpthread.so.0
7f80a0b12000-7f80a0b13000 rw-p 00003000 00:25 18162                      /usr/lib/x86_64-linux-gnu/libpthread.so.0
7f80a0b13000-7f80a0b14000 ---p 00000000 00:00 0 
7f80a0b14000-7f80a0c14000 rw-p 00000000 00:00 0 
7f80a0c14000-7f80a0c15000 ---p 00000000 00:00 0 
7f80a0c15000-7f80a0d15000 rw-p 00000000 00:00 0 
7f80a0d15000-7f80a0d16000 ---p 00000000 00:00 0 
7f80a0d16000-7f80a0d1a000 ---p 00000000 00:00 0 
7f80a0d1a000-7f80a0e16000 rw-p 00000000 00:00 0 
7f80a0e16000-7f80a0e17000 ---p 00000000 00:00 0 
7f80a0e17000-7f80a0e1b000 ---p 00000000 00:00 0 
7f80a0e1b000-7f80a0f17000 rw-p 00000000 00:00 0 
7f80a0f17000-7f80a0f18000 ---p 00000000 00:00 0 
7f80a0f18000-7f80a0f1c000 ---p 00000000 00:00 0 
7f80a0f1c000-7f80a1018000 rw-p 00000000 00:00 0 
7f80a1018000-7f80a1019000 ---p 00000000 00:00 0 
7f80a1019000-7f80a101d000 ---p 00000000 00:00 0 
7f80a101d000-7f80a1119000 rw-p 00000000 00:00 0 
7f80a1119000-7f80a111a000 ---p 00000000 00:00 0 
7f80a111a000-7f80a111e000 ---p 00000000 00:00 0 
7f80a111e000-7f80a121a000 rw-p 00000000 00:00 0 
7f80a121a000-7f80a121b000 ---p 00000000 00:00 0 
7f80a121b000-7f80a121f000 ---p 00000000 00:00 0 
7f80a121f000-7f80a131b000 rw-p 00000000 00:00 0 
7f80a131b000-7f80a131c000 ---p 00000000 00:00 0 
7f80a131c000-7f80a1320000 ---p 00000000 00:00 0 
7f80a1320000-7f80a141c000 rw-p 00000000 00:00 0 
7f80a141c000-7f80a141d000 ---p 00000000 00:00 0 
7f80a141d000-7f80a1421000 ---p 00000000 00:00 0 
7f80a1421000-7f80a151d000 rw-p 00000000 00:00 0 
7f80a151d000-7f80a151e000 ---p 00000000 00:00 0 
7f80a151e000-7f80a1522000 ---p 00000000 00:00 0 
7f80a1522000-7f80a161e000 rw-p 00000000 00:00 0 
7f80a161e000-7f80a161f000 ---p 00000000 00:00 0 
7f80a161f000-7f80a1623000 ---p 00000000 00:00 0 
7f80a1623000-7f80a171f000 rw-p 00000000 00:00 0 
7f80a171f000-7f80a1720000 ---p 00000000 00:00 0 
7f80a1720000-7f80a1820000 rw-p 00000000 00:00 0 
7f80a1820000-7f80a1825000 r--p 00000000 00:25 13828                      /usr/lib/jvm/java-17-openjdk-amd64/lib/libjsvml.so
7f80a1825000-7f80a1866000 r-xp 00005000 00:25 13828                      /usr/lib/jvm/java-17-openjdk-amd64/lib/libjsvml.so
7f80a1866000-7f80a18ef000 r--p 00046000 00:25 13828                      /usr/lib/jvm/java-17-openjdk-amd64/lib/libjsvml.so
7f80a18ef000-7f80a18f0000 r--p 000ce000 00:25 13828                      /usr/lib/jvm/java-17-openjdk-amd64/lib/libjsvml.so
7f80a18f0000-7f80a18f1000 rw-p 000cf000 00:25 13828                      /usr/lib/jvm/java-17-openjdk-amd64/lib/libjsvml.so
7f80a18f1000-7f80a3dd9000 rw-p 00000000 00:00 0 
7f80a3dd9000-7f80a46d9000 ---p 00000000 00:00 0 
7f80a46d9000-7f80a4be9000 rw-p 00000000 00:00 0 
7f80a4be9000-7f80a54e9000 ---p 00000000 00:00 0 
7f80a54e9000-7f80a5511000 rw-p 00000000 00:00 0 
7f80a5511000-7f80a69c1000 rwxp 00000000 00:00 0 
7f80a69c1000-7f80aca49000 ---p 00000000 00:00 0 
7f80aca49000-7f80accd9000 rwxp 00000000 00:00 0 
7f80accd9000-7f80acfd8000 ---p 00000000 00:00 0 
7f80acfd8000-7f80ad558000 rwxp 00000000 00:00 0 
7f80ad558000-7f80b4511000 ---p 00000000 00:00 0 
7f80b4511000-7f80bc000000 r--s 00000000 00:25 13844                      /usr/lib/jvm/java-17-openjdk-amd64/lib/modules
7f80bc000000-7f80bd1b9000 rw-p 00000000 00:00 0 
7f80bd1b9000-7f80c0000000 ---p 00000000 00:00 0 
7f80c0004000-7f80c0008000 r--p 00000000 00:25 13842                      /usr/lib/jvm/java-17-openjdk-amd64/lib/libverify.so
7f80c0008000-7f80c000f000 r-xp 00004000 00:25 13842                      /usr/lib/jvm/java-17-openjdk-amd64/lib/libverify.so
7f80c000f000-7f80c0011000 r--p 0000b000 00:25 13842                      /usr/lib/jvm/java-17-openjdk-amd64/lib/libverify.so
7f80c0011000-7f80c0013000 r--p 0000c000 00:25 13842                      /usr/lib/jvm/java-17-openjdk-amd64/lib/libverify.so
7f80c0013000-7f80c0014000 rw-p 0000e000 00:25 13842                      /usr/lib/jvm/java-17-openjdk-amd64/lib/libverify.so
7f80c0014000-7f80c0018000 r--p 00000000 00:25 13834                      /usr/lib/jvm/java-17-openjdk-amd64/lib/libnet.so
7f80c0018000-7f80c0026000 r-xp 00004000 00:25 13834                      /usr/lib/jvm/java-17-openjdk-amd64/lib/libnet.so
7f80c0026000-7f80c002a000 r--p 00012000 00:25 13834                      /usr/lib/jvm/java-17-openjdk-amd64/lib/libnet.so
7f80c002a000-7f80c002b000 r--p 00015000 00:25 13834                      /usr/lib/jvm/java-17-openjdk-amd64/lib/libnet.so
7f80c002b000-7f80c002c000 rw-p 00016000 00:25 13834                      /usr/lib/jvm/java-17-openjdk-amd64/lib/libnet.so
7f80c002c000-7f80c0083000 r--p 00000000 00:25 13893                      /usr/lib/locale/C.utf8/LC_CTYPE
7f80c0083000-7f80c01a0000 rw-p 00000000 00:00 0 
7f80c01a3000-7f80c01a5000 r--p 00000000 00:25 13830                      /usr/lib/jvm/java-17-openjdk-amd64/lib/libmanagement.so
7f80c01a5000-7f80c01a6000 r-xp 00002000 00:25 13830                      /usr/lib/jvm/java-17-openjdk-amd64/lib/libmanagement.so
7f80c01a6000-7f80c01a7000 r--p 00003000 00:25 13830                      /usr/lib/jvm/java-17-openjdk-amd64/lib/libmanagement.so
7f80c01a7000-7f80c01a8000 r--p 00003000 00:25 13830                      /usr/lib/jvm/java-17-openjdk-amd64/lib/libmanagement.so
7f80c01a8000-7f80c01a9000 rw-p 00004000 00:25 13830                      /usr/lib/jvm/java-17-openjdk-amd64/lib/libmanagement.so
7f80c01a9000-7f80c01b0000 r--p 00000000 00:25 13835                      /usr/lib/jvm/java-17-openjdk-amd64/lib/libnio.so
7f80c01b0000-7f80c01b9000 r-xp 00007000 00:25 13835                      /usr/lib/jvm/java-17-openjdk-amd64/lib/libnio.so
7f80c01b9000-7f80c01bd000 r--p 00010000 00:25 13835                      /usr/lib/jvm/java-17-openjdk-amd64/lib/libnio.so
7f80c01bd000-7f80c01be000 r--p 00014000 00:25 13835                      /usr/lib/jvm/java-17-openjdk-amd64/lib/libnio.so
7f80c01be000-7f80c01bf000 rw-p 00015000 00:25 13835                      /usr/lib/jvm/java-17-openjdk-amd64/lib/libnio.so
7f80c01bf000-7f80c01c1000 r--p 00000000 00:25 13843                      /usr/lib/jvm/java-17-openjdk-amd64/lib/libzip.so
7f80c01c1000-7f80c01c5000 r-xp 00002000 00:25 13843                      /usr/lib/jvm/java-17-openjdk-amd64/lib/libzip.so
7f80c01c5000-7f80c01c7000 r--p 00006000 00:25 13843                      /usr/lib/jvm/java-17-openjdk-amd64/lib/libzip.so
7f80c01c7000-7f80c01c8000 r--p 00007000 00:25 13843                      /usr/lib/jvm/java-17-openjdk-amd64/lib/libzip.so
7f80c01c8000-7f80c01c9000 rw-p 00008000 00:25 13843                      /usr/lib/jvm/java-17-openjdk-amd64/lib/libzip.so
7f80c01c9000-7f80c01ca000 r--p 00000000 00:25 13899                      /usr/lib/locale/C.utf8/LC_NUMERIC
7f80c01ca000-7f80c01cb000 r--p 00000000 00:25 13902                      /usr/lib/locale/C.utf8/LC_TIME
7f80c01cb000-7f80c01cc000 r--p 00000000 00:25 13892                      /usr/lib/locale/C.utf8/LC_COLLATE
7f80c01cc000-7f80c01cd000 r--p 00000000 00:25 13897                      /usr/lib/locale/C.utf8/LC_MONETARY
7f80c01cd000-7f80c01ce000 r--p 00000000 00:25 13896                      /usr/lib/locale/C.utf8/LC_MESSAGES/SYS_LC_MESSAGES
7f80c01ce000-7f80c01cf000 r--p 00000000 00:25 13900                      /usr/lib/locale/C.utf8/LC_PAPER
7f80c01cf000-7f80c01d0000 r--p 00000000 00:25 13898                      /usr/lib/locale/C.utf8/LC_NAME
7f80c01d0000-7f80c01d7000 r--s 00000000 00:25 17585                      /usr/lib/x86_64-linux-gnu/gconv/gconv-modules.cache
7f80c01d7000-7f80c01d8000 ---p 00000000 00:00 0 
7f80c01d8000-7f80c02d8000 rw-p 00000000 00:00 0 
7f80c02d8000-7f80c02d9000 ---p 00000000 00:00 0 
7f80c02d9000-7f80c05db000 rw-p 00000000 00:00 0 
7f80c05db000-7f80c05dc000 ---p 00000000 00:00 0 
7f80c05dc000-7f80c06dc000 rw-p 00000000 00:00 0 
7f80c06dc000-7f80c06dd000 ---p 00000000 00:00 0 
7f80c06dd000-7f80c07dd000 rw-p 00000000 00:00 0 
7f80c07dd000-7f80c07de000 ---p 00000000 00:00 0 
7f80c07de000-7f80c0999000 rw-p 00000000 00:00 0 
7f80c0999000-7f80c0ab9000 ---p 00000000 00:00 0 
7f80c0ab9000-7f80c0b5b000 rw-p 00000000 00:00 0 
7f80c0b5b000-7f80c0c7b000 ---p 00000000 00:00 0 
7f80c0c7b000-7f80c0d1d000 rw-p 00000000 00:00 0 
7f80c0d1d000-7f80c0e3d000 ---p 00000000 00:00 0 
7f80c0e3d000-7f80c104f000 rw-p 00000000 00:00 0 
7f80c104f000-7f80c112f000 ---p 00000000 00:00 0 
7f80c112f000-7f80c1159000 rw-p 00000000 00:00 0 
7f80c1159000-7f80c121a000 ---p 00000000 00:00 0 
7f80c121a000-7f80c1220000 rw-p 00000000 00:00 0 
7f80c1220000-7f80c1226000 ---p 00000000 00:00 0 
7f80c1226000-7f80c122e000 rw-s 00000000 fe:00 140225                     /tmp/hsperfdata_root/4370
7f80c122e000-7f80c123a000 r--p 00000000 00:25 13820                      /usr/lib/jvm/java-17-openjdk-amd64/lib/libjava.so
7f80c123a000-7f80c124b000 r-xp 0000c000 00:25 13820                      /usr/lib/jvm/java-17-openjdk-amd64/lib/libjava.so
7f80c124b000-7f80c1251000 r--p 0001d000 00:25 13820                      /usr/lib/jvm/java-17-openjdk-amd64/lib/libjava.so
7f80c1251000-7f80c1252000 r--p 00022000 00:25 13820                      /usr/lib/jvm/java-17-openjdk-amd64/lib/libjava.so
7f80c1252000-7f80c1253000 rw-p 00023000 00:25 13820                      /usr/lib/jvm/java-17-openjdk-amd64/lib/libjava.so
7f80c1253000-7f80c1254000 rw-p 00000000 00:00 0 
7f80c1254000-7f80c1255000 r--p 00000000 00:25 13815                      /usr/lib/jvm/java-17-openjdk-amd64/lib/libinstrument.so
7f80c1255000-7f80c125b000 r-xp 00001000 00:25 13815                      /usr/lib/jvm/java-17-openjdk-amd64/lib/libinstrument.so
7f80c125b000-7f80c125e000 r--p 00007000 00:25 13815                      /usr/lib/jvm/java-17-openjdk-amd64/lib/libinstrument.so
7f80c125e000-7f80c125f000 r--p 00009000 00:25 13815                      /usr/lib/jvm/java-17-openjdk-amd64/lib/libinstrument.so
7f80c125f000-7f80c1260000 rw-p 0000a000 00:25 13815                      /usr/lib/jvm/java-17-openjdk-amd64/lib/libinstrument.so
7f80c1260000-7f80c1262000 r--p 00000000 00:25 13824                      /usr/lib/jvm/java-17-openjdk-amd64/lib/libjimage.so
7f80c1262000-7f80c1265000 r-xp 00002000 00:25 13824                      /usr/lib/jvm/java-17-openjdk-amd64/lib/libjimage.so
7f80c1265000-7f80c1266000 r--p 00005000 00:25 13824                      /usr/lib/jvm/java-17-openjdk-amd64/lib/libjimage.so
7f80c1266000-7f80c1267000 r--p 00006000 00:25 13824                      /usr/lib/jvm/java-17-openjdk-amd64/lib/libjimage.so
7f80c1267000-7f80c1268000 rw-p 00007000 00:25 13824                      /usr/lib/jvm/java-17-openjdk-amd64/lib/libjimage.so
7f80c1268000-7f80c126c000 ---p 00000000 00:00 0 
7f80c126c000-7f80c1368000 rw-p 00000000 00:00 0 
7f80c1368000-7f80c136b000 r--p 00000000 00:25 17971                      /usr/lib/x86_64-linux-gnu/libgcc_s.so.1
7f80c136b000-7f80c1382000 r-xp 00003000 00:25 17971                      /usr/lib/x86_64-linux-gnu/libgcc_s.so.1
7f80c1382000-7f80c1386000 r--p 0001a000 00:25 17971                      /usr/lib/x86_64-linux-gnu/libgcc_s.so.1
7f80c1386000-7f80c1387000 r--p 0001d000 00:25 17971                      /usr/lib/x86_64-linux-gnu/libgcc_s.so.1
7f80c1387000-7f80c1388000 rw-p 0001e000 00:25 17971                      /usr/lib/x86_64-linux-gnu/libgcc_s.so.1
7f80c1388000-7f80c1398000 r--p 00000000 00:25 18072                      /usr/lib/x86_64-linux-gnu/libm.so.6
7f80c1398000-7f80c140c000 r-xp 00010000 00:25 18072                      /usr/lib/x86_64-linux-gnu/libm.so.6
7f80c140c000-7f80c1466000 r--p 00084000 00:25 18072                      /usr/lib/x86_64-linux-gnu/libm.so.6
7f80c1466000-7f80c1467000 r--p 000dd000 00:25 18072                      /usr/lib/x86_64-linux-gnu/libm.so.6
7f80c1467000-7f80c1468000 rw-p 000de000 00:25 18072                      /usr/lib/x86_64-linux-gnu/libm.so.6
7f80c1468000-7f80c1501000 r--p 00000000 00:25 18239                      /usr/lib/x86_64-linux-gnu/libstdc++.so.6.0.30
7f80c1501000-7f80c1602000 r-xp 00099000 00:25 18239                      /usr/lib/x86_64-linux-gnu/libstdc++.so.6.0.30
7f80c1602000-7f80c1671000 r--p 0019a000 00:25 18239                      /usr/lib/x86_64-linux-gnu/libstdc++.so.6.0.30
7f80c1671000-7f80c167c000 r--p 00209000 00:25 18239                      /usr/lib/x86_64-linux-gnu/libstdc++.so.6.0.30
7f80c167c000-7f80c167f000 rw-p 00214000 00:25 18239                      /usr/lib/x86_64-linux-gnu/libstdc++.so.6.0.30
7f80c167f000-7f80c1682000 rw-p 00000000 00:00 0 
7f80c1682000-7f80c18d3000 r--p 00000000 00:25 13856                      /usr/lib/jvm/java-17-openjdk-amd64/lib/server/libjvm.so
7f80c18d3000-7f80c2625000 r-xp 00251000 00:25 13856                      /usr/lib/jvm/java-17-openjdk-amd64/lib/server/libjvm.so
7f80c2625000-7f80c28a7000 r--p 00fa3000 00:25 13856                      /usr/lib/jvm/java-17-openjdk-amd64/lib/server/libjvm.so
7f80c28a7000-7f80c295f000 r--p 01225000 00:25 13856                      /usr/lib/jvm/java-17-openjdk-amd64/lib/server/libjvm.so
7f80c295f000-7f80c2994000 rw-p 012dd000 00:25 13856                      /usr/lib/jvm/java-17-openjdk-amd64/lib/server/libjvm.so
7f80c2994000-7f80c29f0000 rw-p 00000000 00:00 0 
7f80c29f0000-7f80c2a16000 r--p 00000000 00:25 17860                      /usr/lib/x86_64-linux-gnu/libc.so.6
7f80c2a16000-7f80c2b6c000 r-xp 00026000 00:25 17860                      /usr/lib/x86_64-linux-gnu/libc.so.6
7f80c2b6c000-7f80c2bbf000 r--p 0017c000 00:25 17860                      /usr/lib/x86_64-linux-gnu/libc.so.6
7f80c2bbf000-7f80c2bc3000 r--p 001cf000 00:25 17860                      /usr/lib/x86_64-linux-gnu/libc.so.6
7f80c2bc3000-7f80c2bc5000 rw-p 001d3000 00:25 17860                      /usr/lib/x86_64-linux-gnu/libc.so.6
7f80c2bc5000-7f80c2bd2000 rw-p 00000000 00:00 0 
7f80c2bd2000-7f80c2bd4000 r--p 00000000 00:25 13825                      /usr/lib/jvm/java-17-openjdk-amd64/lib/libjli.so
7f80c2bd4000-7f80c2bdd000 r-xp 00002000 00:25 13825                      /usr/lib/jvm/java-17-openjdk-amd64/lib/libjli.so
7f80c2bdd000-7f80c2be0000 r--p 0000b000 00:25 13825                      /usr/lib/jvm/java-17-openjdk-amd64/lib/libjli.so
7f80c2be0000-7f80c2be1000 r--p 0000d000 00:25 13825                      /usr/lib/jvm/java-17-openjdk-amd64/lib/libjli.so
7f80c2be1000-7f80c2be2000 rw-p 0000e000 00:25 13825                      /usr/lib/jvm/java-17-openjdk-amd64/lib/libjli.so
7f80c2be2000-7f80c2be5000 r--p 00000000 00:25 1006                       /usr/lib/x86_64-linux-gnu/libz.so.1.2.13
7f80c2be5000-7f80c2bf8000 r-xp 00003000 00:25 1006                       /usr/lib/x86_64-linux-gnu/libz.so.1.2.13
7f80c2bf8000-7f80c2bff000 r--p 00016000 00:25 1006                       /usr/lib/x86_64-linux-gnu/libz.so.1.2.13
7f80c2bff000-7f80c2c00000 r--p 0001c000 00:25 1006                       /usr/lib/x86_64-linux-gnu/libz.so.1.2.13
7f80c2c00000-7f80c2c01000 rw-p 0001d000 00:25 1006                       /usr/lib/x86_64-linux-gnu/libz.so.1.2.13
7f80c2c01000-7f80c2c02000 r--p 00000000 00:25 13891                      /usr/lib/locale/C.utf8/LC_ADDRESS
7f80c2c02000-7f80c2c03000 r--p 00000000 00:25 13901                      /usr/lib/locale/C.utf8/LC_TELEPHONE
7f80c2c03000-7f80c2c04000 r--p 00000000 00:25 13895                      /usr/lib/locale/C.utf8/LC_MEASUREMENT
7f80c2c04000-7f80c2c05000 r--p 00000000 00:25 13894                      /usr/lib/locale/C.utf8/LC_IDENTIFICATION
7f80c2c05000-7f80c2c06000 ---p 00000000 00:00 0 
7f80c2c06000-7f80c2c07000 r--p 00000000 00:00 0 
7f80c2c07000-7f80c2c08000 ---p 00000000 00:00 0 
7f80c2c08000-7f80c2c0a000 rw-p 00000000 00:00 0 
7f80c2c0a000-7f80c2c0b000 r--p 00000000 00:25 17646                      /usr/lib/x86_64-linux-gnu/ld-linux-x86-64.so.2
7f80c2c0b000-7f80c2c31000 r-xp 00001000 00:25 17646                      /usr/lib/x86_64-linux-gnu/ld-linux-x86-64.so.2
7f80c2c31000-7f80c2c3b000 r--p 00027000 00:25 17646                      /usr/lib/x86_64-linux-gnu/ld-linux-x86-64.so.2
7f80c2c3b000-7f80c2c3d000 r--p 00031000 00:25 17646                      /usr/lib/x86_64-linux-gnu/ld-linux-x86-64.so.2
7f80c2c3d000-7f80c2c3f000 rw-p 00033000 00:25 17646                      /usr/lib/x86_64-linux-gnu/ld-linux-x86-64.so.2
7ffd9deb4000-7ffd9ded5000 rw-p 00000000 00:00 0                          [stack]
7ffd9dfa6000-7ffd9dfa9000 r--p 00000000 00:00 0                          [vvar]
7ffd9dfa9000-7ffd9dfab000 r-xp 00000000 00:00 0                          [vdso]
ffffffffff600000-ffffffffff601000 r-xp 00000000 00:00 0                  [vsyscall]


VM Arguments:
jvm_args: -XX:MaxMetaspaceSize=320m --add-opens=java.base/java.util=ALL-UNNAMED --add-opens=java.base/java.lang=ALL-UNNAMED --add-opens=java.base/java.lang.invoke=ALL-UNNAMED --add-opens=java.prefs/java.util.prefs=ALL-UNNAMED --add-opens=java.base/java.nio.charset=ALL-UNNAMED --add-opens=java.base/java.net=ALL-UNNAMED --add-opens=java.base/java.util.concurrent.atomic=ALL-UNNAMED -Xmx900m -Dfile.encoding=UTF-8 -Duser.country -Duser.language=en -Duser.variant -javaagent:/root/.gradle/wrapper/dists/gradle-8.6-bin/afr5mpiioh2wthjmwnkmdsd5w/gradle-8.6/lib/agents/gradle-instrumentation-agent-8.6.jar 
java_command: org.gradle.launcher.daemon.bootstrap.GradleDaemon 8.6
java_class_path (initial): /root/.gradle/wrapper/dists/gradle-8.6-bin/afr5mpiioh2wthjmwnkmdsd5w/gradle-8.6/lib/gradle-launcher-8.6.jar
Launcher Type: SUN_STANDARD

[Global flags]
     intx CICompilerCount                          = 2                                         {product} {ergonomic}
   size_t CompressedClassSpaceSize                 = 268435456                                 {product} {ergonomic}
     uint ConcGCThreads                            = 1                                         {product} {ergonomic}
     uint G1ConcRefinementThreads                  = 2                                         {product} {ergonomic}
   size_t G1HeapRegionSize                         = 1048576                                   {product} {ergonomic}
    uintx GCDrainStackTargetSize                   = 64                                        {product} {ergonomic}
   size_t InitialHeapSize                          = 33554432                                  {product} {ergonomic}
   size_t MarkStackSize                            = 4194304                                   {product} {ergonomic}
   size_t MaxHeapSize                              = 943718400                                 {product} {command line}
   size_t MaxMetaspaceSize                         = 335544320                                 {product} {command line}
   size_t MaxNewSize                               = 566231040                                 {product} {ergonomic}
   size_t MinHeapDeltaBytes                        = 1048576                                   {product} {ergonomic}
   size_t MinHeapSize                              = 8388608                                   {product} {ergonomic}
    uintx NonNMethodCodeHeapSize                   = 5826188                                {pd product} {ergonomic}
    uintx NonProfiledCodeHeapSize                  = 122916026                              {pd product} {ergonomic}
    uintx ProfiledCodeHeapSize                     = 122916026                              {pd product} {ergonomic}
    uintx ReservedCodeCacheSize                    = 251658240                              {pd product} {ergonomic}
     bool SegmentedCodeCache                       = true                                      {product} {ergonomic}
   size_t SoftMaxHeapSize                          = 943718400                              {manageable} {ergonomic}
     bool UseCompressedClassPointers               = true                           {product lp64_product} {ergonomic}
     bool UseCompressedOops                        = true                           {product lp64_product} {ergonomic}
     bool UseG1GC                                  = true                                      {product} {ergonomic}

Logging:
Log output configuration:
 #0: stdout all=warning uptime,level,tags
 #1: stderr all=off uptime,level,tags

Environment Variables:
PATH=/usr/local/sbin:/usr/local/bin:/usr/sbin:/usr/bin:/sbin:/bin
SHELL=/bin/bash
LANG=C.UTF-8
LC_ALL=C.UTF-8
TERM=tmux-256color

Active Locale:
LC_ALL=C.UTF-8
LC_COLLATE=C.UTF-8
LC_CTYPE=C.UTF-8
LC_MESSAGES=C.UTF-8
LC_MONETARY=C.UTF-8
LC_NUMERIC=C.UTF-8
LC_TIME=C.UTF-8

Signal Handlers:
   SIGSEGV: crash_handler in libjvm.so, mask=11100100010111111101111111111110, flags=SA_RESTART|SA_SIGINFO, unblocked
    SIGBUS: crash_handler in libjvm.so, mask=11100100010111111101111111111110, flags=SA_RESTART|SA_SIGINFO, unblocked
    SIGFPE: crash_handler in libjvm.so, mask=11100100010111111101111111111110, flags=SA_RESTART|SA_SIGINFO, unblocked
   SIGPIPE: javaSignalHandler in libjvm.so, mask=11100100010111111101111111111110, flags=SA_RESTART|SA_SIGINFO, unblocked
   SIGXFSZ: javaSignalHandler in libjvm.so, mask=11100100010111111101111111111110, flags=SA_RESTART|SA_SIGINFO, unblocked
    SIGILL: crash_handler in libjvm.so, mask=11100100010111111101111111111110, flags=SA_RESTART|SA_SIGINFO, unblocked
   SIGUSR2: SR_handler in libjvm.so, mask=00100000000000000000000000000000, flags=SA_RESTART|SA_SIGINFO, unblocked
    SIGHUP: UserHandler in libjvm.so, mask=11100100010111111101111111111110, flags=SA_RESTART|SA_SIGINFO, unblocked
    SIGINT: UserHandler in libjvm.so, mask=11100100010111111101111111111110, flags=SA_RESTART|SA_SIGINFO, unblocked
   SIGTERM: UserHandler in libjvm.so, mask=11100100010111111101111111111110, flags=SA_RESTART|SA_SIGINFO, unblocked
   SIGQUIT: UserHandler in libjvm.so, mask=11100100010111111101111111111110, flags=SA_RESTART|SA_SIGINFO, unblocked
   SIGTRAP: crash_handler in libjvm.so, mask=11100100010111111101111111111110, flags=SA_RESTART|SA_SIGINFO, unblocked


Periodic native trim disabled


---------------  S Y S T E M  ---------------

OS:
PRETTY_NAME="Debian GNU/Linux 12 (bookworm)"
NAME="Debian GNU/Linux"
VERSION_ID="12"
VERSION="12 (bookworm)"
VERSION_CODENAME=bookworm
ID=debian
HOME_URL="https://www.debian.org/"
SUPPORT_URL="https://www.debian.org/support"
BUG_REPORT_URL="https://bugs.debian.org/"
uname: Linux 4.19.91-c8dfc93.al7.x86_64 #1 SMP Tue Sep 26 10:25:51 UTC 2023 x86_64
OS uptime: 0 days 0:35 hours
libc: glibc 2.36 NPTL 2.36 
rlimit (soft/hard): STACK 8192k/infinity , CORE 0k/0k , NPROC 100000/100000 , NOFILE 100000/100000 , AS infinity/infinity , CPU infinity/infinity , DATA infinity/infinity , FSIZE infinity/infinity , MEMLOCK 64k/64k
load average: 1.56 3.90 3.09

/proc/meminfo:
MemTotal:        2152516 kB
MemFree:           33508 kB
MemAvailable:      94540 kB
Buffers:           25360 kB
Cached:            82556 kB
SwapCached:            0 kB
Active:          1970084 kB
Inactive:          54084 kB
Active(anon):    1916456 kB
Inactive(anon):       16 kB
Active(file):      53628 kB
Inactive(file):    54068 kB
Unevictable:           0 kB
Mlocked:               0 kB
SwapTotal:             0 kB
SwapFree:              0 kB
Dirty:               536 kB
Writeback:             0 kB
AnonPages:       1916444 kB
Mapped:            29020 kB
Shmem:                32 kB
Slab:              43720 kB
SReclaimable:      30172 kB
SUnreclaim:        13548 kB
KernelStack:        4016 kB
PageTables:         5864 kB
NFS_Unstable:          0 kB
Bounce:                0 kB
WritebackTmp:          0 kB
CommitLimit:     1076256 kB
Committed_AS:    2249208 kB
VmallocTotal:   34359738367 kB
VmallocUsed:           0 kB
VmallocChunk:          0 kB
Percpu:              384 kB
AnonHugePages:    595968 kB
ShmemHugePages:        0 kB
ShmemPmdMapped:        0 kB
HugePages_Total:       0
HugePages_Free:        0
HugePages_Rsvd:        0
HugePages_Surp:        0
Hugepagesize:       2048 kB
Hugetlb:               0 kB
DirectMap4k:        8192 kB
DirectMap2M:     2523136 kB
DirectMap1G:           0 kB

/sys/kernel/mm/transparent_hugepage/enabled: [always] madvise never
/sys/kernel/mm/transparent_hugepage/hpage_pmd_size: 2097152
/sys/kernel/mm/transparent_hugepage/defrag (defrag/compaction efforts parameter): always defer defer+madvise madvise [never]

Process Memory:
Virtual Size: 2688084K (peak: 2871836K)
Resident Set Size: 543488K (peak: 543488K) (anon: 520652K, file: 22836K, shmem: 0K)
Swapped out: 0K
C-Heap outstanding allocations: 105150K, retained: 11085K
glibc malloc tunables: (default)

/proc/sys/kernel/threads-max (system-wide limit on the number of threads): 1129
/proc/sys/vm/max_map_count (maximum number of memory map areas a process may have): 65530
/proc/sys/vm/swappiness (control to define how aggressively the kernel swaps out anonymous memory): 60
/proc/sys/kernel/pid_max (system-wide limit on number of process identifiers): 32768

container (cgroup) information:
container_type: cgroupv1
cpu_cpuset_cpus: 0-1
cpu_memory_nodes: 0
active_processor_count: 2
cpu_quota: no quota
cpu_period: 100000
cpu_shares: 12288
memory_limit_in_bytes: 2097152 k
memory_and_swap_limit_in_bytes: unlimited
memory_soft_limit_in_bytes: unlimited
memory_usage_in_bytes: 2057848 k
memory_max_usage_in_bytes: 2063372 k
rss_usage_in_bytes: 1909144 k
cache_usage_in_bytes: 107648 k
kernel_memory_limit_in_bytes: unlimited
kernel_memory_usage_in_bytes: 40708 k
kernel_memory_max_usage_in_bytes: 81920 k
maximum number of tasks: unlimited
current number of tasks: 176

KVM virtualization detected
Steal ticks since vm start: 4526
Steal ticks percentage since vm start:  0.440

CPU: total 2 (initial active 2) (2 cores per cpu, 1 threads per core) family 6 model 85 stepping 7 microcode 0x1, cx8, cmov, fxsr, mmx, 3dnowpref, sse, sse2, sse3, ssse3, sse4.1, sse4.2, popcnt, lzcnt, tsc, tscinvbit, avx, avx2, aes, erms, clmul, bmi1, bmi2, adx, avx512f, avx512dq, avx512cd, avx512bw, avx512vl, fma, vzeroupper, avx512_vnni, clflush, clflushopt, clwb, hv
CPU Model and flags from /proc/cpuinfo:
model name	: Intel(R) Xeon(R) Processor @ 2.50GHz
flags		: fpu vme de pse tsc msr pae mce cx8 apic sep mtrr pge mca cmov pat pse36 clflush mmx fxsr sse sse2 ss ht syscall nx pdpe1gb rdtscp lm constant_tsc rep_good nopl xtopology nonstop_tsc cpuid tsc_known_freq pni pclmulqdq ssse3 fma cx16 pcid sse4_1 sse4_2 x2apic movbe popcnt tsc_deadline_timer aes xsave avx f16c rdrand hypervisor lahf_lm abm 3dnowprefetch cpuid_fault invpcid_single ssbd ibrs ibpb stibp ibrs_enhanced fsgsbase tsc_adjust bmi1 avx2 smep bmi2 erms invpcid mpx avx512f avx512dq rdseed adx smap clflushopt clwb avx512cd avx512bw avx512vl xsaveopt xsavec xgetbv1 xsaves umip avx512_vnni md_clear arch_capabilities

Online cpus: 0-1
Offline cpus: 
BIOS frequency limitation: <Not Available>
Frequency switch latency (ns): <Not Available>
Available cpu frequencies: <Not Available>
Current governor: <Not Available>
Core performance/turbo boost: <Not Available>

Memory: 4k page, physical 2097152k(39304k free), swap 0k(0k free)
Page Sizes: 4k

vm_info: OpenJDK 64-Bit Server VM (17.0.20+8-1-deb12u1-Debian) for linux-amd64 JRE (17.0.20+8-1-deb12u1-Debian), built on Jul 28 2026 07:08:51 by "buildd" with gcc 12.2.0

END.
