#
# There is insufficient memory for the Java Runtime Environment to continue.
# Native memory allocation (mmap) failed to map 262144000 bytes. Error detail: committing reserved memory.
# Possible reasons:
#   The system is out of physical RAM or swap space
#   This process is running with CompressedOops enabled, and the Java Heap may be blocking the growth of the native heap
# Possible solutions:
#   Reduce memory load on the system
#   Increase physical memory or swap space
#   Check if swap backing store is full
#   Decrease Java heap size (-Xmx/-Xms)
#   Decrease number of Java threads
#   Decrease Java thread stack sizes (-Xss)
#   Set larger code cache with -XX:ReservedCodeCacheSize=
#   JVM is running with Unscaled Compressed Oops mode in which the Java heap is
#     placed in the first 4GB address space. The Java Heap base address is the
#     maximum limit for the native heap growth. Please use -XX:HeapBaseMinAddress
#     to set the Java Heap base and to place the Java Heap above 4GB virtual address.
# This output file may be truncated or incomplete.
#
#  Out of Memory Error (os_linux.cpp:2834), pid=4097, tid=4107
#
# JRE version: OpenJDK Runtime Environment (17.0.20+8) (build 17.0.20+8-1-deb12u1-Debian)
# Java VM: OpenJDK 64-Bit Server VM (17.0.20+8-1-deb12u1-Debian, mixed mode, sharing, tiered, compressed oops, compressed class ptrs, g1 gc, linux-amd64)
# No core dump will be written. Core dumps have been disabled. To enable core dumping, try "ulimit -c unlimited" before starting Java again
#

---------------  S U M M A R Y ------------

Command Line: -XX:MaxMetaspaceSize=384m --add-opens=java.base/java.util=ALL-UNNAMED --add-opens=java.base/java.lang=ALL-UNNAMED --add-opens=java.base/java.lang.invoke=ALL-UNNAMED --add-opens=java.prefs/java.util.prefs=ALL-UNNAMED --add-opens=java.base/java.nio.charset=ALL-UNNAMED --add-opens=java.base/java.net=ALL-UNNAMED --add-opens=java.base/java.util.concurrent.atomic=ALL-UNNAMED -Xmx1024m -Dfile.encoding=UTF-8 -Duser.country -Duser.language=en -Duser.variant -javaagent:/root/.gradle/wrapper/dists/gradle-8.6-bin/afr5mpiioh2wthjmwnkmdsd5w/gradle-8.6/lib/agents/gradle-instrumentation-agent-8.6.jar org.gradle.launcher.daemon.bootstrap.GradleDaemon 8.6

Host: Intel(R) Xeon(R) Processor @ 2.50GHz, 2 cores, 2G, Debian GNU/Linux 12 (bookworm)
Time: Tue Oct  6 11:27:01 2026 UTC elapsed time: 70.400690 seconds (0d 0h 1m 10s)

---------------  T H R E A D  ---------------

Current thread (0x00007f48780a6d40):  VMThread "VM Thread" [stack: 0x00007f487c2ff000,0x00007f487c3ff000] [id=4107]

Stack: [0x00007f487c2ff000,0x00007f487c3ff000],  sp=0x00007f487c3fcd70,  free space=1015k
Native frames: (J=compiled Java code, j=interpreted, Vv=VM code, C=native code)
V  [libjvm.so+0xf21211]  VMError::report_and_die(int, char const*, char const*, __va_list_tag*, Thread*, unsigned char*, void*, void*, char const*, int, unsigned long)+0x171
V  [libjvm.so+0xf21d7d]  VMError::report_and_die(Thread*, char const*, int, unsigned long, VMErrorType, char const*, __va_list_tag*)+0x2d
V  [libjvm.so+0x60378c]  report_vm_out_of_memory(char const*, int, unsigned long, VMErrorType, char const*, ...)+0xdc
V  [libjvm.so+0xc2a14b]  os::pd_commit_memory_or_exit(char*, unsigned long, unsigned long, bool, char const*)+0xeb
V  [libjvm.so+0xc23ffb]  os::commit_memory_or_exit(char*, unsigned long, unsigned long, bool, char const*)+0x1b
V  [libjvm.so+0x733436]  G1PageBasedVirtualSpace::commit(unsigned long, unsigned long)+0x66
V  [libjvm.so+0x7473e0]  G1RegionsLargerThanCommitSizeMapper::commit_regions(unsigned int, unsigned long, WorkGang*)+0x110
V  [libjvm.so+0x7dadc8]  HeapRegionManager::commit_regions(unsigned int, unsigned long, WorkGang*)+0x88
V  [libjvm.so+0x7dcc0b]  HeapRegionManager::expand(unsigned int, unsigned int, WorkGang*)+0x2b
V  [libjvm.so+0x7dce27]  HeapRegionManager::expand_by(unsigned int, WorkGang*)+0x77
V  [libjvm.so+0x6ebed8]  G1CollectedHeap::expand(unsigned long, WorkGang*, double*)+0xe8
V  [libjvm.so+0x6efb29]  G1CollectedHeap::do_collection_pause_at_safepoint_helper(double)+0x8a9
V  [libjvm.so+0x6efb8f]  G1CollectedHeap::do_collection_pause_at_safepoint(double)+0x2f
V  [libjvm.so+0x76b9d7]  VM_G1CollectForAllocation::doit()+0x47
V  [libjvm.so+0xf26715]  VM_Operation::evaluate()+0xe5
V  [libjvm.so+0xf28005]  VMThread::evaluate_operation(VM_Operation*)+0x105
V  [libjvm.so+0xf2857f]  VMThread::inner_execute(VM_Operation*)+0x28f
V  [libjvm.so+0xf2878f]  VMThread::run()+0xbf
V  [libjvm.so+0xea40a5]  Thread::call_run()+0xa5
V  [libjvm.so+0xc2c8f3]  thread_native_entry(Thread*)+0xe3

VM_Operation (0x00007f4803bf8cd0): G1CollectForAllocation, mode: safepoint, requested by thread 0x00007f4828109500


---------------  P R O C E S S  ---------------

Threads class SMR info:
_java_thread_list=0x00007f4848025930, length=68, elements={
0x00007f487801a7c0, 0x00007f48780aae40, 0x00007f48780ac220, 0x00007f48780b2f00,
0x00007f48780b42b0, 0x00007f48780b56c0, 0x00007f48780b7070, 0x00007f48780b85a0,
0x00007f48780b9a10, 0x00007f48780c5010, 0x00007f48780c8fb0, 0x00007f487911e2a0,
0x00007f487919b950, 0x00007f48791c5970, 0x00007f481c016f30, 0x00007f4824002c50,
0x00007f4824008190, 0x00007f4824009800, 0x00007f484c004f10, 0x00007f484c006540,
0x00007f484c009770, 0x00007f484c18f640, 0x00007f484c219470, 0x00007f484c2c06e0,
0x00007f484c57fd60, 0x00007f484c592670, 0x00007f484c59bd10, 0x00007f484c5a5110,
0x00007f484c5fdd80, 0x00007f484c1a08e0, 0x00007f484ca11000, 0x00007f484cd2bd90,
0x00007f484ce82d70, 0x00007f484d697660, 0x00007f484d8e12f0, 0x00007f484e44a8c0,
0x00007f485401d580, 0x00007f4850012c90, 0x00007f4850052d80, 0x00007f485005ede0,
0x00007f4850071ad0, 0x00007f4854041640, 0x00007f4854042190, 0x00007f4854045530,
0x00007f485007b7b0, 0x00007f4850081920, 0x00007f485007e300, 0x00007f485404fc70,
0x00007f48540535a0, 0x00007f485008d670, 0x00007f48500898e0, 0x00007f4850093190,
0x00007f4850095410, 0x00007f48501e2460, 0x00007f48540566d0, 0x00007f4854059170,
0x00007f4858066000, 0x00007f48580bcd90, 0x00007f48580becb0, 0x00007f48580d22c0,
0x00007f48580d3570, 0x00007f481000cb80, 0x00007f4854056f40, 0x00007f485405d1e0,
0x00007f48541849a0, 0x00007f4828109500, 0x00007f484dadc480, 0x00007f484802b610
}

Java Threads: ( => current thread )
  0x00007f487801a7c0 JavaThread "main" [_thread_blocked, id=4098, stack(0x00007f487d774000,0x00007f487d874000)]
  0x00007f48780aae40 JavaThread "Reference Handler" daemon [_thread_blocked, id=4108, stack(0x00007f487c1fe000,0x00007f487c2fe000)]
  0x00007f48780ac220 JavaThread "Finalizer" daemon [_thread_blocked, id=4109, stack(0x00007f487c0fd000,0x00007f487c1fd000)]
  0x00007f48780b2f00 JavaThread "Signal Dispatcher" daemon [_thread_blocked, id=4110, stack(0x00007f485d411000,0x00007f485d511000)]
  0x00007f48780b42b0 JavaThread "Service Thread" daemon [_thread_blocked, id=4111, stack(0x00007f485d310000,0x00007f485d410000)]
  0x00007f48780b56c0 JavaThread "Monitor Deflation Thread" daemon [_thread_blocked, id=4112, stack(0x00007f485d20f000,0x00007f485d30f000)]
  0x00007f48780b7070 JavaThread "C2 CompilerThread0" daemon [_thread_in_native, id=4113, stack(0x00007f485d10e000,0x00007f485d20e000)]
  0x00007f48780b85a0 JavaThread "C1 CompilerThread0" daemon [_thread_blocked, id=4114, stack(0x00007f485d00d000,0x00007f485d10d000)]
  0x00007f48780b9a10 JavaThread "Sweeper thread" daemon [_thread_blocked, id=4115, stack(0x00007f485cf0c000,0x00007f485d00c000)]
  0x00007f48780c5010 JavaThread "Common-Cleaner" daemon [_thread_blocked, id=4116, stack(0x00007f485ce0b000,0x00007f485cf0b000)]
  0x00007f48780c8fb0 JavaThread "Notification Thread" daemon [_thread_blocked, id=4118, stack(0x00007f485cd0a000,0x00007f485ce0a000)]
  0x00007f487911e2a0 JavaThread "Daemon health stats" [_thread_blocked, id=4129, stack(0x00007f485c700000,0x00007f485c800000)]
  0x00007f487919b950 JavaThread "Incoming local TCP Connector on port 45041" [_thread_in_native, id=4131, stack(0x00007f485c300000,0x00007f485c400000)]
  0x00007f48791c5970 JavaThread "Daemon periodic checks" [_thread_blocked, id=4132, stack(0x00007f485c1ff000,0x00007f485c2ff000)]
  0x00007f481c016f30 JavaThread "Daemon" [_thread_blocked, id=4133, stack(0x00007f485c0fe000,0x00007f485c1fe000)]
  0x00007f4824002c50 JavaThread "Handler for socket connection from /127.0.0.1:45041 to /127.0.0.1:57408" [_thread_in_native, id=4134, stack(0x00007f482ef00000,0x00007f482f000000)]
  0x00007f4824008190 JavaThread "Cancel handler" [_thread_blocked, id=4136, stack(0x00007f482edff000,0x00007f482eeff000)]
  0x00007f4824009800 JavaThread "Daemon worker" [_thread_blocked, id=4137, stack(0x00007f482ecfe000,0x00007f482edfe000)]
  0x00007f484c004f10 JavaThread "Asynchronous log dispatcher for DefaultDaemonConnection: socket connection from /127.0.0.1:45041 to /127.0.0.1:57408" [_thread_blocked, id=4140, stack(0x00007f482ebfd000,0x00007f482ecfd000)]
  0x00007f484c006540 JavaThread "Stdin handler" [_thread_blocked, id=4141, stack(0x00007f482eafc000,0x00007f482ebfc000)]
  0x00007f484c009770 JavaThread "Daemon client event forwarder" [_thread_blocked, id=4142, stack(0x00007f482e9fb000,0x00007f482eafb000)]
  0x00007f484c18f640 JavaThread "Cache worker for journal cache (/root/.gradle/caches/journal-1)" [_thread_blocked, id=4147, stack(0x00007f482e8fa000,0x00007f482e9fa000)]
  0x00007f484c219470 JavaThread "File lock request listener" [_thread_in_native, id=4148, stack(0x00007f482e415000,0x00007f482e515000)]
  0x00007f484c2c06e0 JavaThread "Cache worker for file hash cache (/root/.gradle/caches/8.6/fileHashes)" [_thread_blocked, id=4149, stack(0x00007f482e7f9000,0x00007f482e8f9000)]
  0x00007f484c57fd60 JavaThread "Cache worker for checksums cache (/workspace/.gradle/8.6/checksums)" [_thread_blocked, id=4157, stack(0x00007f482e6f8000,0x00007f482e7f8000)]
  0x00007f484c592670 JavaThread "Cache worker for file hash cache (/workspace/.gradle/8.6/fileHashes)" [_thread_blocked, id=4158, stack(0x00007f482e5f7000,0x00007f482e6f7000)]
  0x00007f484c59bd10 JavaThread "Cache worker for cache directory md-supplier (/root/.gradle/caches/8.6/md-supplier)" [_thread_blocked, id=4159, stack(0x00007f482e314000,0x00007f482e414000)]
  0x00007f484c5a5110 JavaThread "Cache worker for cache directory md-rule (/root/.gradle/caches/8.6/md-rule)" [_thread_blocked, id=4160, stack(0x00007f482e213000,0x00007f482e313000)]
  0x00007f484c5fdd80 JavaThread "Cache worker for file content cache (/root/.gradle/caches/8.6/fileContent)" [_thread_blocked, id=4162, stack(0x00007f482e112000,0x00007f482e212000)]
  0x00007f484c1a08e0 JavaThread "jar transforms" [_thread_blocked, id=4171, stack(0x00007f482e011000,0x00007f482e111000)]
  0x00007f484ca11000 JavaThread "jar transforms Thread 2" [_thread_blocked, id=4175, stack(0x00007f482df10000,0x00007f482e010000)]
  0x00007f484cd2bd90 JavaThread "Cache worker for Build Output Cleanup Cache (/workspace/.gradle/buildOutputCleanup)" [_thread_blocked, id=4183, stack(0x00007f482de0f000,0x00007f482df0f000)]
  0x00007f484ce82d70 JavaThread "Unconstrained build operations" [_thread_blocked, id=4190, stack(0x00007f482dd0e000,0x00007f482de0e000)]
  0x00007f484d697660 JavaThread "Memory manager" [_thread_blocked, id=4207, stack(0x00007f482dc0d000,0x00007f482dd0d000)]
  0x00007f484d8e12f0 JavaThread "build event listener" [_thread_blocked, id=4214, stack(0x00007f482db0c000,0x00007f482dc0c000)]
  0x00007f484e44a8c0 JavaThread "included builds" [_thread_blocked, id=4231, stack(0x00007f482da0b000,0x00007f482db0b000)]
  0x00007f485401d580 JavaThread "Execution worker" [_thread_blocked, id=4232, stack(0x00007f482d90a000,0x00007f482da0a000)]
  0x00007f4850012c90 JavaThread "Cache worker for execution history cache (/workspace/.gradle/8.6/executionHistory)" [_thread_blocked, id=4233, stack(0x00007f482d809000,0x00007f482d909000)]
  0x00007f4850052d80 JavaThread "Unconstrained build operations Thread 2" [_thread_blocked, id=4236, stack(0x00007f482d708000,0x00007f482d808000)]
  0x00007f485005ede0 JavaThread "Unconstrained build operations Thread 3" [_thread_blocked, id=4240, stack(0x00007f482d607000,0x00007f482d707000)]
  0x00007f4850071ad0 JavaThread "Unconstrained build operations Thread 4" [_thread_blocked, id=4242, stack(0x00007f482d506000,0x00007f482d606000)]
  0x00007f4854041640 JavaThread "Unconstrained build operations Thread 5" [_thread_blocked, id=4244, stack(0x00007f482d405000,0x00007f482d505000)]
  0x00007f4854042190 JavaThread "Unconstrained build operations Thread 6" [_thread_blocked, id=4245, stack(0x00007f482d304000,0x00007f482d404000)]
  0x00007f4854045530 JavaThread "Unconstrained build operations Thread 7" [_thread_blocked, id=4246, stack(0x00007f482d203000,0x00007f482d303000)]
  0x00007f485007b7b0 JavaThread "Unconstrained build operations Thread 8" [_thread_blocked, id=4248, stack(0x00007f482d102000,0x00007f482d202000)]
  0x00007f4850081920 JavaThread "Unconstrained build operations Thread 9" [_thread_blocked, id=4249, stack(0x00007f482d001000,0x00007f482d101000)]
  0x00007f485007e300 JavaThread "Unconstrained build operations Thread 10" [_thread_blocked, id=4251, stack(0x00007f482cf00000,0x00007f482d000000)]
  0x00007f485404fc70 JavaThread "Unconstrained build operations Thread 11" [_thread_blocked, id=4252, stack(0x00007f482cdff000,0x00007f482ceff000)]
  0x00007f48540535a0 JavaThread "Unconstrained build operations Thread 12" [_thread_blocked, id=4253, stack(0x00007f482ccfe000,0x00007f482cdfe000)]
  0x00007f485008d670 JavaThread "Unconstrained build operations Thread 13" [_thread_blocked, id=4255, stack(0x00007f482cbfd000,0x00007f482ccfd000)]
  0x00007f48500898e0 JavaThread "Unconstrained build operations Thread 14" [_thread_blocked, id=4257, stack(0x00007f482cafc000,0x00007f482cbfc000)]
  0x00007f4850093190 JavaThread "Unconstrained build operations Thread 15" [_thread_blocked, id=4258, stack(0x00007f482c9fb000,0x00007f482cafb000)]
  0x00007f4850095410 JavaThread "Unconstrained build operations Thread 16" [_thread_blocked, id=4259, stack(0x00007f482c8fa000,0x00007f482c9fa000)]
  0x00007f48501e2460 JavaThread "WorkerExecutor Queue" [_thread_in_native, id=4262, stack(0x00007f482c7f9000,0x00007f482c8f9000)]
  0x00007f48540566d0 JavaThread "Unconstrained build operations Thread 17" [_thread_blocked, id=4263, stack(0x00007f482c6f8000,0x00007f482c7f8000)]
  0x00007f4854059170 JavaThread "Unconstrained build operations Thread 18" [_thread_blocked, id=4265, stack(0x00007f482c5f7000,0x00007f482c6f7000)]
  0x00007f4858066000 JavaThread "RMI Scheduler(0)" daemon [_thread_blocked, id=4266, stack(0x00007f482c4f6000,0x00007f482c5f6000)]
  0x00007f48580bcd90 JavaThread "RMI RenewClean-[127.0.0.1:17352,org.jetbrains.kotlin.daemon.common.LoopbackNetworkInterface$ClientLoopbackSocketFactory@b53246]" daemon [_thread_blocked, id=4267, stack(0x00007f482c3f5000,0x00007f482c4f5000)]
  0x00007f48580becb0 JavaThread "RMI GC Daemon" daemon [_thread_blocked, id=4268, stack(0x00007f482c2f4000,0x00007f482c3f4000)]
  0x00007f48580d22c0 JavaThread "RMI TCP Accept-0" daemon [_thread_in_native, id=4270, stack(0x00007f482c1f3000,0x00007f482c2f3000)]
  0x00007f48580d3570 JavaThread "RMI Reaper" [_thread_blocked, id=4271, stack(0x00007f482c0f2000,0x00007f482c1f2000)]
  0x00007f481000cb80 JavaThread "RMI TCP Connection(idle)" daemon [_thread_blocked, id=4274, stack(0x00007f4803f00000,0x00007f4804000000)]
  0x00007f4854056f40 JavaThread "Unconstrained build operations Thread 19" [_thread_blocked, id=4275, stack(0x00007f4803dff000,0x00007f4803eff000)]
  0x00007f485405d1e0 JavaThread "Unconstrained build operations Thread 20" [_thread_blocked, id=4278, stack(0x00007f4803cfe000,0x00007f4803dfe000)]
  0x00007f48541849a0 JavaThread "WorkerExecutor Queue Thread 2" [_thread_blocked, id=4283, stack(0x00007f4803bfd000,0x00007f4803cfd000)]
  0x00007f4828109500 JavaThread "WorkerExecutor Queue Thread 3" [_thread_blocked, id=4284, stack(0x00007f4803afc000,0x00007f4803bfc000)]
  0x00007f484dadc480 JavaThread "ForkJoinPool-1-worker-1" daemon [_thread_blocked, id=4292, stack(0x00007f48039fb000,0x00007f4803afb000)]
  0x00007f484802b610 JavaThread "ForkJoinPool-1-worker-2" daemon [_thread_blocked, id=4294, stack(0x00007f48038fa000,0x00007f48039fa000)]

Other Threads:
=>0x00007f48780a6d40 VMThread "VM Thread" [stack: 0x00007f487c2ff000,0x00007f487c3ff000] [id=4107]
  0x00007f487801cb30 WatcherThread [stack: 0x00007f485cc09000,0x00007f485cd09000] [id=4119]
  0x00007f4878056d80 GCTaskThread "GC Thread#0" [stack: 0x00007f487cc2b000,0x00007f487cd2b000] [id=4101]
  0x00007f4828004990 GCTaskThread "GC Thread#1" [stack: 0x00007f485cb08000,0x00007f485cc08000] [id=4120]
  0x00007f4878060360 ConcurrentGCThread "G1 Main Marker" [stack: 0x00007f487cb2a000,0x00007f487cc2a000] [id=4102]
  0x00007f48780612d0 ConcurrentGCThread "G1 Conc#0" [stack: 0x00007f487ca29000,0x00007f487cb29000] [id=4104]
  0x00007f487807ff00 ConcurrentGCThread "G1 Refine#0" [stack: 0x00007f487c726000,0x00007f487c826000] [id=4105]
  0x00007f484803cfc0 ConcurrentGCThread "G1 Refine#1" [stack: 0x00007f48037f9000,0x00007f48038f9000] [id=4299]
  0x00007f4878080e00 ConcurrentGCThread "G1 Service" [stack: 0x00007f487c625000,0x00007f487c725000] [id=4106]

Threads with active compile tasks:
C2 CompilerThread0  70925 14198 %     4       com.android.tools.r8.dex.C::a @ 292 (981 bytes)
C1 CompilerThread0  70926 14278   !   2       java.util.concurrent.ConcurrentHashMap::merge (545 bytes)

VM state: at safepoint (normal execution)

VM Mutex/Monitor currently owned by a thread:  ([mutex/lock_event])
[0x00007f48780175b0] Threads_lock - owner thread: 0x00007f48780a6d40
[0x00007f4878017d60] Heap_lock - owner thread: 0x00007f4828109500

Heap address: 0x00000000c0000000, size: 1024 MB, Compressed Oops mode: 32-bit

CDS archive(s) mapped at: [0x00007f4833000000-0x00007f4833bca000-0x00007f4833bca000), size 12361728, SharedBaseAddress: 0x00007f4833000000, ArchiveRelocationMode: 1.
Compressed class space mapped at: 0x00007f4834000000-0x00007f4848000000, reserved size: 335544320
Narrow klass base: 0x00007f4833000000, Narrow klass shift: 0, Narrow klass range: 0x100000000

GC Precious Log:
 CPUs: 2 total, 2 available
 Memory: 2048M
 Large Page Support: Disabled
 NUMA Support: Disabled
 Compressed Oops: Enabled (32-bit)
 Heap Region Size: 1M
 Heap Min Capacity: 8M
 Heap Initial Capacity: 32M
 Heap Max Capacity: 1G
 Pre-touch: Disabled
 Parallel Workers: 2
 Concurrent Workers: 1
 Concurrent Refinement Workers: 2
 Periodic GC: Disabled

Heap:
 garbage-first heap   total 409600K, used 253364K [0x00000000c0000000, 0x0000000100000000)
  region size 1024K, 3 young (3072K), 3 survivors (3072K)
 Metaspace       used 99262K, committed 100032K, reserved 458752K
  class space    used 13888K, committed 14272K, reserved 327680K

Heap Regions: E=young(eden), S=young(survivor), O=old, HS=humongous(starts), HC=humongous(continues), CS=collection set, F=free, OA=open archive, CA=closed archive, TAMS=top-at-mark-start (previous, next)
|   0|0x00000000c0000000, 0x00000000c0100000, 0x00000000c0100000|100%| O|  |TAMS 0x00000000c0100000, 0x00000000c0100000| Untracked 
|   1|0x00000000c0100000, 0x00000000c0200000, 0x00000000c0200000|100%| O|  |TAMS 0x00000000c0200000, 0x00000000c0200000| Untracked 
|   2|0x00000000c0200000, 0x00000000c0300000, 0x00000000c0300000|100%|HS|  |TAMS 0x00000000c0300000, 0x00000000c0300000| Complete 
|   3|0x00000000c0300000, 0x00000000c0400000, 0x00000000c0400000|100%|HC|  |TAMS 0x00000000c0400000, 0x00000000c0400000| Complete 
|   4|0x00000000c0400000, 0x00000000c0500000, 0x00000000c0500000|100%|HC|  |TAMS 0x00000000c0500000, 0x00000000c0500000| Complete 
|   5|0x00000000c0500000, 0x00000000c0600000, 0x00000000c0600000|100%|HC|  |TAMS 0x00000000c0600000, 0x00000000c0600000| Complete 
|   6|0x00000000c0600000, 0x00000000c0700000, 0x00000000c0700000|100%| O|  |TAMS 0x00000000c0700000, 0x00000000c0700000| Untracked 
|   7|0x00000000c0700000, 0x00000000c0800000, 0x00000000c0800000|100%| O|  |TAMS 0x00000000c0800000, 0x00000000c0800000| Untracked 
|   8|0x00000000c0800000, 0x00000000c0900000, 0x00000000c0900000|100%| O|  |TAMS 0x00000000c0900000, 0x00000000c0900000| Untracked 
|   9|0x00000000c0900000, 0x00000000c0a00000, 0x00000000c0a00000|100%| O|  |TAMS 0x00000000c0a00000, 0x00000000c0a00000| Untracked 
|  10|0x00000000c0a00000, 0x00000000c0b00000, 0x00000000c0b00000|100%| O|  |TAMS 0x00000000c0b00000, 0x00000000c0b00000| Untracked 
|  11|0x00000000c0b00000, 0x00000000c0c00000, 0x00000000c0c00000|100%| O|  |TAMS 0x00000000c0c00000, 0x00000000c0c00000| Untracked 
|  12|0x00000000c0c00000, 0x00000000c0d00000, 0x00000000c0d00000|100%| O|  |TAMS 0x00000000c0d00000, 0x00000000c0d00000| Untracked 
|  13|0x00000000c0d00000, 0x00000000c0e00000, 0x00000000c0e00000|100%| O|  |TAMS 0x00000000c0d00000, 0x00000000c0d00000| Untracked 
|  14|0x00000000c0e00000, 0x00000000c0f00000, 0x00000000c0f00000|100%| O|  |TAMS 0x00000000c0f00000, 0x00000000c0f00000| Untracked 
|  15|0x00000000c0f00000, 0x00000000c1000000, 0x00000000c1000000|100%| O|  |TAMS 0x00000000c1000000, 0x00000000c1000000| Untracked 
|  16|0x00000000c1000000, 0x00000000c1100000, 0x00000000c1100000|100%| O|  |TAMS 0x00000000c1100000, 0x00000000c1100000| Untracked 
|  17|0x00000000c1100000, 0x00000000c1200000, 0x00000000c1200000|100%| O|  |TAMS 0x00000000c1200000, 0x00000000c1200000| Untracked 
|  18|0x00000000c1200000, 0x00000000c1300000, 0x00000000c1300000|100%| O|  |TAMS 0x00000000c1300000, 0x00000000c1300000| Untracked 
|  19|0x00000000c1300000, 0x00000000c1400000, 0x00000000c1400000|100%| O|  |TAMS 0x00000000c1400000, 0x00000000c1400000| Untracked 
|  20|0x00000000c1400000, 0x00000000c1500000, 0x00000000c1500000|100%| O|  |TAMS 0x00000000c1500000, 0x00000000c1500000| Untracked 
|  21|0x00000000c1500000, 0x00000000c1600000, 0x00000000c1600000|100%| O|  |TAMS 0x00000000c1600000, 0x00000000c1600000| Untracked 
|  22|0x00000000c1600000, 0x00000000c1700000, 0x00000000c1700000|100%| O|  |TAMS 0x00000000c1700000, 0x00000000c1700000| Untracked 
|  23|0x00000000c1700000, 0x00000000c1800000, 0x00000000c1800000|100%| O|  |TAMS 0x00000000c1800000, 0x00000000c1800000| Untracked 
|  24|0x00000000c1800000, 0x00000000c1900000, 0x00000000c1900000|100%| O|  |TAMS 0x00000000c1900000, 0x00000000c1900000| Untracked 
|  25|0x00000000c1900000, 0x00000000c1a00000, 0x00000000c1a00000|100%| O|  |TAMS 0x00000000c1a00000, 0x00000000c1a00000| Untracked 
|  26|0x00000000c1a00000, 0x00000000c1b00000, 0x00000000c1b00000|100%| O|  |TAMS 0x00000000c1b00000, 0x00000000c1b00000| Untracked 
|  27|0x00000000c1b00000, 0x00000000c1c00000, 0x00000000c1c00000|100%| O|  |TAMS 0x00000000c1c00000, 0x00000000c1c00000| Untracked 
|  28|0x00000000c1c00000, 0x00000000c1d00000, 0x00000000c1d00000|100%| O|  |TAMS 0x00000000c1d00000, 0x00000000c1d00000| Untracked 
|  29|0x00000000c1d00000, 0x00000000c1e00000, 0x00000000c1e00000|100%| O|  |TAMS 0x00000000c1e00000, 0x00000000c1e00000| Untracked 
|  30|0x00000000c1e00000, 0x00000000c1f00000, 0x00000000c1f00000|100%| O|  |TAMS 0x00000000c1f00000, 0x00000000c1f00000| Untracked 
|  31|0x00000000c1f00000, 0x00000000c2000000, 0x00000000c2000000|100%| O|  |TAMS 0x00000000c2000000, 0x00000000c2000000| Untracked 
|  32|0x00000000c2000000, 0x00000000c2100000, 0x00000000c2100000|100%| O|  |TAMS 0x00000000c2100000, 0x00000000c2100000| Untracked 
|  33|0x00000000c2100000, 0x00000000c2200000, 0x00000000c2200000|100%| O|  |TAMS 0x00000000c2200000, 0x00000000c2200000| Untracked 
|  34|0x00000000c2200000, 0x00000000c2300000, 0x00000000c2300000|100%| O|  |TAMS 0x00000000c2300000, 0x00000000c2300000| Untracked 
|  35|0x00000000c2300000, 0x00000000c2400000, 0x00000000c2400000|100%| O|  |TAMS 0x00000000c2400000, 0x00000000c2400000| Untracked 
|  36|0x00000000c2400000, 0x00000000c2500000, 0x00000000c2500000|100%| O|  |TAMS 0x00000000c2500000, 0x00000000c2500000| Untracked 
|  37|0x00000000c2500000, 0x00000000c2600000, 0x00000000c2600000|100%| O|  |TAMS 0x00000000c2600000, 0x00000000c2600000| Untracked 
|  38|0x00000000c2600000, 0x00000000c2700000, 0x00000000c2700000|100%|HS|  |TAMS 0x00000000c2700000, 0x00000000c2700000| Complete 
|  39|0x00000000c2700000, 0x00000000c2800000, 0x00000000c2800000|100%|HS|  |TAMS 0x00000000c2800000, 0x00000000c2800000| Complete 
|  40|0x00000000c2800000, 0x00000000c2900000, 0x00000000c2900000|100%|HC|  |TAMS 0x00000000c2900000, 0x00000000c2900000| Complete 
|  41|0x00000000c2900000, 0x00000000c2a00000, 0x00000000c2a00000|100%|HS|  |TAMS 0x00000000c2a00000, 0x00000000c2a00000| Complete 
|  42|0x00000000c2a00000, 0x00000000c2b00000, 0x00000000c2b00000|100%|HS|  |TAMS 0x00000000c2b00000, 0x00000000c2b00000| Complete 
|  43|0x00000000c2b00000, 0x00000000c2c00000, 0x00000000c2c00000|100%|HS|  |TAMS 0x00000000c2c00000, 0x00000000c2c00000| Complete 
|  44|0x00000000c2c00000, 0x00000000c2d00000, 0x00000000c2d00000|100%|HC|  |TAMS 0x00000000c2d00000, 0x00000000c2d00000| Complete 
|  45|0x00000000c2d00000, 0x00000000c2e00000, 0x00000000c2e00000|100%|HC|  |TAMS 0x00000000c2e00000, 0x00000000c2e00000| Complete 
|  46|0x00000000c2e00000, 0x00000000c2f00000, 0x00000000c2f00000|100%|HC|  |TAMS 0x00000000c2f00000, 0x00000000c2f00000| Complete 
|  47|0x00000000c2f00000, 0x00000000c3000000, 0x00000000c3000000|100%|HS|  |TAMS 0x00000000c3000000, 0x00000000c3000000| Complete 
|  48|0x00000000c3000000, 0x00000000c3100000, 0x00000000c3100000|100%| O|  |TAMS 0x00000000c3100000, 0x00000000c3100000| Untracked 
|  49|0x00000000c3100000, 0x00000000c3200000, 0x00000000c3200000|100%| O|  |TAMS 0x00000000c3200000, 0x00000000c3200000| Untracked 
|  50|0x00000000c3200000, 0x00000000c3300000, 0x00000000c3300000|100%| O|  |TAMS 0x00000000c3300000, 0x00000000c3300000| Untracked 
|  51|0x00000000c3300000, 0x00000000c3400000, 0x00000000c3400000|100%| O|  |TAMS 0x00000000c3400000, 0x00000000c3400000| Untracked 
|  52|0x00000000c3400000, 0x00000000c3500000, 0x00000000c3500000|100%| O|  |TAMS 0x00000000c3500000, 0x00000000c3500000| Untracked 
|  53|0x00000000c3500000, 0x00000000c3600000, 0x00000000c3600000|100%| O|  |TAMS 0x00000000c3600000, 0x00000000c3600000| Untracked 
|  54|0x00000000c3600000, 0x00000000c3700000, 0x00000000c3700000|100%| O|  |TAMS 0x00000000c3700000, 0x00000000c3700000| Untracked 
|  55|0x00000000c3700000, 0x00000000c3800000, 0x00000000c3800000|100%| O|  |TAMS 0x00000000c3800000, 0x00000000c3800000| Untracked 
|  56|0x00000000c3800000, 0x00000000c3900000, 0x00000000c3900000|100%|HS|  |TAMS 0x00000000c3900000, 0x00000000c3900000| Complete 
|  57|0x00000000c3900000, 0x00000000c3a00000, 0x00000000c3a00000|100%| O|  |TAMS 0x00000000c3a00000, 0x00000000c3a00000| Untracked 
|  58|0x00000000c3a00000, 0x00000000c3b00000, 0x00000000c3b00000|100%| O|  |TAMS 0x00000000c3b00000, 0x00000000c3b00000| Untracked 
|  59|0x00000000c3b00000, 0x00000000c3c00000, 0x00000000c3c00000|100%| O|  |TAMS 0x00000000c3c00000, 0x00000000c3c00000| Untracked 
|  60|0x00000000c3c00000, 0x00000000c3d00000, 0x00000000c3d00000|100%|HS|  |TAMS 0x00000000c3d00000, 0x00000000c3d00000| Complete 
|  61|0x00000000c3d00000, 0x00000000c3e00000, 0x00000000c3e00000|100%|HC|  |TAMS 0x00000000c3e00000, 0x00000000c3e00000| Complete 
|  62|0x00000000c3e00000, 0x00000000c3f00000, 0x00000000c3f00000|100%| O|  |TAMS 0x00000000c3f00000, 0x00000000c3f00000| Untracked 
|  63|0x00000000c3f00000, 0x00000000c4000000, 0x00000000c4000000|100%| O|  |TAMS 0x00000000c4000000, 0x00000000c4000000| Untracked 
|  64|0x00000000c4000000, 0x00000000c4100000, 0x00000000c4100000|100%| O|  |TAMS 0x00000000c4100000, 0x00000000c4100000| Untracked 
|  65|0x00000000c4100000, 0x00000000c4200000, 0x00000000c4200000|100%| O|  |TAMS 0x00000000c4200000, 0x00000000c4200000| Untracked 
|  66|0x00000000c4200000, 0x00000000c4300000, 0x00000000c4300000|100%| O|  |TAMS 0x00000000c4300000, 0x00000000c4300000| Untracked 
|  67|0x00000000c4300000, 0x00000000c4400000, 0x00000000c4400000|100%| O|  |TAMS 0x00000000c4400000, 0x00000000c4400000| Untracked 
|  68|0x00000000c4400000, 0x00000000c4500000, 0x00000000c4500000|100%| O|  |TAMS 0x00000000c4500000, 0x00000000c4500000| Untracked 
|  69|0x00000000c4500000, 0x00000000c4600000, 0x00000000c4600000|100%| O|  |TAMS 0x00000000c4600000, 0x00000000c4600000| Untracked 
|  70|0x00000000c4600000, 0x00000000c4700000, 0x00000000c4700000|100%|HS|  |TAMS 0x00000000c4700000, 0x00000000c4700000| Complete 
|  71|0x00000000c4700000, 0x00000000c4800000, 0x00000000c4800000|100%|HC|  |TAMS 0x00000000c4800000, 0x00000000c4800000| Complete 
|  72|0x00000000c4800000, 0x00000000c4900000, 0x00000000c4900000|100%|HC|  |TAMS 0x00000000c4900000, 0x00000000c4900000| Complete 
|  73|0x00000000c4900000, 0x00000000c4a00000, 0x00000000c4a00000|100%|HC|  |TAMS 0x00000000c4a00000, 0x00000000c4a00000| Complete 
|  74|0x00000000c4a00000, 0x00000000c4b00000, 0x00000000c4b00000|100%| O|  |TAMS 0x00000000c4b00000, 0x00000000c4b00000| Untracked 
|  75|0x00000000c4b00000, 0x00000000c4c00000, 0x00000000c4c00000|100%| O|  |TAMS 0x00000000c4c00000, 0x00000000c4c00000| Untracked 
|  76|0x00000000c4c00000, 0x00000000c4d00000, 0x00000000c4d00000|100%| O|  |TAMS 0x00000000c4d00000, 0x00000000c4d00000| Untracked 
|  77|0x00000000c4d00000, 0x00000000c4e00000, 0x00000000c4e00000|100%| O|  |TAMS 0x00000000c4e00000, 0x00000000c4e00000| Untracked 
|  78|0x00000000c4e00000, 0x00000000c4f00000, 0x00000000c4f00000|100%| O|  |TAMS 0x00000000c4f00000, 0x00000000c4f00000| Untracked 
|  79|0x00000000c4f00000, 0x00000000c5000000, 0x00000000c5000000|100%| O|  |TAMS 0x00000000c5000000, 0x00000000c5000000| Untracked 
|  80|0x00000000c5000000, 0x00000000c5100000, 0x00000000c5100000|100%| O|  |TAMS 0x00000000c5100000, 0x00000000c5100000| Untracked 
|  81|0x00000000c5100000, 0x00000000c5200000, 0x00000000c5200000|100%| O|  |TAMS 0x00000000c5200000, 0x00000000c5200000| Untracked 
|  82|0x00000000c5200000, 0x00000000c5300000, 0x00000000c5300000|100%| O|  |TAMS 0x00000000c5299e00, 0x00000000c5300000| Untracked 
|  83|0x00000000c5300000, 0x00000000c5400000, 0x00000000c5400000|100%| O|  |TAMS 0x00000000c5300000, 0x00000000c5400000| Untracked 
|  84|0x00000000c5400000, 0x00000000c5500000, 0x00000000c5500000|100%| O|  |TAMS 0x00000000c5400000, 0x00000000c5500000| Untracked 
|  85|0x00000000c5500000, 0x00000000c5600000, 0x00000000c5600000|100%| O|  |TAMS 0x00000000c5500000, 0x00000000c5600000| Untracked 
|  86|0x00000000c5600000, 0x00000000c5700000, 0x00000000c5700000|100%|HS|  |TAMS 0x00000000c5600000, 0x00000000c5700000| Complete 
|  87|0x00000000c5700000, 0x00000000c5800000, 0x00000000c5800000|100%|HC|  |TAMS 0x00000000c5700000, 0x00000000c5800000| Complete 
|  88|0x00000000c5800000, 0x00000000c5900000, 0x00000000c5900000|100%|HS|  |TAMS 0x00000000c5900000, 0x00000000c5900000| Complete 
|  89|0x00000000c5900000, 0x00000000c5a00000, 0x00000000c5a00000|100%|HC|  |TAMS 0x00000000c5a00000, 0x00000000c5a00000| Complete 
|  90|0x00000000c5a00000, 0x00000000c5b00000, 0x00000000c5b00000|100%|HS|  |TAMS 0x00000000c5b00000, 0x00000000c5b00000| Complete 
|  91|0x00000000c5b00000, 0x00000000c5c00000, 0x00000000c5c00000|100%|HS|  |TAMS 0x00000000c5c00000, 0x00000000c5c00000| Complete 
|  92|0x00000000c5c00000, 0x00000000c5d00000, 0x00000000c5d00000|100%|HS|  |TAMS 0x00000000c5d00000, 0x00000000c5d00000| Complete 
|  93|0x00000000c5d00000, 0x00000000c5e00000, 0x00000000c5e00000|100%|HC|  |TAMS 0x00000000c5e00000, 0x00000000c5e00000| Complete 
|  94|0x00000000c5e00000, 0x00000000c5f00000, 0x00000000c5f00000|100%|HS|  |TAMS 0x00000000c5f00000, 0x00000000c5f00000| Complete 
|  95|0x00000000c5f00000, 0x00000000c6000000, 0x00000000c6000000|100%|HS|  |TAMS 0x00000000c6000000, 0x00000000c6000000| Complete 
|  96|0x00000000c6000000, 0x00000000c6100000, 0x00000000c6100000|100%|HC|  |TAMS 0x00000000c6100000, 0x00000000c6100000| Complete 
|  97|0x00000000c6100000, 0x00000000c6200000, 0x00000000c6200000|100%|HS|  |TAMS 0x00000000c6200000, 0x00000000c6200000| Complete 
|  98|0x00000000c6200000, 0x00000000c6300000, 0x00000000c6300000|100%|HC|  |TAMS 0x00000000c6300000, 0x00000000c6300000| Complete 
|  99|0x00000000c6300000, 0x00000000c6400000, 0x00000000c6400000|100%|HS|  |TAMS 0x00000000c6400000, 0x00000000c6400000| Complete 
| 100|0x00000000c6400000, 0x00000000c6500000, 0x00000000c6500000|100%|HC|  |TAMS 0x00000000c6500000, 0x00000000c6500000| Complete 
| 101|0x00000000c6500000, 0x00000000c6600000, 0x00000000c6600000|100%|HC|  |TAMS 0x00000000c6600000, 0x00000000c6600000| Complete 
| 102|0x00000000c6600000, 0x00000000c6700000, 0x00000000c6700000|100%| O|  |TAMS 0x00000000c6600000, 0x00000000c6700000| Untracked 
| 103|0x00000000c6700000, 0x00000000c6800000, 0x00000000c6800000|100%| O|  |TAMS 0x00000000c6700000, 0x00000000c6800000| Untracked 
| 104|0x00000000c6800000, 0x00000000c6900000, 0x00000000c6900000|100%| O|  |TAMS 0x00000000c6800000, 0x00000000c6900000| Untracked 
| 105|0x00000000c6900000, 0x00000000c6a00000, 0x00000000c6a00000|100%| O|  |TAMS 0x00000000c6900000, 0x00000000c6a00000| Untracked 
| 106|0x00000000c6a00000, 0x00000000c6b00000, 0x00000000c6b00000|100%| O|  |TAMS 0x00000000c6a00000, 0x00000000c6b00000| Untracked 
| 107|0x00000000c6b00000, 0x00000000c6c00000, 0x00000000c6c00000|100%| O|  |TAMS 0x00000000c6b00000, 0x00000000c6c00000| Untracked 
| 108|0x00000000c6c00000, 0x00000000c6d00000, 0x00000000c6d00000|100%| O|  |TAMS 0x00000000c6c00000, 0x00000000c6d00000| Untracked 
| 109|0x00000000c6d00000, 0x00000000c6e00000, 0x00000000c6e00000|100%| O|  |TAMS 0x00000000c6d00000, 0x00000000c6e00000| Untracked 
| 110|0x00000000c6e00000, 0x00000000c6f00000, 0x00000000c6f00000|100%| O|  |TAMS 0x00000000c6e00000, 0x00000000c6f00000| Untracked 
| 111|0x00000000c6f00000, 0x00000000c7000000, 0x00000000c7000000|100%| O|  |TAMS 0x00000000c6f00000, 0x00000000c7000000| Untracked 
| 112|0x00000000c7000000, 0x00000000c7100000, 0x00000000c7100000|100%| O|  |TAMS 0x00000000c7000000, 0x00000000c7100000| Untracked 
| 113|0x00000000c7100000, 0x00000000c7200000, 0x00000000c7200000|100%| O|  |TAMS 0x00000000c7100000, 0x00000000c7200000| Untracked 
| 114|0x00000000c7200000, 0x00000000c7300000, 0x00000000c7300000|100%| O|  |TAMS 0x00000000c7200000, 0x00000000c7300000| Untracked 
| 115|0x00000000c7300000, 0x00000000c7400000, 0x00000000c7400000|100%| O|  |TAMS 0x00000000c7300000, 0x00000000c7400000| Untracked 
| 116|0x00000000c7400000, 0x00000000c7500000, 0x00000000c7500000|100%|HS|  |TAMS 0x00000000c7400000, 0x00000000c7500000| Complete 
| 117|0x00000000c7500000, 0x00000000c7600000, 0x00000000c7600000|100%| O|  |TAMS 0x00000000c7500000, 0x00000000c7600000| Untracked 
| 118|0x00000000c7600000, 0x00000000c7700000, 0x00000000c7700000|100%|HS|  |TAMS 0x00000000c7600000, 0x00000000c7700000| Complete 
| 119|0x00000000c7700000, 0x00000000c7800000, 0x00000000c7800000|100%| O|  |TAMS 0x00000000c7700000, 0x00000000c7800000| Untracked 
| 120|0x00000000c7800000, 0x00000000c7900000, 0x00000000c7900000|100%| O|  |TAMS 0x00000000c7800000, 0x00000000c7900000| Untracked 
| 121|0x00000000c7900000, 0x00000000c7a00000, 0x00000000c7a00000|100%| O|  |TAMS 0x00000000c7900000, 0x00000000c7a00000| Untracked 
| 122|0x00000000c7a00000, 0x00000000c7b00000, 0x00000000c7b00000|100%|HS|  |TAMS 0x00000000c7a00000, 0x00000000c7b00000| Complete 
| 123|0x00000000c7b00000, 0x00000000c7c00000, 0x00000000c7c00000|100%|HC|  |TAMS 0x00000000c7b00000, 0x00000000c7c00000| Complete 
| 124|0x00000000c7c00000, 0x00000000c7d00000, 0x00000000c7d00000|100%| O|  |TAMS 0x00000000c7c00000, 0x00000000c7d00000| Untracked 
| 125|0x00000000c7d00000, 0x00000000c7e00000, 0x00000000c7e00000|100%|HS|  |TAMS 0x00000000c7d00000, 0x00000000c7e00000| Complete 
| 126|0x00000000c7e00000, 0x00000000c7f00000, 0x00000000c7f00000|100%| O|  |TAMS 0x00000000c7e00000, 0x00000000c7f00000| Untracked 
| 127|0x00000000c7f00000, 0x00000000c8000000, 0x00000000c8000000|100%| O|  |TAMS 0x00000000c7f00000, 0x00000000c8000000| Untracked 
| 128|0x00000000c8000000, 0x00000000c8100000, 0x00000000c8100000|100%| O|  |TAMS 0x00000000c8000000, 0x00000000c8100000| Untracked 
| 129|0x00000000c8100000, 0x00000000c8200000, 0x00000000c8200000|100%|HS|  |TAMS 0x00000000c8100000, 0x00000000c8200000| Complete 
| 130|0x00000000c8200000, 0x00000000c8300000, 0x00000000c8300000|100%|HC|  |TAMS 0x00000000c8200000, 0x00000000c8300000| Complete 
| 131|0x00000000c8300000, 0x00000000c8400000, 0x00000000c8400000|100%| O|  |TAMS 0x00000000c8300000, 0x00000000c8400000| Untracked 
| 132|0x00000000c8400000, 0x00000000c8500000, 0x00000000c8500000|100%| O|  |TAMS 0x00000000c8400000, 0x00000000c8500000| Untracked 
| 133|0x00000000c8500000, 0x00000000c8600000, 0x00000000c8600000|100%| O|  |TAMS 0x00000000c8500000, 0x00000000c8600000| Untracked 
| 134|0x00000000c8600000, 0x00000000c8700000, 0x00000000c8700000|100%|HS|  |TAMS 0x00000000c8600000, 0x00000000c8700000| Complete 
| 135|0x00000000c8700000, 0x00000000c8800000, 0x00000000c8800000|100%|HC|  |TAMS 0x00000000c8700000, 0x00000000c8800000| Complete 
| 136|0x00000000c8800000, 0x00000000c8900000, 0x00000000c8900000|100%| O|  |TAMS 0x00000000c8800000, 0x00000000c8900000| Untracked 
| 137|0x00000000c8900000, 0x00000000c8a00000, 0x00000000c8a00000|100%| O|  |TAMS 0x00000000c8900000, 0x00000000c8a00000| Untracked 
| 138|0x00000000c8a00000, 0x00000000c8b00000, 0x00000000c8b00000|100%| O|  |TAMS 0x00000000c8a00000, 0x00000000c8b00000| Untracked 
| 139|0x00000000c8b00000, 0x00000000c8c00000, 0x00000000c8c00000|100%| O|  |TAMS 0x00000000c8b00000, 0x00000000c8c00000| Untracked 
| 140|0x00000000c8c00000, 0x00000000c8d00000, 0x00000000c8d00000|100%| O|  |TAMS 0x00000000c8c00000, 0x00000000c8d00000| Untracked 
| 141|0x00000000c8d00000, 0x00000000c8e00000, 0x00000000c8e00000|100%| O|  |TAMS 0x00000000c8d00000, 0x00000000c8e00000| Untracked 
| 142|0x00000000c8e00000, 0x00000000c8f00000, 0x00000000c8f00000|100%|HS|  |TAMS 0x00000000c8e00000, 0x00000000c8f00000| Complete 
| 143|0x00000000c8f00000, 0x00000000c9000000, 0x00000000c9000000|100%|HC|  |TAMS 0x00000000c8f00000, 0x00000000c9000000| Complete 
| 144|0x00000000c9000000, 0x00000000c9100000, 0x00000000c9100000|100%|HC|  |TAMS 0x00000000c9000000, 0x00000000c9100000| Complete 
| 145|0x00000000c9100000, 0x00000000c9200000, 0x00000000c9200000|100%|HS|  |TAMS 0x00000000c9100000, 0x00000000c9200000| Complete 
| 146|0x00000000c9200000, 0x00000000c9300000, 0x00000000c9300000|100%|HS|  |TAMS 0x00000000c9200000, 0x00000000c9300000| Complete 
| 147|0x00000000c9300000, 0x00000000c9400000, 0x00000000c9400000|100%| O|  |TAMS 0x00000000c9300000, 0x00000000c9400000| Untracked 
| 148|0x00000000c9400000, 0x00000000c9500000, 0x00000000c9500000|100%| O|  |TAMS 0x00000000c9400000, 0x00000000c9500000| Untracked 
| 149|0x00000000c9500000, 0x00000000c9600000, 0x00000000c9600000|100%| O|  |TAMS 0x00000000c9500000, 0x00000000c9600000| Untracked 
| 150|0x00000000c9600000, 0x00000000c9700000, 0x00000000c9700000|100%| O|  |TAMS 0x00000000c9600000, 0x00000000c9700000| Untracked 
| 151|0x00000000c9700000, 0x00000000c9800000, 0x00000000c9800000|100%| O|  |TAMS 0x00000000c9700000, 0x00000000c9800000| Untracked 
| 152|0x00000000c9800000, 0x00000000c9900000, 0x00000000c9900000|100%| O|  |TAMS 0x00000000c9800000, 0x00000000c9900000| Untracked 
| 153|0x00000000c9900000, 0x00000000c9a00000, 0x00000000c9a00000|100%| O|  |TAMS 0x00000000c9900000, 0x00000000c9a00000| Untracked 
| 154|0x00000000c9a00000, 0x00000000c9b00000, 0x00000000c9b00000|100%| O|  |TAMS 0x00000000c9a00000, 0x00000000c9b00000| Untracked 
| 155|0x00000000c9b00000, 0x00000000c9c00000, 0x00000000c9c00000|100%| O|  |TAMS 0x00000000c9b00000, 0x00000000c9c00000| Untracked 
| 156|0x00000000c9c00000, 0x00000000c9d00000, 0x00000000c9d00000|100%| O|  |TAMS 0x00000000c9c00000, 0x00000000c9d00000| Untracked 
| 157|0x00000000c9d00000, 0x00000000c9e00000, 0x00000000c9e00000|100%| O|  |TAMS 0x00000000c9d00000, 0x00000000c9e00000| Untracked 
| 158|0x00000000c9e00000, 0x00000000c9f00000, 0x00000000c9f00000|100%| O|  |TAMS 0x00000000c9e00000, 0x00000000c9f00000| Untracked 
| 159|0x00000000c9f00000, 0x00000000ca000000, 0x00000000ca000000|100%| O|  |TAMS 0x00000000c9f00000, 0x00000000ca000000| Untracked 
| 160|0x00000000ca000000, 0x00000000ca100000, 0x00000000ca100000|100%| O|  |TAMS 0x00000000ca000000, 0x00000000ca100000| Untracked 
| 161|0x00000000ca100000, 0x00000000ca200000, 0x00000000ca200000|100%| O|  |TAMS 0x00000000ca100000, 0x00000000ca200000| Untracked 
| 162|0x00000000ca200000, 0x00000000ca300000, 0x00000000ca300000|100%| O|  |TAMS 0x00000000ca200000, 0x00000000ca300000| Untracked 
| 163|0x00000000ca300000, 0x00000000ca400000, 0x00000000ca400000|100%| O|  |TAMS 0x00000000ca300000, 0x00000000ca300000| Untracked 
| 164|0x00000000ca400000, 0x00000000ca500000, 0x00000000ca500000|100%| O|  |TAMS 0x00000000ca400000, 0x00000000ca400000| Untracked 
| 165|0x00000000ca500000, 0x00000000ca600000, 0x00000000ca600000|100%| O|  |TAMS 0x00000000ca500000, 0x00000000ca500000| Untracked 
| 166|0x00000000ca600000, 0x00000000ca700000, 0x00000000ca700000|100%| O|  |TAMS 0x00000000ca600000, 0x00000000ca600000| Untracked 
| 167|0x00000000ca700000, 0x00000000ca800000, 0x00000000ca800000|100%| O|  |TAMS 0x00000000ca700000, 0x00000000ca700000| Untracked 
| 168|0x00000000ca800000, 0x00000000ca900000, 0x00000000ca900000|100%| O|  |TAMS 0x00000000ca800000, 0x00000000ca800000| Untracked 
| 169|0x00000000ca900000, 0x00000000caa00000, 0x00000000caa00000|100%| O|  |TAMS 0x00000000ca900000, 0x00000000ca900000| Untracked 
| 170|0x00000000caa00000, 0x00000000cab00000, 0x00000000cab00000|100%| O|  |TAMS 0x00000000caa00000, 0x00000000caa00000| Untracked 
| 171|0x00000000cab00000, 0x00000000cac00000, 0x00000000cac00000|100%| O|  |TAMS 0x00000000cab00000, 0x00000000cab00000| Untracked 
| 172|0x00000000cac00000, 0x00000000cad00000, 0x00000000cad00000|100%| O|  |TAMS 0x00000000cac00000, 0x00000000cac00000| Untracked 
| 173|0x00000000cad00000, 0x00000000cae00000, 0x00000000cae00000|100%| O|  |TAMS 0x00000000cad00000, 0x00000000cad00000| Untracked 
| 174|0x00000000cae00000, 0x00000000caf00000, 0x00000000caf00000|100%| O|  |TAMS 0x00000000cae00000, 0x00000000cae00000| Untracked 
| 175|0x00000000caf00000, 0x00000000cb000000, 0x00000000cb000000|100%| O|  |TAMS 0x00000000caf00000, 0x00000000caf00000| Untracked 
| 176|0x00000000cb000000, 0x00000000cb100000, 0x00000000cb100000|100%| O|  |TAMS 0x00000000cb000000, 0x00000000cb000000| Untracked 
| 177|0x00000000cb100000, 0x00000000cb200000, 0x00000000cb200000|100%| O|  |TAMS 0x00000000cb100000, 0x00000000cb100000| Untracked 
| 178|0x00000000cb200000, 0x00000000cb300000, 0x00000000cb300000|100%| O|  |TAMS 0x00000000cb200000, 0x00000000cb200000| Untracked 
| 179|0x00000000cb300000, 0x00000000cb400000, 0x00000000cb400000|100%| O|  |TAMS 0x00000000cb300000, 0x00000000cb300000| Untracked 
| 180|0x00000000cb400000, 0x00000000cb500000, 0x00000000cb500000|100%| O|  |TAMS 0x00000000cb400000, 0x00000000cb400000| Untracked 
| 181|0x00000000cb500000, 0x00000000cb600000, 0x00000000cb600000|100%| O|  |TAMS 0x00000000cb500000, 0x00000000cb500000| Untracked 
| 182|0x00000000cb600000, 0x00000000cb700000, 0x00000000cb700000|100%| O|  |TAMS 0x00000000cb600000, 0x00000000cb600000| Untracked 
| 183|0x00000000cb700000, 0x00000000cb800000, 0x00000000cb800000|100%| O|  |TAMS 0x00000000cb700000, 0x00000000cb700000| Untracked 
| 184|0x00000000cb800000, 0x00000000cb900000, 0x00000000cb900000|100%| O|  |TAMS 0x00000000cb800000, 0x00000000cb800000| Untracked 
| 185|0x00000000cb900000, 0x00000000cba00000, 0x00000000cba00000|100%| O|  |TAMS 0x00000000cb900000, 0x00000000cb900000| Untracked 
| 186|0x00000000cba00000, 0x00000000cbb00000, 0x00000000cbb00000|100%| O|  |TAMS 0x00000000cba00000, 0x00000000cbb00000| Untracked 
| 187|0x00000000cbb00000, 0x00000000cbc00000, 0x00000000cbc00000|100%| O|  |TAMS 0x00000000cbb00000, 0x00000000cbc00000| Untracked 
| 188|0x00000000cbc00000, 0x00000000cbd00000, 0x00000000cbd00000|100%| O|  |TAMS 0x00000000cbc00000, 0x00000000cbd00000| Untracked 
| 189|0x00000000cbd00000, 0x00000000cbe00000, 0x00000000cbe00000|100%| O|  |TAMS 0x00000000cbd00000, 0x00000000cbd20200| Untracked 
| 190|0x00000000cbe00000, 0x00000000cbf00000, 0x00000000cbf00000|100%| O|  |TAMS 0x00000000cbe00000, 0x00000000cbe00000| Untracked 
| 191|0x00000000cbf00000, 0x00000000cc000000, 0x00000000cc000000|100%| O|  |TAMS 0x00000000cbf00000, 0x00000000cbf00000| Untracked 
| 192|0x00000000cc000000, 0x00000000cc100000, 0x00000000cc100000|100%| O|  |TAMS 0x00000000cc000000, 0x00000000cc000000| Untracked 
| 193|0x00000000cc100000, 0x00000000cc200000, 0x00000000cc200000|100%| O|  |TAMS 0x00000000cc100000, 0x00000000cc100000| Untracked 
| 194|0x00000000cc200000, 0x00000000cc300000, 0x00000000cc300000|100%| O|  |TAMS 0x00000000cc200000, 0x00000000cc200000| Untracked 
| 195|0x00000000cc300000, 0x00000000cc400000, 0x00000000cc400000|100%| O|  |TAMS 0x00000000cc300000, 0x00000000cc300000| Untracked 
| 196|0x00000000cc400000, 0x00000000cc500000, 0x00000000cc500000|100%| O|  |TAMS 0x00000000cc400000, 0x00000000cc400000| Untracked 
| 197|0x00000000cc500000, 0x00000000cc600000, 0x00000000cc600000|100%| O|  |TAMS 0x00000000cc500000, 0x00000000cc500000| Untracked 
| 198|0x00000000cc600000, 0x00000000cc700000, 0x00000000cc700000|100%| O|  |TAMS 0x00000000cc600000, 0x00000000cc600000| Untracked 
| 199|0x00000000cc700000, 0x00000000cc800000, 0x00000000cc800000|100%| O|  |TAMS 0x00000000cc700000, 0x00000000cc700000| Untracked 
| 200|0x00000000cc800000, 0x00000000cc900000, 0x00000000cc900000|100%| O|  |TAMS 0x00000000cc800000, 0x00000000cc800000| Untracked 
| 201|0x00000000cc900000, 0x00000000cca00000, 0x00000000cca00000|100%| O|  |TAMS 0x00000000cc900000, 0x00000000cc900000| Untracked 
| 202|0x00000000cca00000, 0x00000000ccb00000, 0x00000000ccb00000|100%| O|  |TAMS 0x00000000cca00000, 0x00000000cca00000| Untracked 
| 203|0x00000000ccb00000, 0x00000000ccc00000, 0x00000000ccc00000|100%| O|  |TAMS 0x00000000ccb00000, 0x00000000ccb00000| Untracked 
| 204|0x00000000ccc00000, 0x00000000ccd00000, 0x00000000ccd00000|100%| O|  |TAMS 0x00000000ccc00000, 0x00000000ccc00000| Untracked 
| 205|0x00000000ccd00000, 0x00000000cce00000, 0x00000000cce00000|100%| O|  |TAMS 0x00000000ccd00000, 0x00000000ccd00000| Untracked 
| 206|0x00000000cce00000, 0x00000000ccf00000, 0x00000000ccf00000|100%| O|  |TAMS 0x00000000cce00000, 0x00000000cce00000| Untracked 
| 207|0x00000000ccf00000, 0x00000000cd000000, 0x00000000cd000000|100%| O|  |TAMS 0x00000000ccf00000, 0x00000000ccf00000| Untracked 
| 208|0x00000000cd000000, 0x00000000cd100000, 0x00000000cd100000|100%| O|  |TAMS 0x00000000cd000000, 0x00000000cd000000| Untracked 
| 209|0x00000000cd100000, 0x00000000cd200000, 0x00000000cd200000|100%| O|  |TAMS 0x00000000cd100000, 0x00000000cd100000| Untracked 
| 210|0x00000000cd200000, 0x00000000cd280000, 0x00000000cd300000| 50%| O|  |TAMS 0x00000000cd200000, 0x00000000cd200000| Untracked 
| 211|0x00000000cd300000, 0x00000000cd300000, 0x00000000cd400000|  0%| F|  |TAMS 0x00000000cd300000, 0x00000000cd300000| Untracked 
| 212|0x00000000cd400000, 0x00000000cd400000, 0x00000000cd500000|  0%| F|  |TAMS 0x00000000cd400000, 0x00000000cd400000| Untracked 
| 213|0x00000000cd500000, 0x00000000cd500000, 0x00000000cd600000|  0%| F|  |TAMS 0x00000000cd500000, 0x00000000cd500000| Untracked 
| 214|0x00000000cd600000, 0x00000000cd600000, 0x00000000cd700000|  0%| F|  |TAMS 0x00000000cd600000, 0x00000000cd600000| Untracked 
| 215|0x00000000cd700000, 0x00000000cd700000, 0x00000000cd800000|  0%| F|  |TAMS 0x00000000cd700000, 0x00000000cd700000| Untracked 
| 216|0x00000000cd800000, 0x00000000cd800000, 0x00000000cd900000|  0%| F|  |TAMS 0x00000000cd800000, 0x00000000cd800000| Untracked 
| 217|0x00000000cd900000, 0x00000000cd900000, 0x00000000cda00000|  0%| F|  |TAMS 0x00000000cd900000, 0x00000000cd900000| Untracked 
| 218|0x00000000cda00000, 0x00000000cda00000, 0x00000000cdb00000|  0%| F|  |TAMS 0x00000000cda00000, 0x00000000cda00000| Untracked 
| 219|0x00000000cdb00000, 0x00000000cdb00000, 0x00000000cdc00000|  0%| F|  |TAMS 0x00000000cdb00000, 0x00000000cdb00000| Untracked 
| 220|0x00000000cdc00000, 0x00000000cdc00000, 0x00000000cdd00000|  0%| F|  |TAMS 0x00000000cdc00000, 0x00000000cdc00000| Untracked 
| 221|0x00000000cdd00000, 0x00000000cdd00000, 0x00000000cde00000|  0%| F|  |TAMS 0x00000000cdd00000, 0x00000000cdd00000| Untracked 
| 222|0x00000000cde00000, 0x00000000cde00000, 0x00000000cdf00000|  0%| F|  |TAMS 0x00000000cde00000, 0x00000000cde00000| Untracked 
| 223|0x00000000cdf00000, 0x00000000cdf00000, 0x00000000ce000000|  0%| F|  |TAMS 0x00000000cdf00000, 0x00000000cdf00000| Untracked 
| 224|0x00000000ce000000, 0x00000000ce000000, 0x00000000ce100000|  0%| F|  |TAMS 0x00000000ce000000, 0x00000000ce000000| Untracked 
| 225|0x00000000ce100000, 0x00000000ce100000, 0x00000000ce200000|  0%| F|  |TAMS 0x00000000ce100000, 0x00000000ce100000| Untracked 
| 226|0x00000000ce200000, 0x00000000ce200000, 0x00000000ce300000|  0%| F|  |TAMS 0x00000000ce200000, 0x00000000ce200000| Untracked 
| 227|0x00000000ce300000, 0x00000000ce300000, 0x00000000ce400000|  0%| F|  |TAMS 0x00000000ce300000, 0x00000000ce300000| Untracked 
| 228|0x00000000ce400000, 0x00000000ce400000, 0x00000000ce500000|  0%| F|  |TAMS 0x00000000ce400000, 0x00000000ce400000| Untracked 
| 229|0x00000000ce500000, 0x00000000ce500000, 0x00000000ce600000|  0%| F|  |TAMS 0x00000000ce500000, 0x00000000ce500000| Untracked 
| 230|0x00000000ce600000, 0x00000000ce600000, 0x00000000ce700000|  0%| F|  |TAMS 0x00000000ce600000, 0x00000000ce600000| Untracked 
| 231|0x00000000ce700000, 0x00000000ce700000, 0x00000000ce800000|  0%| F|  |TAMS 0x00000000ce700000, 0x00000000ce700000| Untracked 
| 232|0x00000000ce800000, 0x00000000ce800000, 0x00000000ce900000|  0%| F|  |TAMS 0x00000000ce800000, 0x00000000ce800000| Untracked 
| 233|0x00000000ce900000, 0x00000000ce900000, 0x00000000cea00000|  0%| F|  |TAMS 0x00000000ce900000, 0x00000000ce900000| Untracked 
| 234|0x00000000cea00000, 0x00000000cea00000, 0x00000000ceb00000|  0%| F|  |TAMS 0x00000000cea00000, 0x00000000cea00000| Untracked 
| 235|0x00000000ceb00000, 0x00000000ceb00000, 0x00000000cec00000|  0%| F|  |TAMS 0x00000000ceb00000, 0x00000000ceb00000| Untracked 
| 236|0x00000000cec00000, 0x00000000cec00000, 0x00000000ced00000|  0%| F|  |TAMS 0x00000000cec00000, 0x00000000cec00000| Untracked 
| 237|0x00000000ced00000, 0x00000000ced00000, 0x00000000cee00000|  0%| F|  |TAMS 0x00000000ced00000, 0x00000000ced00000| Untracked 
| 238|0x00000000cee00000, 0x00000000cee00000, 0x00000000cef00000|  0%| F|  |TAMS 0x00000000cee00000, 0x00000000cee00000| Untracked 
| 239|0x00000000cef00000, 0x00000000cef00000, 0x00000000cf000000|  0%| F|  |TAMS 0x00000000cef00000, 0x00000000cef00000| Untracked 
| 240|0x00000000cf000000, 0x00000000cf000000, 0x00000000cf100000|  0%| F|  |TAMS 0x00000000cf000000, 0x00000000cf000000| Untracked 
| 241|0x00000000cf100000, 0x00000000cf100000, 0x00000000cf200000|  0%| F|  |TAMS 0x00000000cf100000, 0x00000000cf100000| Untracked 
| 242|0x00000000cf200000, 0x00000000cf200000, 0x00000000cf300000|  0%| F|  |TAMS 0x00000000cf200000, 0x00000000cf200000| Untracked 
| 243|0x00000000cf300000, 0x00000000cf300000, 0x00000000cf400000|  0%| F|  |TAMS 0x00000000cf300000, 0x00000000cf300000| Untracked 
| 244|0x00000000cf400000, 0x00000000cf400000, 0x00000000cf500000|  0%| F|  |TAMS 0x00000000cf400000, 0x00000000cf400000| Untracked 
| 245|0x00000000cf500000, 0x00000000cf500000, 0x00000000cf600000|  0%| F|  |TAMS 0x00000000cf500000, 0x00000000cf500000| Untracked 
| 246|0x00000000cf600000, 0x00000000cf600000, 0x00000000cf700000|  0%| F|  |TAMS 0x00000000cf600000, 0x00000000cf600000| Untracked 
| 247|0x00000000cf700000, 0x00000000cf700000, 0x00000000cf800000|  0%| F|  |TAMS 0x00000000cf700000, 0x00000000cf700000| Untracked 
| 248|0x00000000cf800000, 0x00000000cf800000, 0x00000000cf900000|  0%| F|  |TAMS 0x00000000cf800000, 0x00000000cf800000| Untracked 
| 249|0x00000000cf900000, 0x00000000cf900000, 0x00000000cfa00000|  0%| F|  |TAMS 0x00000000cf900000, 0x00000000cf900000| Untracked 
| 250|0x00000000cfa00000, 0x00000000cfa00000, 0x00000000cfb00000|  0%| F|  |TAMS 0x00000000cfa00000, 0x00000000cfa00000| Untracked 
| 251|0x00000000cfb00000, 0x00000000cfb00000, 0x00000000cfc00000|  0%| F|  |TAMS 0x00000000cfb00000, 0x00000000cfb00000| Untracked 
| 252|0x00000000cfc00000, 0x00000000cfc00000, 0x00000000cfd00000|  0%| F|  |TAMS 0x00000000cfc00000, 0x00000000cfc00000| Untracked 
| 253|0x00000000cfd00000, 0x00000000cfd00000, 0x00000000cfe00000|  0%| F|  |TAMS 0x00000000cfd00000, 0x00000000cfd00000| Untracked 
| 254|0x00000000cfe00000, 0x00000000cfe00000, 0x00000000cff00000|  0%| F|  |TAMS 0x00000000cfe00000, 0x00000000cfe00000| Untracked 
| 255|0x00000000cff00000, 0x00000000cff00000, 0x00000000d0000000|  0%| F|  |TAMS 0x00000000cff00000, 0x00000000cff00000| Untracked 
| 256|0x00000000d0000000, 0x00000000d0000000, 0x00000000d0100000|  0%| F|  |TAMS 0x00000000d0000000, 0x00000000d0000000| Untracked 
| 257|0x00000000d0100000, 0x00000000d0100000, 0x00000000d0200000|  0%| F|  |TAMS 0x00000000d0100000, 0x00000000d0100000| Untracked 
| 258|0x00000000d0200000, 0x00000000d0200000, 0x00000000d0300000|  0%| F|  |TAMS 0x00000000d0200000, 0x00000000d0200000| Untracked 
| 259|0x00000000d0300000, 0x00000000d0300000, 0x00000000d0400000|  0%| F|  |TAMS 0x00000000d0300000, 0x00000000d0300000| Untracked 
| 260|0x00000000d0400000, 0x00000000d0400000, 0x00000000d0500000|  0%| F|  |TAMS 0x00000000d0400000, 0x00000000d0400000| Untracked 
| 261|0x00000000d0500000, 0x00000000d0500000, 0x00000000d0600000|  0%| F|  |TAMS 0x00000000d0500000, 0x00000000d0500000| Untracked 
| 262|0x00000000d0600000, 0x00000000d0600000, 0x00000000d0700000|  0%| F|  |TAMS 0x00000000d0600000, 0x00000000d0600000| Untracked 
| 263|0x00000000d0700000, 0x00000000d0700000, 0x00000000d0800000|  0%| F|  |TAMS 0x00000000d0700000, 0x00000000d0700000| Untracked 
| 264|0x00000000d0800000, 0x00000000d0800000, 0x00000000d0900000|  0%| F|  |TAMS 0x00000000d0800000, 0x00000000d0800000| Untracked 
| 265|0x00000000d0900000, 0x00000000d0900000, 0x00000000d0a00000|  0%| F|  |TAMS 0x00000000d0900000, 0x00000000d0900000| Untracked 
| 266|0x00000000d0a00000, 0x00000000d0a00000, 0x00000000d0b00000|  0%| F|  |TAMS 0x00000000d0a00000, 0x00000000d0a00000| Untracked 
| 267|0x00000000d0b00000, 0x00000000d0b00000, 0x00000000d0c00000|  0%| F|  |TAMS 0x00000000d0b00000, 0x00000000d0b00000| Untracked 
| 268|0x00000000d0c00000, 0x00000000d0c00000, 0x00000000d0d00000|  0%| F|  |TAMS 0x00000000d0c00000, 0x00000000d0c00000| Untracked 
| 269|0x00000000d0d00000, 0x00000000d0d00000, 0x00000000d0e00000|  0%| F|  |TAMS 0x00000000d0d00000, 0x00000000d0d00000| Untracked 
| 270|0x00000000d0e00000, 0x00000000d0e00000, 0x00000000d0f00000|  0%| F|  |TAMS 0x00000000d0e00000, 0x00000000d0e00000| Untracked 
| 271|0x00000000d0f00000, 0x00000000d0f00000, 0x00000000d1000000|  0%| F|  |TAMS 0x00000000d0f00000, 0x00000000d0f00000| Untracked 
| 272|0x00000000d1000000, 0x00000000d1000000, 0x00000000d1100000|  0%| F|  |TAMS 0x00000000d1000000, 0x00000000d1000000| Untracked 
| 273|0x00000000d1100000, 0x00000000d1100000, 0x00000000d1200000|  0%| F|  |TAMS 0x00000000d1100000, 0x00000000d1100000| Untracked 
| 274|0x00000000d1200000, 0x00000000d1200000, 0x00000000d1300000|  0%| F|  |TAMS 0x00000000d1200000, 0x00000000d1200000| Untracked 
| 275|0x00000000d1300000, 0x00000000d1300000, 0x00000000d1400000|  0%| F|  |TAMS 0x00000000d1300000, 0x00000000d1300000| Untracked 
| 276|0x00000000d1400000, 0x00000000d1400000, 0x00000000d1500000|  0%| F|  |TAMS 0x00000000d1400000, 0x00000000d1400000| Untracked 
| 277|0x00000000d1500000, 0x00000000d1500000, 0x00000000d1600000|  0%| F|  |TAMS 0x00000000d1500000, 0x00000000d1500000| Untracked 
| 278|0x00000000d1600000, 0x00000000d1600000, 0x00000000d1700000|  0%| F|  |TAMS 0x00000000d1600000, 0x00000000d1600000| Untracked 
| 279|0x00000000d1700000, 0x00000000d1700000, 0x00000000d1800000|  0%| F|  |TAMS 0x00000000d1700000, 0x00000000d1700000| Untracked 
| 280|0x00000000d1800000, 0x00000000d1800000, 0x00000000d1900000|  0%| F|  |TAMS 0x00000000d1800000, 0x00000000d1800000| Untracked 
| 281|0x00000000d1900000, 0x00000000d1900000, 0x00000000d1a00000|  0%| F|  |TAMS 0x00000000d1900000, 0x00000000d1900000| Untracked 
| 282|0x00000000d1a00000, 0x00000000d1a00000, 0x00000000d1b00000|  0%| F|  |TAMS 0x00000000d1a00000, 0x00000000d1a00000| Untracked 
| 283|0x00000000d1b00000, 0x00000000d1b00000, 0x00000000d1c00000|  0%| F|  |TAMS 0x00000000d1b00000, 0x00000000d1b00000| Untracked 
| 284|0x00000000d1c00000, 0x00000000d1c00000, 0x00000000d1d00000|  0%| F|  |TAMS 0x00000000d1c00000, 0x00000000d1c00000| Untracked 
| 285|0x00000000d1d00000, 0x00000000d1d00000, 0x00000000d1e00000|  0%| F|  |TAMS 0x00000000d1d00000, 0x00000000d1d00000| Untracked 
| 286|0x00000000d1e00000, 0x00000000d1e00000, 0x00000000d1f00000|  0%| F|  |TAMS 0x00000000d1e00000, 0x00000000d1e00000| Untracked 
| 287|0x00000000d1f00000, 0x00000000d1f00000, 0x00000000d2000000|  0%| F|  |TAMS 0x00000000d1f00000, 0x00000000d1f00000| Untracked 
| 288|0x00000000d2000000, 0x00000000d2000000, 0x00000000d2100000|  0%| F|  |TAMS 0x00000000d2000000, 0x00000000d2000000| Untracked 
| 289|0x00000000d2100000, 0x00000000d2100000, 0x00000000d2200000|  0%| F|  |TAMS 0x00000000d2100000, 0x00000000d2100000| Untracked 
| 290|0x00000000d2200000, 0x00000000d2200000, 0x00000000d2300000|  0%| F|  |TAMS 0x00000000d2200000, 0x00000000d2200000| Untracked 
| 291|0x00000000d2300000, 0x00000000d2300000, 0x00000000d2400000|  0%| F|  |TAMS 0x00000000d2300000, 0x00000000d2300000| Untracked 
| 292|0x00000000d2400000, 0x00000000d2400000, 0x00000000d2500000|  0%| F|  |TAMS 0x00000000d2400000, 0x00000000d2400000| Untracked 
| 293|0x00000000d2500000, 0x00000000d2500000, 0x00000000d2600000|  0%| F|  |TAMS 0x00000000d2500000, 0x00000000d2500000| Untracked 
| 294|0x00000000d2600000, 0x00000000d2600000, 0x00000000d2700000|  0%| F|  |TAMS 0x00000000d2600000, 0x00000000d2600000| Untracked 
| 295|0x00000000d2700000, 0x00000000d2700000, 0x00000000d2800000|  0%| F|  |TAMS 0x00000000d2700000, 0x00000000d2700000| Untracked 
| 296|0x00000000d2800000, 0x00000000d2800000, 0x00000000d2900000|  0%| F|  |TAMS 0x00000000d2800000, 0x00000000d2800000| Untracked 
| 297|0x00000000d2900000, 0x00000000d2900000, 0x00000000d2a00000|  0%| F|  |TAMS 0x00000000d2900000, 0x00000000d2900000| Untracked 
| 298|0x00000000d2a00000, 0x00000000d2a00000, 0x00000000d2b00000|  0%| F|  |TAMS 0x00000000d2a00000, 0x00000000d2a00000| Untracked 
| 299|0x00000000d2b00000, 0x00000000d2b00000, 0x00000000d2c00000|  0%| F|  |TAMS 0x00000000d2b00000, 0x00000000d2b00000| Untracked 
| 300|0x00000000d2c00000, 0x00000000d2c00000, 0x00000000d2d00000|  0%| F|  |TAMS 0x00000000d2c00000, 0x00000000d2c00000| Untracked 
| 301|0x00000000d2d00000, 0x00000000d2d00000, 0x00000000d2e00000|  0%| F|  |TAMS 0x00000000d2d00000, 0x00000000d2d00000| Untracked 
| 302|0x00000000d2e00000, 0x00000000d2e00000, 0x00000000d2f00000|  0%| F|  |TAMS 0x00000000d2e00000, 0x00000000d2e00000| Untracked 
| 303|0x00000000d2f00000, 0x00000000d2f00000, 0x00000000d3000000|  0%| F|  |TAMS 0x00000000d2f00000, 0x00000000d2f00000| Untracked 
| 304|0x00000000d3000000, 0x00000000d3000000, 0x00000000d3100000|  0%| F|  |TAMS 0x00000000d3000000, 0x00000000d3000000| Untracked 
| 305|0x00000000d3100000, 0x00000000d3100000, 0x00000000d3200000|  0%| F|  |TAMS 0x00000000d3100000, 0x00000000d3100000| Untracked 
| 306|0x00000000d3200000, 0x00000000d3200000, 0x00000000d3300000|  0%| F|  |TAMS 0x00000000d3200000, 0x00000000d3200000| Untracked 
| 307|0x00000000d3300000, 0x00000000d3300000, 0x00000000d3400000|  0%| F|  |TAMS 0x00000000d3300000, 0x00000000d3300000| Untracked 
| 308|0x00000000d3400000, 0x00000000d3400000, 0x00000000d3500000|  0%| F|  |TAMS 0x00000000d3400000, 0x00000000d3400000| Untracked 
| 309|0x00000000d3500000, 0x00000000d3500000, 0x00000000d3600000|  0%| F|  |TAMS 0x00000000d3500000, 0x00000000d3500000| Untracked 
| 310|0x00000000d3600000, 0x00000000d3600000, 0x00000000d3700000|  0%| F|  |TAMS 0x00000000d3600000, 0x00000000d3600000| Untracked 
| 311|0x00000000d3700000, 0x00000000d3700000, 0x00000000d3800000|  0%| F|  |TAMS 0x00000000d3700000, 0x00000000d3700000| Untracked 
| 312|0x00000000d3800000, 0x00000000d3800000, 0x00000000d3900000|  0%| F|  |TAMS 0x00000000d3800000, 0x00000000d3800000| Untracked 
| 313|0x00000000d3900000, 0x00000000d3900000, 0x00000000d3a00000|  0%| F|  |TAMS 0x00000000d3900000, 0x00000000d3900000| Untracked 
| 314|0x00000000d3a00000, 0x00000000d3a00000, 0x00000000d3b00000|  0%| F|  |TAMS 0x00000000d3a00000, 0x00000000d3a00000| Untracked 
| 315|0x00000000d3b00000, 0x00000000d3b00000, 0x00000000d3c00000|  0%| F|  |TAMS 0x00000000d3b00000, 0x00000000d3b00000| Untracked 
| 316|0x00000000d3c00000, 0x00000000d3c00000, 0x00000000d3d00000|  0%| F|  |TAMS 0x00000000d3c00000, 0x00000000d3c00000| Untracked 
| 317|0x00000000d3d00000, 0x00000000d3d00000, 0x00000000d3e00000|  0%| F|  |TAMS 0x00000000d3d00000, 0x00000000d3d00000| Untracked 
| 318|0x00000000d3e00000, 0x00000000d3e00000, 0x00000000d3f00000|  0%| F|  |TAMS 0x00000000d3e00000, 0x00000000d3e00000| Untracked 
| 319|0x00000000d3f00000, 0x00000000d3f00000, 0x00000000d4000000|  0%| F|  |TAMS 0x00000000d3f00000, 0x00000000d3f00000| Untracked 
| 320|0x00000000d4000000, 0x00000000d4000000, 0x00000000d4100000|  0%| F|  |TAMS 0x00000000d4000000, 0x00000000d4000000| Untracked 
| 321|0x00000000d4100000, 0x00000000d4100000, 0x00000000d4200000|  0%| F|  |TAMS 0x00000000d4100000, 0x00000000d4100000| Untracked 
| 322|0x00000000d4200000, 0x00000000d4200000, 0x00000000d4300000|  0%| F|  |TAMS 0x00000000d4200000, 0x00000000d4200000| Untracked 
| 323|0x00000000d4300000, 0x00000000d4300000, 0x00000000d4400000|  0%| F|  |TAMS 0x00000000d4300000, 0x00000000d4300000| Untracked 
| 324|0x00000000d4400000, 0x00000000d4400000, 0x00000000d4500000|  0%| F|  |TAMS 0x00000000d4400000, 0x00000000d4400000| Untracked 
| 325|0x00000000d4500000, 0x00000000d4500000, 0x00000000d4600000|  0%| F|  |TAMS 0x00000000d4500000, 0x00000000d4500000| Untracked 
| 326|0x00000000d4600000, 0x00000000d4600000, 0x00000000d4700000|  0%| F|  |TAMS 0x00000000d4600000, 0x00000000d4600000| Untracked 
| 327|0x00000000d4700000, 0x00000000d4700000, 0x00000000d4800000|  0%| F|  |TAMS 0x00000000d4700000, 0x00000000d4700000| Untracked 
| 328|0x00000000d4800000, 0x00000000d4800000, 0x00000000d4900000|  0%| F|  |TAMS 0x00000000d4800000, 0x00000000d4800000| Untracked 
| 329|0x00000000d4900000, 0x00000000d4900000, 0x00000000d4a00000|  0%| F|  |TAMS 0x00000000d4900000, 0x00000000d4900000| Untracked 
| 330|0x00000000d4a00000, 0x00000000d4a00000, 0x00000000d4b00000|  0%| F|  |TAMS 0x00000000d4a00000, 0x00000000d4a00000| Untracked 
| 331|0x00000000d4b00000, 0x00000000d4b00000, 0x00000000d4c00000|  0%| F|  |TAMS 0x00000000d4b00000, 0x00000000d4b00000| Untracked 
| 332|0x00000000d4c00000, 0x00000000d4c00000, 0x00000000d4d00000|  0%| F|  |TAMS 0x00000000d4c00000, 0x00000000d4c00000| Untracked 
| 333|0x00000000d4d00000, 0x00000000d4d00000, 0x00000000d4e00000|  0%| F|  |TAMS 0x00000000d4d00000, 0x00000000d4d00000| Untracked 
| 334|0x00000000d4e00000, 0x00000000d4e00000, 0x00000000d4f00000|  0%| F|  |TAMS 0x00000000d4e00000, 0x00000000d4e00000| Untracked 
| 335|0x00000000d4f00000, 0x00000000d4f00000, 0x00000000d5000000|  0%| F|  |TAMS 0x00000000d4f00000, 0x00000000d4f00000| Untracked 
| 336|0x00000000d5000000, 0x00000000d5000000, 0x00000000d5100000|  0%| F|  |TAMS 0x00000000d5000000, 0x00000000d5000000| Untracked 
| 337|0x00000000d5100000, 0x00000000d5100000, 0x00000000d5200000|  0%| F|  |TAMS 0x00000000d5100000, 0x00000000d5100000| Untracked 
| 338|0x00000000d5200000, 0x00000000d5200000, 0x00000000d5300000|  0%| F|  |TAMS 0x00000000d5200000, 0x00000000d5200000| Untracked 
| 339|0x00000000d5300000, 0x00000000d5300000, 0x00000000d5400000|  0%| F|  |TAMS 0x00000000d5300000, 0x00000000d5300000| Untracked 
| 340|0x00000000d5400000, 0x00000000d5400000, 0x00000000d5500000|  0%| F|  |TAMS 0x00000000d5400000, 0x00000000d5400000| Untracked 
| 341|0x00000000d5500000, 0x00000000d5500000, 0x00000000d5600000|  0%| F|  |TAMS 0x00000000d5500000, 0x00000000d5500000| Untracked 
| 342|0x00000000d5600000, 0x00000000d5600000, 0x00000000d5700000|  0%| F|  |TAMS 0x00000000d5600000, 0x00000000d5600000| Untracked 
| 343|0x00000000d5700000, 0x00000000d5700000, 0x00000000d5800000|  0%| F|  |TAMS 0x00000000d5700000, 0x00000000d5700000| Untracked 
| 344|0x00000000d5800000, 0x00000000d5800000, 0x00000000d5900000|  0%| F|  |TAMS 0x00000000d5800000, 0x00000000d5800000| Untracked 
| 345|0x00000000d5900000, 0x00000000d5900000, 0x00000000d5a00000|  0%| F|  |TAMS 0x00000000d5900000, 0x00000000d5900000| Untracked 
| 346|0x00000000d5a00000, 0x00000000d5a00000, 0x00000000d5b00000|  0%| F|  |TAMS 0x00000000d5a00000, 0x00000000d5a00000| Untracked 
| 347|0x00000000d5b00000, 0x00000000d5b00000, 0x00000000d5c00000|  0%| F|  |TAMS 0x00000000d5b00000, 0x00000000d5b00000| Untracked 
| 348|0x00000000d5c00000, 0x00000000d5c00000, 0x00000000d5d00000|  0%| F|  |TAMS 0x00000000d5c00000, 0x00000000d5c00000| Untracked 
| 349|0x00000000d5d00000, 0x00000000d5d00000, 0x00000000d5e00000|  0%| F|  |TAMS 0x00000000d5d00000, 0x00000000d5d00000| Untracked 
| 350|0x00000000d5e00000, 0x00000000d5e00000, 0x00000000d5f00000|  0%| F|  |TAMS 0x00000000d5e00000, 0x00000000d5e00000| Untracked 
| 351|0x00000000d5f00000, 0x00000000d5f00000, 0x00000000d6000000|  0%| F|  |TAMS 0x00000000d5f00000, 0x00000000d5f00000| Untracked 
| 352|0x00000000d6000000, 0x00000000d6000000, 0x00000000d6100000|  0%| F|  |TAMS 0x00000000d6000000, 0x00000000d6000000| Untracked 
| 353|0x00000000d6100000, 0x00000000d6200000, 0x00000000d6200000|100%| S|CS|TAMS 0x00000000d6100000, 0x00000000d6100000| Complete 
| 354|0x00000000d6200000, 0x00000000d6300000, 0x00000000d6300000|100%| S|CS|TAMS 0x00000000d6200000, 0x00000000d6200000| Complete 
| 355|0x00000000d6300000, 0x00000000d6400000, 0x00000000d6400000|100%| S|CS|TAMS 0x00000000d6300000, 0x00000000d6300000| Complete 
| 356|0x00000000d6400000, 0x00000000d6400000, 0x00000000d6500000|  0%| F|  |TAMS 0x00000000d6400000, 0x00000000d6400000| Untracked 
| 357|0x00000000d6500000, 0x00000000d6500000, 0x00000000d6600000|  0%| F|  |TAMS 0x00000000d6500000, 0x00000000d6500000| Untracked 
| 358|0x00000000d6600000, 0x00000000d6600000, 0x00000000d6700000|  0%| F|  |TAMS 0x00000000d6600000, 0x00000000d6600000| Untracked 
| 359|0x00000000d6700000, 0x00000000d6700000, 0x00000000d6800000|  0%| F|  |TAMS 0x00000000d6700000, 0x00000000d6700000| Untracked 
| 360|0x00000000d6800000, 0x00000000d6800000, 0x00000000d6900000|  0%| F|  |TAMS 0x00000000d6800000, 0x00000000d6800000| Untracked 
| 361|0x00000000d6900000, 0x00000000d6900000, 0x00000000d6a00000|  0%| F|  |TAMS 0x00000000d6900000, 0x00000000d6900000| Untracked 
| 362|0x00000000d6a00000, 0x00000000d6a00000, 0x00000000d6b00000|  0%| F|  |TAMS 0x00000000d6a00000, 0x00000000d6a00000| Untracked 
| 363|0x00000000d6b00000, 0x00000000d6b00000, 0x00000000d6c00000|  0%| F|  |TAMS 0x00000000d6b00000, 0x00000000d6b00000| Untracked 
| 364|0x00000000d6c00000, 0x00000000d6c00000, 0x00000000d6d00000|  0%| F|  |TAMS 0x00000000d6c00000, 0x00000000d6c00000| Untracked 
| 989|0x00000000fdd00000, 0x00000000fde00000, 0x00000000fde00000|100%| O|  |TAMS 0x00000000fdd00000, 0x00000000fde00000| Untracked 
| 990|0x00000000fde00000, 0x00000000fdf00000, 0x00000000fdf00000|100%| O|  |TAMS 0x00000000fde00000, 0x00000000fdf00000| Untracked 
| 991|0x00000000fdf00000, 0x00000000fe000000, 0x00000000fe000000|100%| O|  |TAMS 0x00000000fdf00000, 0x00000000fe000000| Untracked 
| 992|0x00000000fe000000, 0x00000000fe100000, 0x00000000fe100000|100%| O|  |TAMS 0x00000000fe000000, 0x00000000fe100000| Untracked 
| 993|0x00000000fe100000, 0x00000000fe200000, 0x00000000fe200000|100%| O|  |TAMS 0x00000000fe100000, 0x00000000fe200000| Untracked 
| 994|0x00000000fe200000, 0x00000000fe300000, 0x00000000fe300000|100%| O|  |TAMS 0x00000000fe200000, 0x00000000fe300000| Untracked 
| 995|0x00000000fe300000, 0x00000000fe400000, 0x00000000fe400000|100%| O|  |TAMS 0x00000000fe300000, 0x00000000fe400000| Untracked 
| 996|0x00000000fe400000, 0x00000000fe500000, 0x00000000fe500000|100%| O|  |TAMS 0x00000000fe400000, 0x00000000fe500000| Untracked 
| 997|0x00000000fe500000, 0x00000000fe600000, 0x00000000fe600000|100%| O|  |TAMS 0x00000000fe500000, 0x00000000fe600000| Untracked 
| 998|0x00000000fe600000, 0x00000000fe700000, 0x00000000fe700000|100%| O|  |TAMS 0x00000000fe600000, 0x00000000fe700000| Untracked 
| 999|0x00000000fe700000, 0x00000000fe800000, 0x00000000fe800000|100%| O|  |TAMS 0x00000000fe700000, 0x00000000fe800000| Untracked 
|1000|0x00000000fe800000, 0x00000000fe900000, 0x00000000fe900000|100%| O|  |TAMS 0x00000000fe800000, 0x00000000fe900000| Untracked 
|1001|0x00000000fe900000, 0x00000000fea00000, 0x00000000fea00000|100%| O|  |TAMS 0x00000000fe900000, 0x00000000fea00000| Untracked 
|1002|0x00000000fea00000, 0x00000000feb00000, 0x00000000feb00000|100%| O|  |TAMS 0x00000000fea00000, 0x00000000feb00000| Untracked 
|1003|0x00000000feb00000, 0x00000000fec00000, 0x00000000fec00000|100%| O|  |TAMS 0x00000000feb00000, 0x00000000fec00000| Untracked 
|1004|0x00000000fec00000, 0x00000000fed00000, 0x00000000fed00000|100%| O|  |TAMS 0x00000000fec00000, 0x00000000fed00000| Untracked 
|1005|0x00000000fed00000, 0x00000000fee00000, 0x00000000fee00000|100%| O|  |TAMS 0x00000000fed00000, 0x00000000fee00000| Untracked 
|1006|0x00000000fee00000, 0x00000000fef00000, 0x00000000fef00000|100%| O|  |TAMS 0x00000000fee00000, 0x00000000fef00000| Untracked 
|1007|0x00000000fef00000, 0x00000000ff000000, 0x00000000ff000000|100%| O|  |TAMS 0x00000000fef00000, 0x00000000ff000000| Untracked 
|1008|0x00000000ff000000, 0x00000000ff100000, 0x00000000ff100000|100%| O|  |TAMS 0x00000000ff000000, 0x00000000ff100000| Untracked 
|1009|0x00000000ff100000, 0x00000000ff200000, 0x00000000ff200000|100%| O|  |TAMS 0x00000000ff100000, 0x00000000ff200000| Untracked 
|1010|0x00000000ff200000, 0x00000000ff300000, 0x00000000ff300000|100%| O|  |TAMS 0x00000000ff200000, 0x00000000ff300000| Untracked 
|1011|0x00000000ff300000, 0x00000000ff400000, 0x00000000ff400000|100%| O|  |TAMS 0x00000000ff300000, 0x00000000ff400000| Untracked 
|1012|0x00000000ff400000, 0x00000000ff500000, 0x00000000ff500000|100%| O|  |TAMS 0x00000000ff400000, 0x00000000ff500000| Untracked 
|1013|0x00000000ff500000, 0x00000000ff600000, 0x00000000ff600000|100%| O|  |TAMS 0x00000000ff500000, 0x00000000ff600000| Untracked 
|1014|0x00000000ff600000, 0x00000000ff700000, 0x00000000ff700000|100%| O|  |TAMS 0x00000000ff600000, 0x00000000ff700000| Untracked 
|1015|0x00000000ff700000, 0x00000000ff800000, 0x00000000ff800000|100%| O|  |TAMS 0x00000000ff700000, 0x00000000ff800000| Untracked 
|1016|0x00000000ff800000, 0x00000000ff900000, 0x00000000ff900000|100%| O|  |TAMS 0x00000000ff800000, 0x00000000ff900000| Untracked 
|1017|0x00000000ff900000, 0x00000000ffa00000, 0x00000000ffa00000|100%| O|  |TAMS 0x00000000ff900000, 0x00000000ffa00000| Untracked 
|1018|0x00000000ffa00000, 0x00000000ffb00000, 0x00000000ffb00000|100%| O|  |TAMS 0x00000000ffa00000, 0x00000000ffb00000| Untracked 
|1019|0x00000000ffb00000, 0x00000000ffc00000, 0x00000000ffc00000|100%| O|  |TAMS 0x00000000ffb00000, 0x00000000ffc00000| Untracked 
|1020|0x00000000ffc00000, 0x00000000ffd00000, 0x00000000ffd00000|100%| O|  |TAMS 0x00000000ffc00000, 0x00000000ffd00000| Untracked 
|1021|0x00000000ffd00000, 0x00000000ffe00000, 0x00000000ffe00000|100%| O|  |TAMS 0x00000000ffd00000, 0x00000000ffe00000| Untracked 
|1022|0x00000000ffe00000, 0x00000000ffe75000, 0x00000000fff00000| 45%|OA|  |TAMS 0x00000000ffe75000, 0x00000000ffe75000| Untracked 
|1023|0x00000000fff00000, 0x00000000fff78000, 0x0000000100000000| 46%|CA|  |TAMS 0x00000000fff78000, 0x00000000fff78000| Untracked 

Card table byte_map: [0x00007f487cf4e000,0x00007f487d14e000] _byte_map_base: 0x00007f487c94e000

Marking Bits (Prev, Next): (CMBitMap*) 0x00007f4878057850, (CMBitMap*) 0x00007f4878057810
 Prev Bits: [0x00007f485f511000, 0x00007f4860511000)
 Next Bits: [0x00007f4860511000, 0x00007f4861511000)

Polling page: 0x00007f487f111000

Metaspace:

Usage:
  Non-class:     83.37 MB used.
      Class:     13.56 MB used.
       Both:     96.94 MB used.

Virtual space:
  Non-class space:      128.00 MB reserved,      83.75 MB ( 65%) committed,  2 nodes.
      Class space:      320.00 MB reserved,      13.94 MB (  4%) committed,  1 nodes.
             Both:      448.00 MB reserved,      97.69 MB ( 22%) committed. 

Chunk freelists:
   Non-Class:  11.91 MB
       Class:  2.00 MB
        Both:  13.91 MB

MaxMetaspaceSize: 384.00 MB
CompressedClassSpaceSize: 320.00 MB
Initial GC threshold: 21.00 MB
Current GC threshold: 156.81 MB
CDS: on
MetaspaceReclaimPolicy: balanced
 - commit_granule_bytes: 65536.
 - commit_granule_words: 8192.
 - virtual_space_node_default_size: 8388608.
 - enlarge_chunks_in_place: 1.
 - new_chunks_are_fully_committed: 0.
 - uncommit_free_chunks: 1.
 - use_allocation_guard: 0.
 - handle_deallocations: 1.


Internal statistics:

num_allocs_failed_limit: 18.
num_arena_births: 1118.
num_arena_deaths: 0.
num_vsnodes_births: 3.
num_vsnodes_deaths: 0.
num_space_committed: 1562.
num_space_uncommitted: 0.
num_chunks_returned_to_freelist: 18.
num_chunks_taken_from_freelist: 5304.
num_chunk_merges: 15.
num_chunk_splits: 3502.
num_chunks_enlarged: 2306.
num_inconsistent_stats: 0.

CodeHeap 'non-profiled nmethods': size=120036Kb used=5966Kb max_used=5966Kb free=114069Kb
 bounds [0x00007f4868fd8000, 0x00007f48695b8000, 0x00007f4870511000]
CodeHeap 'profiled nmethods': size=120032Kb used=22399Kb max_used=22399Kb free=97632Kb
 bounds [0x00007f4861511000, 0x00007f4862af1000, 0x00007f4868a49000]
CodeHeap 'non-nmethods': size=5692Kb used=2422Kb max_used=2492Kb free=3269Kb
 bounds [0x00007f4868a49000, 0x00007f4868cc9000, 0x00007f4868fd8000]
 total_blobs=12887 nmethods=11931 adapters=869
 compilation: enabled
              stopped_count=0, restarted_count=0
 full_count=0

Compilation events (20 events):
Event: 68.221 Thread 0x00007f48780b85a0 nmethod 14266 0x00007f4862aeaa10 code [0x00007f4862aeabc0, 0x00007f4862aead00]
Event: 68.897 Thread 0x00007f48780b85a0 14268       3       com.android.tools.r8.internal.Ks::a (71 bytes)
Event: 69.011 Thread 0x00007f48780b85a0 nmethod 14268 0x00007f4862aeae10 code [0x00007f4862aeb0c0, 0x00007f4862aebb60]
Event: 69.031 Thread 0x00007f48780b85a0 14269       2       java.util.concurrent.ConcurrentLinkedQueue$Itr::hasNext (13 bytes)
Event: 69.102 Thread 0x00007f48780b85a0 nmethod 14269 0x00007f4862aebf90 code [0x00007f4862aec120, 0x00007f4862aec230]
Event: 69.103 Thread 0x00007f48780b85a0 14272       2       com.android.tools.r8.graph.C2::Y (2 bytes)
Event: 69.104 Thread 0x00007f48780b85a0 nmethod 14272 0x00007f4862aec290 code [0x00007f4862aec420, 0x00007f4862aec530]
Event: 69.104 Thread 0x00007f48780b85a0 14270       2       java.util.concurrent.ConcurrentLinkedQueue$Itr::next (96 bytes)
Event: 69.107 Thread 0x00007f48780b85a0 nmethod 14270 0x00007f4862aec610 code [0x00007f4862aec7e0, 0x00007f4862aecc10]
Event: 69.107 Thread 0x00007f48780b85a0 14271       2       java.util.concurrent.ConcurrentLinkedQueue::succ (17 bytes)
Event: 69.107 Thread 0x00007f48780b85a0 nmethod 14271 0x00007f4862aece90 code [0x00007f4862aed020, 0x00007f4862aed130]
Event: 69.116 Thread 0x00007f48780b85a0 14274       3       java.util.concurrent.ConcurrentLinkedQueue$Itr::next (96 bytes)
Event: 69.121 Thread 0x00007f48780b85a0 nmethod 14274 0x00007f4862aed210 code [0x00007f4862aed420, 0x00007f4862aedaf0]
Event: 69.122 Thread 0x00007f48780b85a0 14275       3       java.util.concurrent.ConcurrentLinkedQueue$Itr::hasNext (13 bytes)
Event: 69.122 Thread 0x00007f48780b85a0 nmethod 14275 0x00007f4862aedd90 code [0x00007f4862aedf20, 0x00007f4862aee070]
Event: 69.325 Thread 0x00007f48780b85a0 14276       3       jdk.internal.org.objectweb.asm.Type::getObjectType (31 bytes)
Event: 69.426 Thread 0x00007f48780b85a0 nmethod 14276 0x00007f4862aee110 code [0x00007f4862aee340, 0x00007f4862aeeb90]
Event: 69.429 Thread 0x00007f48780b85a0 14277       3       jdk.internal.org.objectweb.asm.Type::getClassName (172 bytes)
Event: 69.511 Thread 0x00007f48780b85a0 nmethod 14277 0x00007f4862aeef10 code [0x00007f4862aef2a0, 0x00007f4862af0660]
Event: 69.528 Thread 0x00007f48780b85a0 14278   !   2       java.util.concurrent.ConcurrentHashMap::merge (545 bytes)

GC Heap History (20 events):
Event: 37.246 GC heap after
{Heap after GC invocations=47 (full 0):
 garbage-first heap   total 133120K, used 72320K [0x00000000c0000000, 0x0000000100000000)
  region size 1024K, 4 young (4096K), 4 survivors (4096K)
 Metaspace       used 59274K, committed 59776K, reserved 393216K
  class space    used 8124K, committed 8384K, reserved 327680K
}
Event: 37.321 GC heap before
{Heap before GC invocations=47 (full 0):
 garbage-first heap   total 133120K, used 74368K [0x00000000c0000000, 0x0000000100000000)
  region size 1024K, 6 young (6144K), 4 survivors (4096K)
 Metaspace       used 59443K, committed 59968K, reserved 393216K
  class space    used 8166K, committed 8448K, reserved 327680K
}
Event: 37.331 GC heap after
{Heap after GC invocations=48 (full 0):
 garbage-first heap   total 133120K, used 72074K [0x00000000c0000000, 0x0000000100000000)
  region size 1024K, 1 young (1024K), 1 survivors (1024K)
 Metaspace       used 59443K, committed 59968K, reserved 393216K
  class space    used 8166K, committed 8448K, reserved 327680K
}
Event: 37.352 GC heap before
{Heap before GC invocations=48 (full 0):
 garbage-first heap   total 133120K, used 73098K [0x00000000c0000000, 0x0000000100000000)
  region size 1024K, 3 young (3072K), 1 survivors (1024K)
 Metaspace       used 59568K, committed 60096K, reserved 393216K
  class space    used 8189K, committed 8448K, reserved 327680K
}
Event: 37.356 GC heap after
{Heap after GC invocations=49 (full 0):
 garbage-first heap   total 375808K, used 71670K [0x00000000c0000000, 0x0000000100000000)
  region size 1024K, 1 young (1024K), 1 survivors (1024K)
 Metaspace       used 59568K, committed 60096K, reserved 393216K
  class space    used 8189K, committed 8448K, reserved 327680K
}
Event: 41.268 GC heap before
{Heap before GC invocations=49 (full 0):
 garbage-first heap   total 375808K, used 264182K [0x00000000c0000000, 0x0000000100000000)
  region size 1024K, 184 young (188416K), 1 survivors (1024K)
 Metaspace       used 72201K, committed 72704K, reserved 393216K
  class space    used 10082K, committed 10368K, reserved 327680K
}
Event: 41.318 GC heap after
{Heap after GC invocations=50 (full 0):
 garbage-first heap   total 375808K, used 85596K [0x00000000c0000000, 0x0000000100000000)
  region size 1024K, 10 young (10240K), 10 survivors (10240K)
 Metaspace       used 72201K, committed 72704K, reserved 393216K
  class space    used 10082K, committed 10368K, reserved 327680K
}
Event: 46.727 GC heap before
{Heap before GC invocations=50 (full 0):
 garbage-first heap   total 375808K, used 277084K [0x00000000c0000000, 0x0000000100000000)
  region size 1024K, 197 young (201728K), 10 survivors (10240K)
 Metaspace       used 86410K, committed 87040K, reserved 458752K
  class space    used 12109K, committed 12416K, reserved 327680K
}
Event: 46.833 GC heap after
{Heap after GC invocations=51 (full 0):
 garbage-first heap   total 375808K, used 98659K [0x00000000c0000000, 0x0000000100000000)
  region size 1024K, 23 young (23552K), 23 survivors (23552K)
 Metaspace       used 86410K, committed 87040K, reserved 458752K
  class space    used 12109K, committed 12416K, reserved 327680K
}
Event: 51.915 GC heap before
{Heap before GC invocations=51 (full 0):
 garbage-first heap   total 375808K, used 289123K [0x00000000c0000000, 0x0000000100000000)
  region size 1024K, 210 young (215040K), 23 survivors (23552K)
 Metaspace       used 89597K, committed 90304K, reserved 458752K
  class space    used 12475K, committed 12864K, reserved 327680K
}
Event: 52.015 GC heap after
{Heap after GC invocations=52 (full 0):
 garbage-first heap   total 375808K, used 107547K [0x00000000c0000000, 0x0000000100000000)
  region size 1024K, 22 young (22528K), 22 survivors (22528K)
 Metaspace       used 89597K, committed 90304K, reserved 458752K
  class space    used 12475K, committed 12864K, reserved 327680K
}
Event: 57.312 GC heap before
{Heap before GC invocations=52 (full 0):
 garbage-first heap   total 375808K, used 261147K [0x00000000c0000000, 0x0000000100000000)
  region size 1024K, 155 young (158720K), 22 survivors (22528K)
 Metaspace       used 94265K, committed 94976K, reserved 458752K
  class space    used 12986K, committed 13312K, reserved 327680K
}
Event: 57.515 GC heap after
{Heap after GC invocations=53 (full 0):
 garbage-first heap   total 375808K, used 134068K [0x00000000c0000000, 0x0000000100000000)
  region size 1024K, 21 young (21504K), 21 survivors (21504K)
 Metaspace       used 94265K, committed 94976K, reserved 458752K
  class space    used 12986K, committed 13312K, reserved 327680K
}
Event: 62.629 GC heap before
{Heap before GC invocations=54 (full 0):
 garbage-first heap   total 375808K, used 331700K [0x00000000c0000000, 0x0000000100000000)
  region size 1024K, 179 young (183296K), 21 survivors (21504K)
 Metaspace       used 99189K, committed 99968K, reserved 458752K
  class space    used 13887K, committed 14272K, reserved 327680K
}
Event: 63.414 GC heap after
{Heap after GC invocations=55 (full 0):
 garbage-first heap   total 409600K, used 203700K [0x00000000c0000000, 0x0000000100000000)
  region size 1024K, 23 young (23552K), 23 survivors (23552K)
 Metaspace       used 99189K, committed 99968K, reserved 458752K
  class space    used 13887K, committed 14272K, reserved 327680K
}
Event: 63.421 GC heap before
{Heap before GC invocations=55 (full 0):
 garbage-first heap   total 409600K, used 204724K [0x00000000c0000000, 0x0000000100000000)
  region size 1024K, 24 young (24576K), 23 survivors (23552K)
 Metaspace       used 99189K, committed 99968K, reserved 458752K
  class space    used 13887K, committed 14272K, reserved 327680K
}
Event: 64.002 GC heap after
{Heap after GC invocations=56 (full 0):
 garbage-first heap   total 409600K, used 204852K [0x00000000c0000000, 0x0000000100000000)
  region size 1024K, 1 young (1024K), 1 survivors (1024K)
 Metaspace       used 99189K, committed 99968K, reserved 458752K
  class space    used 13887K, committed 14272K, reserved 327680K
}
Event: 67.510 GC heap before
{Heap before GC invocations=56 (full 0):
 garbage-first heap   total 409600K, used 292916K [0x00000000c0000000, 0x0000000100000000)
  region size 1024K, 88 young (90112K), 1 survivors (1024K)
 Metaspace       used 99247K, committed 100032K, reserved 458752K
  class space    used 13887K, committed 14272K, reserved 327680K
}
Event: 67.998 GC heap after
{Heap after GC invocations=57 (full 0):
 garbage-first heap   total 409600K, used 248756K [0x00000000c0000000, 0x0000000100000000)
  region size 1024K, 11 young (11264K), 11 survivors (11264K)
 Metaspace       used 99247K, committed 100032K, reserved 458752K
  class space    used 13887K, committed 14272K, reserved 327680K
}
Event: 69.728 GC heap before
{Heap before GC invocations=57 (full 0):
 garbage-first heap   total 409600K, used 257972K [0x00000000c0000000, 0x0000000100000000)
  region size 1024K, 20 young (20480K), 11 survivors (11264K)
 Metaspace       used 99262K, committed 100032K, reserved 458752K
  class space    used 13888K, committed 14272K, reserved 327680K
}

Dll operation events (15 events):
Event: 0.005 Loaded shared library /usr/lib/jvm/java-17-openjdk-amd64/lib/libjava.so
Event: 0.109 Loaded shared library /usr/lib/jvm/java-17-openjdk-amd64/lib/libjsvml.so
Event: 0.429 Loaded shared library /usr/lib/jvm/java-17-openjdk-amd64/lib/libzip.so
Event: 0.435 Loaded shared library /usr/lib/jvm/java-17-openjdk-amd64/lib/libinstrument.so
Event: 0.442 Loaded shared library /usr/lib/jvm/java-17-openjdk-amd64/lib/libnio.so
Event: 0.506 Loaded shared library /usr/lib/jvm/java-17-openjdk-amd64/lib/libzip.so
Event: 1.044 Loaded shared library /usr/lib/jvm/java-17-openjdk-amd64/lib/libjimage.so
Event: 1.328 Loaded shared library /usr/lib/jvm/java-17-openjdk-amd64/lib/libverify.so
Event: 2.010 Loaded shared library /usr/lib/jvm/java-17-openjdk-amd64/lib/libnet.so
Event: 2.011 Loaded shared library /root/.gradle/native/c067742578af261105cb4f569cf0c3c89f3d7b1fecec35dd04571415982c5e48/linux-amd64/libnative-platform.so
Event: 2.027 Loaded shared library /root/.gradle/native/38dada09dfb8b06ba9b0570ebf7e218e3eb74d4ef43ca46872605cf95ebc2f47/linux-amd64/libnative-platform-file-events.so
Event: 4.542 Loaded shared library /usr/lib/jvm/java-17-openjdk-amd64/lib/libmanagement.so
Event: 4.544 Loaded shared library /usr/lib/jvm/java-17-openjdk-amd64/lib/libmanagement_ext.so
Event: 5.307 Loaded shared library /usr/lib/jvm/java-17-openjdk-amd64/lib/libextnet.so
Event: 52.834 Loaded shared library /usr/lib/jvm/java-17-openjdk-amd64/lib/librmi.so

Deoptimization events (20 events):
Event: 61.523 Thread 0x00007f484802b610 DEOPT PACKING pc=0x00007f4862999d11 sp=0x00007f48039f81a0
Event: 61.523 Thread 0x00007f484802b610 DEOPT UNPACKING pc=0x00007f4868aa364f sp=0x00007f48039f7708 mode 0
Event: 61.644 Thread 0x00007f484dadc480 DEOPT PACKING pc=0x00007f48629d6709 sp=0x00007f4803af91c0
Event: 61.644 Thread 0x00007f484dadc480 DEOPT UNPACKING pc=0x00007f4868aa364f sp=0x00007f4803af8788 mode 0
Event: 61.713 Thread 0x00007f484dadc480 DEOPT PACKING pc=0x00007f48629d6709 sp=0x00007f4803af91d0
Event: 61.713 Thread 0x00007f484dadc480 DEOPT UNPACKING pc=0x00007f4868aa364f sp=0x00007f4803af8798 mode 0
Event: 61.923 Thread 0x00007f484dadc480 DEOPT PACKING pc=0x00007f48629f0ad1 sp=0x00007f4803af8d50
Event: 61.923 Thread 0x00007f484dadc480 DEOPT UNPACKING pc=0x00007f4868aa364f sp=0x00007f4803af82b8 mode 0
Event: 62.329 Thread 0x00007f484802b610 DEOPT PACKING pc=0x00007f4862952837 sp=0x00007f48039f7c20
Event: 62.329 Thread 0x00007f484802b610 DEOPT UNPACKING pc=0x00007f4868aa364f sp=0x00007f48039f7158 mode 0
Event: 62.429 Thread 0x00007f484dadc480 DEOPT PACKING pc=0x00007f48629d0c14 sp=0x00007f4803af9110
Event: 62.429 Thread 0x00007f484dadc480 DEOPT UNPACKING pc=0x00007f4868aa364f sp=0x00007f4803af8628 mode 0
Event: 64.228 Thread 0x00007f484dadc480 Uncommon trap: trap_request=0xffffff45 fr.pc=0x00007f48695a0fa0 relative=0x0000000000007c40
Event: 64.228 Thread 0x00007f484dadc480 Uncommon trap: reason=unstable_if action=reinterpret pc=0x00007f48695a0fa0 method=com.android.tools.r8.dex.code.O.a(IILcom/android/tools/r8/dex/code/C1;Lcom/android/tools/r8/graph/w5;)Lcom/android/tools/r8/dex/code/B1; @ 505 c2
Event: 64.228 Thread 0x00007f484dadc480 DEOPT PACKING pc=0x00007f48695a0fa0 sp=0x00007f4803af9090
Event: 64.229 Thread 0x00007f484dadc480 DEOPT UNPACKING pc=0x00007f4868aa2b19 sp=0x00007f4803af9050 mode 2
Event: 64.237 Thread 0x00007f484802b610 Uncommon trap: trap_request=0xffffff45 fr.pc=0x00007f48694429cc relative=0x00000000000003ac
Event: 64.302 Thread 0x00007f484802b610 Uncommon trap: reason=unstable_if action=reinterpret pc=0x00007f48694429cc method=java.util.concurrent.ConcurrentLinkedQueue.offer(Ljava/lang/Object;)Z @ 42 c2
Event: 64.306 Thread 0x00007f484802b610 DEOPT PACKING pc=0x00007f48694429cc sp=0x00007f48039f8330
Event: 64.307 Thread 0x00007f484802b610 DEOPT UNPACKING pc=0x00007f4868aa2b19 sp=0x00007f48039f82d0 mode 2

Classes loaded (20 events):
Event: 58.606 Loading class java/nio/BufferUnderflowException
Event: 58.608 Loading class java/nio/BufferUnderflowException done
Event: 60.709 Loading class java/util/concurrent/ForkJoinTask$AdaptedCallable
Event: 60.717 Loading class java/util/concurrent/ForkJoinTask$AdaptedCallable done
Event: 60.718 Loading class java/util/concurrent/ForkJoinPool$DefaultForkJoinWorkerThreadFactory$1
Event: 60.718 Loading class java/util/concurrent/ForkJoinPool$DefaultForkJoinWorkerThreadFactory$1 done
Event: 60.820 Loading class java/lang/reflect/GenericSignatureFormatError
Event: 60.820 Loading class java/lang/reflect/GenericSignatureFormatError done
Event: 61.103 Loading class java/nio/ShortBuffer
Event: 61.103 Loading class java/nio/ShortBuffer done
Event: 61.103 Loading class java/nio/HeapShortBuffer
Event: 61.104 Loading class java/nio/HeapShortBuffer done
Event: 61.200 Loading class java/util/AbstractList$RandomAccessSubList
Event: 61.202 Loading class java/util/AbstractList$SubList
Event: 61.203 Loading class java/util/AbstractList$SubList done
Event: 61.203 Loading class java/util/AbstractList$RandomAccessSubList done
Event: 61.203 Loading class java/util/AbstractList$SubList$1
Event: 61.203 Loading class java/util/AbstractList$SubList$1 done
Event: 68.918 Loading class java/util/concurrent/ConcurrentLinkedQueue$Itr
Event: 69.010 Loading class java/util/concurrent/ConcurrentLinkedQueue$Itr done

Classes unloaded (0 events):
No events

Classes redefined (0 events):
No events

Internal exceptions (20 events):
Event: 52.844 Thread 0x00007f48501e2460 Exception <a 'java/lang/NoSuchMethodError'{0x00000000d4e425f0}: static [B.<clinit>()V> (0x00000000d4e425f0) 
thrown [./src/hotspot/share/prims/jni.cpp, line 1112]
Event: 52.911 Thread 0x00007f48580bcd90 Exception <a 'java/lang/InterruptedException'{0x00000000d4eff528}> (0x00000000d4eff528) 
thrown [./src/hotspot/share/runtime/objectMonitor.cpp, line 1658]
Event: 52.911 Thread 0x00007f48580bcd90 Exception <a 'java/lang/NoSuchMethodError'{0x00000000d4d00bf8}: 'java.lang.Object java.lang.invoke.DirectMethodHandle$Holder.invokeSpecial(java.lang.Object, java.lang.Object, int, java.lang.Object, long)'> (0x00000000d4d00bf8) 
thrown [./src/hotspot/share/interpreter/linkResolver.cpp, line 758]
Event: 52.912 Thread 0x00007f48580bcd90 Exception <a 'java/lang/NoSuchMethodError'{0x00000000d4d082d8}: 'java.lang.Object java.lang.invoke.DirectMethodHandle$Holder.newInvokeSpecial(java.lang.Object, java.lang.Object, int, java.lang.Object, long)'> (0x00000000d4d082d8) 
thrown [./src/hotspot/share/interpreter/linkResolver.cpp, line 758]
Event: 52.930 Thread 0x00007f48501e2460 Exception <a 'java/lang/NoSuchMethodError'{0x00000000d4d624b8}: static Lorg/jetbrains/kotlin/daemon/common/CompileService$CallResult;.<clinit>()V> (0x00000000d4d624b8) 
thrown [./src/hotspot/share/prims/jni.cpp, line 1112]
Event: 52.932 Thread 0x00007f48501e2460 Exception <a 'java/lang/NoSuchMethodError'{0x00000000d4d6e348}: static Lorg/jetbrains/kotlin/daemon/common/CompileService$CallResult$Good;.<clinit>()V> (0x00000000d4d6e348) 
thrown [./src/hotspot/share/prims/jni.cpp, line 1112]
Event: 52.934 Thread 0x00007f48501e2460 Exception <a 'java/lang/NoSuchMethodError'{0x00000000d4d7b5b0}: static Lorg/jetbrains/kotlin/daemon/common/DaemonJVMOptions;.<clinit>()V> (0x00000000d4d7b5b0) 
thrown [./src/hotspot/share/prims/jni.cpp, line 1112]
Event: 52.935 Thread 0x00007f48501e2460 Exception <a 'java/net/ConnectException'{0x00000000d4df4410}> (0x00000000d4df4410) 
thrown [./src/hotspot/share/prims/jni.cpp, line 516]
Event: 52.946 Thread 0x00007f48501e2460 Exception <a 'java/net/ConnectException'{0x00000000d4df50e8}> (0x00000000d4df50e8) 
thrown [./src/hotspot/share/prims/jni.cpp, line 516]
Event: 52.997 Thread 0x00007f48501e2460 Exception <a 'java/net/ConnectException'{0x00000000d4df5dc0}> (0x00000000d4df5dc0) 
thrown [./src/hotspot/share/prims/jni.cpp, line 516]
Event: 53.005 Thread 0x00007f48501e2460 Exception <a 'java/lang/NoSuchMethodError'{0x00000000d4cc2a88}: static Lorg/jetbrains/kotlin/daemon/common/CompileService$CallResult$Ok;.<clinit>()V> (0x00000000d4cc2a88) 
thrown [./src/hotspot/share/prims/jni.cpp, line 1112]
Event: 53.107 Thread 0x00007f48501e2460 Exception <a 'java/lang/NoSuchMethodError'{0x00000000d48cfe48}: static [Ljava/lang/Integer;.<clinit>()V> (0x00000000d48cfe48) 
thrown [./src/hotspot/share/prims/jni.cpp, line 1112]
Event: 58.714 Thread 0x00007f4828109500 Exception <a 'java/lang/NoSuchMethodError'{0x00000000d5de0868}: 'java.lang.Object java.lang.invoke.DirectMethodHandle$Holder.invokeStaticInit(java.lang.Object, java.lang.Object, java.lang.Object, java.lang.Object, java.lang.Object, java.lang.Object, java.lang.Object, java.lang.Object, java.lang.Object, java.lang.Object, java.lang.Object, java.lang.Object, java.lang.Object, java.lang.Object, java.lang.Object, java.lang.Object, java.lang.Object, java.lang.Object, java.lang.Object, java.lang.Object, int, java
Event: 60.736 Thread 0x00007f484802b610 Implicit null exception at 0x00007f486956f9a0 to 0x00007f4869571f5c
Event: 60.736 Thread 0x00007f484802b610 Exception <a 'java/lang/IncompatibleClassChangeError'{0x00000000d069af70}: Found class java.lang.Object, but interface was expected> (0x00000000d069af70) 
thrown [./src/hotspot/share/interpreter/linkResolver.cpp, line 826]
Event: 60.736 Thread 0x00007f484dadc480 Exception <a 'java/lang/IncompatibleClassChangeError'{0x00000000d0669228}: Found class java.lang.Object, but interface was expected> (0x00000000d0669228) 
thrown [./src/hotspot/share/interpreter/linkResolver.cpp, line 826]
Event: 60.819 Thread 0x00007f484dadc480 Implicit null exception at 0x00007f4869261223 to 0x00007f4869261408
Event: 60.902 Thread 0x00007f484802b610 Exception <a 'java/lang/NoSuchMethodError'{0x00000000d04f3888}: 'long java.lang.invoke.DirectMethodHandle$Holder.invokeStatic(java.lang.Object, java.lang.Object, java.lang.Object)'> (0x00000000d04f3888) 
thrown [./src/hotspot/share/interpreter/linkResolver.cpp, line 758]
Event: 61.201 Thread 0x00007f484dadc480 Exception <a 'java/lang/IncompatibleClassChangeError'{0x00000000cfcd2360}: Found class java.lang.Object, but interface was expected> (0x00000000cfcd2360) 
thrown [./src/hotspot/share/interpreter/linkResolver.cpp, line 826]
Event: 61.202 Thread 0x00007f484dadc480 Exception <a 'java/lang/IncompatibleClassChangeError'{0x00000000cfcd6588}: Found class java.lang.Object, but interface was expected> (0x00000000cfcd6588) 
thrown [./src/hotspot/share/interpreter/linkResolver.cpp, line 826]

VM Operations (20 events):
Event: 61.198 Executing VM operation: Cleanup done
Event: 61.330 Executing VM operation: HandshakeAllThreads
Event: 61.330 Executing VM operation: HandshakeAllThreads done
Event: 62.330 Executing VM operation: Cleanup
Event: 62.331 Executing VM operation: Cleanup done
Event: 62.425 Executing VM operation: HandshakeAllThreads
Event: 62.429 Executing VM operation: HandshakeAllThreads done
Event: 62.629 Executing VM operation: G1CollectForAllocation
Event: 63.414 Executing VM operation: G1CollectForAllocation done
Event: 63.420 Executing VM operation: G1CollectForAllocation
Event: 64.002 Executing VM operation: G1CollectForAllocation done
Event: 65.003 Executing VM operation: Cleanup
Event: 65.006 Executing VM operation: Cleanup done
Event: 66.011 Executing VM operation: Cleanup
Event: 66.029 Executing VM operation: Cleanup done
Event: 67.098 Executing VM operation: Cleanup
Event: 67.108 Executing VM operation: Cleanup done
Event: 67.509 Executing VM operation: G1CollectForAllocation
Event: 68.019 Executing VM operation: G1CollectForAllocation done
Event: 69.635 Executing VM operation: G1CollectForAllocation

Memory protections (20 events):
Event: 50.411 Protecting memory [0x00007f482ccfe000,0x00007f482cd02000] with protection modes 0
Event: 50.823 Protecting memory [0x00007f482cbfd000,0x00007f482cc01000] with protection modes 0
Event: 51.099 Protecting memory [0x00007f482cafc000,0x00007f482cb00000] with protection modes 0
Event: 51.303 Protecting memory [0x00007f482c9fb000,0x00007f482c9ff000] with protection modes 0
Event: 51.324 Protecting memory [0x00007f482c8fa000,0x00007f482c8fe000] with protection modes 0
Event: 52.318 Protecting memory [0x00007f482c7f9000,0x00007f482c7fd000] with protection modes 0
Event: 52.417 Protecting memory [0x00007f482c6f8000,0x00007f482c6fc000] with protection modes 0
Event: 52.726 Protecting memory [0x00007f482c5f7000,0x00007f482c5fb000] with protection modes 0
Event: 52.828 Protecting memory [0x00007f482c4f6000,0x00007f482c4fa000] with protection modes 0
Event: 52.834 Protecting memory [0x00007f482c3f5000,0x00007f482c3f9000] with protection modes 0
Event: 52.839 Protecting memory [0x00007f482c2f4000,0x00007f482c2f8000] with protection modes 0
Event: 53.042 Protecting memory [0x00007f482c1f3000,0x00007f482c1f7000] with protection modes 0
Event: 53.044 Protecting memory [0x00007f482c0f2000,0x00007f482c0f6000] with protection modes 0
Event: 53.139 Protecting memory [0x00007f4803f00000,0x00007f4803f04000] with protection modes 0
Event: 53.147 Protecting memory [0x00007f4803dff000,0x00007f4803e03000] with protection modes 0
Event: 54.235 Protecting memory [0x00007f4803cfe000,0x00007f4803d02000] with protection modes 0
Event: 56.435 Protecting memory [0x00007f4803bfd000,0x00007f4803c01000] with protection modes 0
Event: 56.613 Protecting memory [0x00007f4803afc000,0x00007f4803b00000] with protection modes 0
Event: 60.725 Protecting memory [0x00007f48039fb000,0x00007f48039ff000] with protection modes 0
Event: 60.735 Protecting memory [0x00007f48038fa000,0x00007f48038fe000] with protection modes 0

Nmethod flushes (20 events):
Event: 50.032 Thread 0x00007f48780b9a10 flushing  nmethod 0x00007f486249a790
Event: 50.032 Thread 0x00007f48780b9a10 flushing  nmethod 0x00007f48624ab210
Event: 50.032 Thread 0x00007f48780b9a10 flushing  nmethod 0x00007f48624af310
Event: 50.032 Thread 0x00007f48780b9a10 flushing  nmethod 0x00007f48624af810
Event: 50.032 Thread 0x00007f48780b9a10 flushing  nmethod 0x00007f4862529610
Event: 50.041 Thread 0x00007f48780b9a10 flushing  nmethod 0x00007f48625c7f10
Event: 50.041 Thread 0x00007f48780b9a10 flushing  nmethod 0x00007f48625d4a10
Event: 50.041 Thread 0x00007f48780b9a10 flushing  nmethod 0x00007f48625d4d90
Event: 50.041 Thread 0x00007f48780b9a10 flushing  nmethod 0x00007f48625da490
Event: 50.041 Thread 0x00007f48780b9a10 flushing  nmethod 0x00007f48625df910
Event: 50.041 Thread 0x00007f48780b9a10 flushing  nmethod 0x00007f48625e1a90
Event: 50.041 Thread 0x00007f48780b9a10 flushing  nmethod 0x00007f48625e3b10
Event: 50.041 Thread 0x00007f48780b9a10 flushing  nmethod 0x00007f4862623510
Event: 61.332 Thread 0x00007f48780b9a10 flushing  nmethod 0x00007f486920b510
Event: 61.332 Thread 0x00007f48780b9a10 flushing  nmethod 0x00007f486924d010
Event: 61.332 Thread 0x00007f48780b9a10 flushing  nmethod 0x00007f486924db10
Event: 61.332 Thread 0x00007f48780b9a10 flushing  nmethod 0x00007f48692dd510
Event: 61.333 Thread 0x00007f48780b9a10 flushing  nmethod 0x00007f486943ac10
Event: 61.409 Thread 0x00007f48780b9a10 flushing  nmethod 0x00007f4861e82690
Event: 61.410 Thread 0x00007f48780b9a10 flushing  nmethod 0x00007f4861f5ef10

Events (20 events):
Event: 50.403 Thread 0x00007f484e44a8c0 Thread added: 0x00007f48540535a0
Event: 50.815 Thread 0x00007f485401d580 Thread added: 0x00007f485008d670
Event: 51.099 Thread 0x00007f485401d580 Thread added: 0x00007f48500898e0
Event: 51.303 Thread 0x00007f485401d580 Thread added: 0x00007f4850093190
Event: 51.324 Thread 0x00007f485401d580 Thread added: 0x00007f4850095410
Event: 52.315 Thread 0x00007f485401d580 Thread added: 0x00007f48501e2460
Event: 52.413 Thread 0x00007f484e44a8c0 Thread added: 0x00007f48540566d0
Event: 52.721 Thread 0x00007f484e44a8c0 Thread added: 0x00007f4854059170
Event: 52.818 Thread 0x00007f48501e2460 Thread added: 0x00007f4858066000
Event: 52.833 Thread 0x00007f48501e2460 Thread added: 0x00007f48580bcd90
Event: 52.838 Thread 0x00007f48501e2460 Thread added: 0x00007f48580becb0
Event: 53.042 Thread 0x00007f48501e2460 Thread added: 0x00007f48580d22c0
Event: 53.043 Thread 0x00007f48501e2460 Thread added: 0x00007f48580d3570
Event: 53.139 Thread 0x00007f48580d22c0 Thread added: 0x00007f481000cb80
Event: 53.144 Thread 0x00007f484e44a8c0 Thread added: 0x00007f4854056f40
Event: 54.231 Thread 0x00007f484e44a8c0 Thread added: 0x00007f485405d1e0
Event: 56.434 Thread 0x00007f484e44a8c0 Thread added: 0x00007f48541849a0
Event: 56.612 Thread 0x00007f48541849a0 Thread added: 0x00007f4828109500
Event: 60.723 Thread 0x00007f4828109500 Thread added: 0x00007f484dadc480
Event: 60.735 Thread 0x00007f484dadc480 Thread added: 0x00007f484802b610


Dynamic libraries:
c0000000-d6d00000 rw-p 00000000 00:00 0 
e6700000-fdd00000 ---p 00000000 00:00 0 
fdd00000-ffe00000 rw-p 00000000 00:00 0 
ffe00000-ffe75000 rw-p 00c7a000 00:25 13853                              /usr/lib/jvm/java-17-openjdk-amd64/lib/server/classes.jsa
ffe75000-fff00000 rw-p 00000000 00:00 0 
fff00000-fff78000 rw-p 00c02000 00:25 13853                              /usr/lib/jvm/java-17-openjdk-amd64/lib/server/classes.jsa
fff78000-100000000 rw-p 00000000 00:00 0 
563605dfd000-563605dfe000 r--p 00000000 00:25 13495                      /usr/lib/jvm/java-17-openjdk-amd64/bin/java
563605dfe000-563605dff000 r-xp 00001000 00:25 13495                      /usr/lib/jvm/java-17-openjdk-amd64/bin/java
563605dff000-563605e00000 r--p 00002000 00:25 13495                      /usr/lib/jvm/java-17-openjdk-amd64/bin/java
563605e00000-563605e01000 r--p 00002000 00:25 13495                      /usr/lib/jvm/java-17-openjdk-amd64/bin/java
563605e01000-563605e02000 rw-p 00003000 00:25 13495                      /usr/lib/jvm/java-17-openjdk-amd64/bin/java
563606b5b000-563606c05000 rw-p 00000000 00:00 0                          [heap]
7f480356a000-7f48037f8000 rw-p 00000000 00:00 0 
7f48037f8000-7f48037f9000 ---p 00000000 00:00 0 
7f48037f9000-7f48038f9000 rw-p 00000000 00:00 0 
7f48038f9000-7f48038fa000 ---p 00000000 00:00 0 
7f48038fa000-7f48038fe000 ---p 00000000 00:00 0 
7f48038fe000-7f48039fa000 rw-p 00000000 00:00 0 
7f48039fa000-7f48039fb000 ---p 00000000 00:00 0 
7f48039fb000-7f48039ff000 ---p 00000000 00:00 0 
7f48039ff000-7f4803afb000 rw-p 00000000 00:00 0 
7f4803afb000-7f4803afc000 ---p 00000000 00:00 0 
7f4803afc000-7f4803b00000 ---p 00000000 00:00 0 
7f4803b00000-7f4803bfc000 rw-p 00000000 00:00 0 
7f4803bfc000-7f4803bfd000 ---p 00000000 00:00 0 
7f4803bfd000-7f4803c01000 ---p 00000000 00:00 0 
7f4803c01000-7f4803cfd000 rw-p 00000000 00:00 0 
7f4803cfd000-7f4803cfe000 ---p 00000000 00:00 0 
7f4803cfe000-7f4803d02000 ---p 00000000 00:00 0 
7f4803d02000-7f4803dfe000 rw-p 00000000 00:00 0 
7f4803dfe000-7f4803dff000 ---p 00000000 00:00 0 
7f4803dff000-7f4803e03000 ---p 00000000 00:00 0 
7f4803e03000-7f4803eff000 rw-p 00000000 00:00 0 
7f4803eff000-7f4803f00000 ---p 00000000 00:00 0 
7f4803f00000-7f4803f04000 ---p 00000000 00:00 0 
7f4803f04000-7f4804380000 rw-p 00000000 00:00 0 
7f4804380000-7f4804400000 rw-p 00000000 00:00 0 
7f4804400000-7f4804500000 rw-p 00000000 00:00 0 
7f4804500000-7f4804600000 rw-p 00000000 00:00 0 
7f4804600000-7f4804d00000 rw-p 00000000 00:00 0 
7f4804d00000-7f4804da0000 rw-p 00000000 00:00 0 
7f4804da0000-7f4804e00000 ---p 00000000 00:00 0 
7f4804e00000-7f4804e80000 rw-p 00000000 00:00 0 
7f4804e80000-7f4805420000 rw-p 00000000 00:00 0 
7f4805420000-7f4808000000 ---p 00000000 00:00 0 
7f4808000000-7f4808859000 rw-p 00000000 00:00 0 
7f4808859000-7f480c000000 ---p 00000000 00:00 0 
7f480c000000-7f480c021000 rw-p 00000000 00:00 0 
7f480c021000-7f4810000000 ---p 00000000 00:00 0 
7f4810000000-7f4810021000 rw-p 00000000 00:00 0 
7f4810021000-7f4814000000 ---p 00000000 00:00 0 
7f4814000000-7f4817d0b000 rw-p 00000000 00:00 0 
7f4817d0b000-7f4818000000 ---p 00000000 00:00 0 
7f4818000000-7f481802d000 rw-p 00000000 00:00 0 
7f481802d000-7f481c000000 ---p 00000000 00:00 0 
7f481c000000-7f481c054000 rw-p 00000000 00:00 0 
7f481c054000-7f4820000000 ---p 00000000 00:00 0 
7f4820000000-7f4820052000 rw-p 00000000 00:00 0 
7f4820052000-7f4824000000 ---p 00000000 00:00 0 
7f4824000000-7f4824026000 rw-p 00000000 00:00 0 
7f4824026000-7f4828000000 ---p 00000000 00:00 0 
7f4828000000-7f4828276000 rw-p 00000000 00:00 0 
7f4828276000-7f482c000000 ---p 00000000 00:00 0 
7f482c0f1000-7f482c0f2000 ---p 00000000 00:00 0 
7f482c0f2000-7f482c0f6000 ---p 00000000 00:00 0 
7f482c0f6000-7f482c1f2000 rw-p 00000000 00:00 0 
7f482c1f2000-7f482c1f3000 ---p 00000000 00:00 0 
7f482c1f3000-7f482c1f7000 ---p 00000000 00:00 0 
7f482c1f7000-7f482c2f3000 rw-p 00000000 00:00 0 
7f482c2f3000-7f482c2f4000 ---p 00000000 00:00 0 
7f482c2f4000-7f482c2f8000 ---p 00000000 00:00 0 
7f482c2f8000-7f482c3f4000 rw-p 00000000 00:00 0 
7f482c3f4000-7f482c3f5000 ---p 00000000 00:00 0 
7f482c3f5000-7f482c3f9000 ---p 00000000 00:00 0 
7f482c3f9000-7f482c4f5000 rw-p 00000000 00:00 0 
7f482c4f5000-7f482c4f6000 ---p 00000000 00:00 0 
7f482c4f6000-7f482c4fa000 ---p 00000000 00:00 0 
7f482c4fa000-7f482c5f6000 rw-p 00000000 00:00 0 
7f482c5f6000-7f482c5f7000 ---p 00000000 00:00 0 
7f482c5f7000-7f482c5fb000 ---p 00000000 00:00 0 
7f482c5fb000-7f482c6f7000 rw-p 00000000 00:00 0 
7f482c6f7000-7f482c6f8000 ---p 00000000 00:00 0 
7f482c6f8000-7f482c6fc000 ---p 00000000 00:00 0 
7f482c6fc000-7f482c7f8000 rw-p 00000000 00:00 0 
7f482c7f8000-7f482c7f9000 ---p 00000000 00:00 0 
7f482c7f9000-7f482c7fd000 ---p 00000000 00:00 0 
7f482c7fd000-7f482c8f9000 rw-p 00000000 00:00 0 
7f482c8f9000-7f482c8fa000 ---p 00000000 00:00 0 
7f482c8fa000-7f482c8fe000 ---p 00000000 00:00 0 
7f482c8fe000-7f482c9fa000 rw-p 00000000 00:00 0 
7f482c9fa000-7f482c9fb000 ---p 00000000 00:00 0 
7f482c9fb000-7f482c9ff000 ---p 00000000 00:00 0 
7f482c9ff000-7f482cafb000 rw-p 00000000 00:00 0 
7f482cafb000-7f482cafc000 ---p 00000000 00:00 0 
7f482cafc000-7f482cb00000 ---p 00000000 00:00 0 
7f482cb00000-7f482cbfc000 rw-p 00000000 00:00 0 
7f482cbfc000-7f482cbfd000 ---p 00000000 00:00 0 
7f482cbfd000-7f482cc01000 ---p 00000000 00:00 0 
7f482cc01000-7f482ccfd000 rw-p 00000000 00:00 0 
7f482ccfd000-7f482ccfe000 ---p 00000000 00:00 0 
7f482ccfe000-7f482cd02000 ---p 00000000 00:00 0 
7f482cd02000-7f482cdfe000 rw-p 00000000 00:00 0 
7f482cdfe000-7f482cdff000 ---p 00000000 00:00 0 
7f482cdff000-7f482ce03000 ---p 00000000 00:00 0 
7f482ce03000-7f482ceff000 rw-p 00000000 00:00 0 
7f482ceff000-7f482cf00000 ---p 00000000 00:00 0 
7f482cf00000-7f482cf04000 ---p 00000000 00:00 0 
7f482cf04000-7f482d000000 rw-p 00000000 00:00 0 
7f482d000000-7f482d001000 ---p 00000000 00:00 0 
7f482d001000-7f482d005000 ---p 00000000 00:00 0 
7f482d005000-7f482d101000 rw-p 00000000 00:00 0 
7f482d101000-7f482d102000 ---p 00000000 00:00 0 
7f482d102000-7f482d106000 ---p 00000000 00:00 0 
7f482d106000-7f482d202000 rw-p 00000000 00:00 0 
7f482d202000-7f482d203000 ---p 00000000 00:00 0 
7f482d203000-7f482d207000 ---p 00000000 00:00 0 
7f482d207000-7f482d303000 rw-p 00000000 00:00 0 
7f482d303000-7f482d304000 ---p 00000000 00:00 0 
7f482d304000-7f482d308000 ---p 00000000 00:00 0 
7f482d308000-7f482d404000 rw-p 00000000 00:00 0 
7f482d404000-7f482d405000 ---p 00000000 00:00 0 
7f482d405000-7f482d409000 ---p 00000000 00:00 0 
7f482d409000-7f482d505000 rw-p 00000000 00:00 0 
7f482d505000-7f482d506000 ---p 00000000 00:00 0 
7f482d506000-7f482d50a000 ---p 00000000 00:00 0 
7f482d50a000-7f482d606000 rw-p 00000000 00:00 0 
7f482d606000-7f482d607000 ---p 00000000 00:00 0 
7f482d607000-7f482d60b000 ---p 00000000 00:00 0 
7f482d60b000-7f482d707000 rw-p 00000000 00:00 0 
7f482d707000-7f482d708000 ---p 00000000 00:00 0 
7f482d708000-7f482d70c000 ---p 00000000 00:00 0 
7f482d70c000-7f482d808000 rw-p 00000000 00:00 0 
7f482d808000-7f482d809000 ---p 00000000 00:00 0 
7f482d809000-7f482d80d000 ---p 00000000 00:00 0 
7f482d80d000-7f482d909000 rw-p 00000000 00:00 0 
7f482d909000-7f482d90a000 ---p 00000000 00:00 0 
7f482d90a000-7f482d90e000 ---p 00000000 00:00 0 
7f482d90e000-7f482da0a000 rw-p 00000000 00:00 0 
7f482da0a000-7f482da0b000 ---p 00000000 00:00 0 
7f482da0b000-7f482da0f000 ---p 00000000 00:00 0 
7f482da0f000-7f482db0b000 rw-p 00000000 00:00 0 
7f482db0b000-7f482db0c000 ---p 00000000 00:00 0 
7f482db0c000-7f482db10000 ---p 00000000 00:00 0 
7f482db10000-7f482dc0c000 rw-p 00000000 00:00 0 
7f482dc0c000-7f482dc0d000 ---p 00000000 00:00 0 
7f482dc0d000-7f482dc11000 ---p 00000000 00:00 0 
7f482dc11000-7f482dd0d000 rw-p 00000000 00:00 0 
7f482dd0d000-7f482dd0e000 ---p 00000000 00:00 0 
7f482dd0e000-7f482dd12000 ---p 00000000 00:00 0 
7f482dd12000-7f482de0e000 rw-p 00000000 00:00 0 
7f482de0e000-7f482de0f000 ---p 00000000 00:00 0 
7f482de0f000-7f482de13000 ---p 00000000 00:00 0 
7f482de13000-7f482df0f000 rw-p 00000000 00:00 0 
7f482df0f000-7f482df10000 ---p 00000000 00:00 0 
7f482df10000-7f482df14000 ---p 00000000 00:00 0 
7f482df14000-7f482e010000 rw-p 00000000 00:00 0 
7f482e010000-7f482e011000 ---p 00000000 00:00 0 
7f482e011000-7f482e015000 ---p 00000000 00:00 0 
7f482e015000-7f482e111000 rw-p 00000000 00:00 0 
7f482e111000-7f482e112000 ---p 00000000 00:00 0 
7f482e112000-7f482e116000 ---p 00000000 00:00 0 
7f482e116000-7f482e212000 rw-p 00000000 00:00 0 
7f482e212000-7f482e213000 ---p 00000000 00:00 0 
7f482e213000-7f482e217000 ---p 00000000 00:00 0 
7f482e217000-7f482e313000 rw-p 00000000 00:00 0 
7f482e313000-7f482e314000 ---p 00000000 00:00 0 
7f482e314000-7f482e318000 ---p 00000000 00:00 0 
7f482e318000-7f482e414000 rw-p 00000000 00:00 0 
7f482e414000-7f482e415000 ---p 00000000 00:00 0 
7f482e415000-7f482e419000 ---p 00000000 00:00 0 
7f482e419000-7f482e515000 rw-p 00000000 00:00 0 
7f482e5f6000-7f482e5f7000 ---p 00000000 00:00 0 
7f482e5f7000-7f482e5fb000 ---p 00000000 00:00 0 
7f482e5fb000-7f482e6f7000 rw-p 00000000 00:00 0 
7f482e6f7000-7f482e6f8000 ---p 00000000 00:00 0 
7f482e6f8000-7f482e6fc000 ---p 00000000 00:00 0 
7f482e6fc000-7f482e7f8000 rw-p 00000000 00:00 0 
7f482e7f8000-7f482e7f9000 ---p 00000000 00:00 0 
7f482e7f9000-7f482e7fd000 ---p 00000000 00:00 0 
7f482e7fd000-7f482e8f9000 rw-p 00000000 00:00 0 
7f482e8f9000-7f482e8fa000 ---p 00000000 00:00 0 
7f482e8fa000-7f482e8fe000 ---p 00000000 00:00 0 
7f482e8fe000-7f482e9fa000 rw-p 00000000 00:00 0 
7f482e9fa000-7f482e9fb000 ---p 00000000 00:00 0 
7f482e9fb000-7f482e9ff000 ---p 00000000 00:00 0 
7f482e9ff000-7f482eafb000 rw-p 00000000 00:00 0 
7f482eafb000-7f482eafc000 ---p 00000000 00:00 0 
7f482eafc000-7f482eb00000 ---p 00000000 00:00 0 
7f482eb00000-7f482ebfc000 rw-p 00000000 00:00 0 
7f482ebfc000-7f482ebfd000 ---p 00000000 00:00 0 
7f482ebfd000-7f482ec01000 ---p 00000000 00:00 0 
7f482ec01000-7f482ecfd000 rw-p 00000000 00:00 0 
7f482ecfd000-7f482ecfe000 ---p 00000000 00:00 0 
7f482ecfe000-7f482ed02000 ---p 00000000 00:00 0 
7f482ed02000-7f482edfe000 rw-p 00000000 00:00 0 
7f482edfe000-7f482edff000 ---p 00000000 00:00 0 
7f482edff000-7f482ee03000 ---p 00000000 00:00 0 
7f482ee03000-7f482eeff000 rw-p 00000000 00:00 0 
7f482eeff000-7f482ef00000 ---p 00000000 00:00 0 
7f482ef00000-7f482ef04000 ---p 00000000 00:00 0 
7f482ef04000-7f482f400000 rw-p 00000000 00:00 0 
7f482f400000-7f482f7e0000 rw-p 00000000 00:00 0 
7f482f7e0000-7f482f800000 rw-p 00000000 00:00 0 
7f482f800000-7f482f980000 rw-p 00000000 00:00 0 
7f482f980000-7f482fa00000 rw-p 00000000 00:00 0 
7f482fa00000-7f482fdc0000 rw-p 00000000 00:00 0 
7f482fdc0000-7f482fe00000 rw-p 00000000 00:00 0 
7f482fe00000-7f4830400000 rw-p 00000000 00:00 0 
7f4830400000-7f4830680000 rw-p 00000000 00:00 0 
7f4830680000-7f4830700000 rw-p 00000000 00:00 0 
7f4830700000-7f4830900000 rw-p 00000000 00:00 0 
7f4830900000-7f4830a00000 rw-p 00000000 00:00 0 
7f4830a00000-7f4831700000 rw-p 00000000 00:00 0 
7f4831700000-7f4831800000 rw-p 00000000 00:00 0 
7f4831800000-7f4831d00000 rw-p 00000000 00:00 0 
7f4831d00000-7f4831e00000 rw-p 00000000 00:00 0 
7f4831e00000-7f4832200000 rw-p 00000000 00:00 0 
7f4832200000-7f4833000000 rw-p 00000000 00:00 0 
7f4833000000-7f4833455000 rw-p 00001000 00:25 13853                      /usr/lib/jvm/java-17-openjdk-amd64/lib/server/classes.jsa
7f4833455000-7f4833bca000 rw-p 00456000 00:25 13853                      /usr/lib/jvm/java-17-openjdk-amd64/lib/server/classes.jsa
7f4833bca000-7f4834000000 ---p 00000000 00:00 0 
7f4834000000-7f4834040000 rw-p 00000000 00:00 0 
7f4834040000-7f4834080000 rw-p 00000000 00:00 0 
7f4834080000-7f4834140000 rw-p 00000000 00:00 0 
7f4834140000-7f4834440000 rw-p 00000000 00:00 0 
7f4834440000-7f4834780000 rw-p 00000000 00:00 0 
7f4834780000-7f4834b40000 rw-p 00000000 00:00 0 
7f4834b40000-7f4834b80000 rw-p 00000000 00:00 0 
7f4834b80000-7f4834de0000 rw-p 00000000 00:00 0 
7f4834de0000-7f4834df0000 rw-p 00000000 00:00 0 
7f4834df0000-7f4848000000 ---p 00000000 00:00 0 
7f4848000000-7f484818b000 rw-p 00000000 00:00 0 
7f484818b000-7f484c000000 ---p 00000000 00:00 0 
7f484c000000-7f484e603000 rw-p 00000000 00:00 0 
7f484e603000-7f4850000000 ---p 00000000 00:00 0 
7f4850000000-7f48501e6000 rw-p 00000000 00:00 0 
7f48501e6000-7f4854000000 ---p 00000000 00:00 0 
7f4854000000-7f4854234000 rw-p 00000000 00:00 0 
7f4854234000-7f4858000000 ---p 00000000 00:00 0 
7f4858000000-7f48580fd000 rw-p 00000000 00:00 0 
7f48580fd000-7f485c000000 ---p 00000000 00:00 0 
7f485c0fd000-7f485c0fe000 ---p 00000000 00:00 0 
7f485c0fe000-7f485c102000 ---p 00000000 00:00 0 
7f485c102000-7f485c1fe000 rw-p 00000000 00:00 0 
7f485c1fe000-7f485c1ff000 ---p 00000000 00:00 0 
7f485c1ff000-7f485c203000 ---p 00000000 00:00 0 
7f485c203000-7f485c2ff000 rw-p 00000000 00:00 0 
7f485c2ff000-7f485c300000 ---p 00000000 00:00 0 
7f485c300000-7f485c304000 ---p 00000000 00:00 0 
7f485c304000-7f485c400000 rw-p 00000000 00:00 0 
7f485c400000-7f485c453000 r-xp 00000000 fe:00 132015                     /root/.gradle/native/38dada09dfb8b06ba9b0570ebf7e218e3eb74d4ef43ca46872605cf95ebc2f47/linux-amd64/libnative-platform-file-events.so
7f485c453000-7f485c652000 ---p 00053000 fe:00 132015                     /root/.gradle/native/38dada09dfb8b06ba9b0570ebf7e218e3eb74d4ef43ca46872605cf95ebc2f47/linux-amd64/libnative-platform-file-events.so
7f485c652000-7f485c653000 r--p 00052000 fe:00 132015                     /root/.gradle/native/38dada09dfb8b06ba9b0570ebf7e218e3eb74d4ef43ca46872605cf95ebc2f47/linux-amd64/libnative-platform-file-events.so
7f485c653000-7f485c655000 rw-p 00053000 fe:00 132015                     /root/.gradle/native/38dada09dfb8b06ba9b0570ebf7e218e3eb74d4ef43ca46872605cf95ebc2f47/linux-amd64/libnative-platform-file-events.so
7f485c6ff000-7f485c700000 ---p 00000000 00:00 0 
7f485c700000-7f485c704000 ---p 00000000 00:00 0 
7f485c704000-7f485c800000 rw-p 00000000 00:00 0 
7f485c800000-7f485c805000 r-xp 00000000 fe:00 131996                     /root/.gradle/native/c067742578af261105cb4f569cf0c3c89f3d7b1fecec35dd04571415982c5e48/linux-amd64/libnative-platform.so
7f485c805000-7f485ca05000 ---p 00005000 fe:00 131996                     /root/.gradle/native/c067742578af261105cb4f569cf0c3c89f3d7b1fecec35dd04571415982c5e48/linux-amd64/libnative-platform.so
7f485ca05000-7f485ca06000 r--p 00005000 fe:00 131996                     /root/.gradle/native/c067742578af261105cb4f569cf0c3c89f3d7b1fecec35dd04571415982c5e48/linux-amd64/libnative-platform.so
7f485ca06000-7f485ca07000 rw-p 00006000 fe:00 131996                     /root/.gradle/native/c067742578af261105cb4f569cf0c3c89f3d7b1fecec35dd04571415982c5e48/linux-amd64/libnative-platform.so
7f485ca6e000-7f485ca72000 r--p 00000000 00:25 13842                      /usr/lib/jvm/java-17-openjdk-amd64/lib/libverify.so
7f485ca72000-7f485ca79000 r-xp 00004000 00:25 13842                      /usr/lib/jvm/java-17-openjdk-amd64/lib/libverify.so
7f485ca79000-7f485ca7b000 r--p 0000b000 00:25 13842                      /usr/lib/jvm/java-17-openjdk-amd64/lib/libverify.so
7f485ca7b000-7f485ca7d000 r--p 0000c000 00:25 13842                      /usr/lib/jvm/java-17-openjdk-amd64/lib/libverify.so
7f485ca7d000-7f485ca7e000 rw-p 0000e000 00:25 13842                      /usr/lib/jvm/java-17-openjdk-amd64/lib/libverify.so
7f485cb07000-7f485cb08000 ---p 00000000 00:00 0 
7f485cb08000-7f485cc08000 rw-p 00000000 00:00 0 
7f485cc08000-7f485cc09000 ---p 00000000 00:00 0 
7f485cc09000-7f485cd09000 rw-p 00000000 00:00 0 
7f485cd09000-7f485cd0a000 ---p 00000000 00:00 0 
7f485cd0a000-7f485cd0e000 ---p 00000000 00:00 0 
7f485cd0e000-7f485ce0a000 rw-p 00000000 00:00 0 
7f485ce0a000-7f485ce0b000 ---p 00000000 00:00 0 
7f485ce0b000-7f485ce0f000 ---p 00000000 00:00 0 
7f485ce0f000-7f485cf0b000 rw-p 00000000 00:00 0 
7f485cf0b000-7f485cf0c000 ---p 00000000 00:00 0 
7f485cf0c000-7f485cf10000 ---p 00000000 00:00 0 
7f485cf10000-7f485d00c000 rw-p 00000000 00:00 0 
7f485d00c000-7f485d00d000 ---p 00000000 00:00 0 
7f485d00d000-7f485d011000 ---p 00000000 00:00 0 
7f485d011000-7f485d10d000 rw-p 00000000 00:00 0 
7f485d10d000-7f485d10e000 ---p 00000000 00:00 0 
7f485d10e000-7f485d112000 ---p 00000000 00:00 0 
7f485d112000-7f485d20e000 rw-p 00000000 00:00 0 
7f485d20e000-7f485d20f000 ---p 00000000 00:00 0 
7f485d20f000-7f485d213000 ---p 00000000 00:00 0 
7f485d213000-7f485d30f000 rw-p 00000000 00:00 0 
7f485d30f000-7f485d310000 ---p 00000000 00:00 0 
7f485d310000-7f485d314000 ---p 00000000 00:00 0 
7f485d314000-7f485d410000 rw-p 00000000 00:00 0 
7f485d410000-7f485d411000 ---p 00000000 00:00 0 
7f485d411000-7f485d415000 ---p 00000000 00:00 0 
7f485d415000-7f485fac5000 rw-p 00000000 00:00 0 
7f485fac5000-7f4860485000 ---p 00000000 00:00 0 
7f4860485000-7f4860ac5000 rw-p 00000000 00:00 0 
7f4860ac5000-7f4861485000 ---p 00000000 00:00 0 
7f4861485000-7f4861511000 rw-p 00000000 00:00 0 
7f4861511000-7f4862af1000 rwxp 00000000 00:00 0 
7f4862af1000-7f4868a49000 ---p 00000000 00:00 0 
7f4868a49000-7f4868cc9000 rwxp 00000000 00:00 0 
7f4868cc9000-7f4868fd8000 ---p 00000000 00:00 0 
7f4868fd8000-7f48695b8000 rwxp 00000000 00:00 0 
7f48695b8000-7f4870511000 ---p 00000000 00:00 0 
7f4870511000-7f4878000000 r--s 00000000 00:25 13844                      /usr/lib/jvm/java-17-openjdk-amd64/lib/modules
7f4878000000-7f48791ea000 rw-p 00000000 00:00 0 
7f48791ea000-7f487c000000 ---p 00000000 00:00 0 
7f487c076000-7f487c077000 r--p 00000000 00:25 13837                      /usr/lib/jvm/java-17-openjdk-amd64/lib/librmi.so
7f487c077000-7f487c078000 r-xp 00001000 00:25 13837                      /usr/lib/jvm/java-17-openjdk-amd64/lib/librmi.so
7f487c078000-7f487c079000 r--p 00002000 00:25 13837                      /usr/lib/jvm/java-17-openjdk-amd64/lib/librmi.so
7f487c079000-7f487c07a000 r--p 00002000 00:25 13837                      /usr/lib/jvm/java-17-openjdk-amd64/lib/librmi.so
7f487c07a000-7f487c07b000 rw-p 00003000 00:25 13837                      /usr/lib/jvm/java-17-openjdk-amd64/lib/librmi.so
7f487c07b000-7f487c07c000 r--p 00000000 00:25 13813                      /usr/lib/jvm/java-17-openjdk-amd64/lib/libextnet.so
7f487c07c000-7f487c07d000 r-xp 00001000 00:25 13813                      /usr/lib/jvm/java-17-openjdk-amd64/lib/libextnet.so
7f487c07d000-7f487c07e000 r--p 00002000 00:25 13813                      /usr/lib/jvm/java-17-openjdk-amd64/lib/libextnet.so
7f487c07e000-7f487c07f000 r--p 00002000 00:25 13813                      /usr/lib/jvm/java-17-openjdk-amd64/lib/libextnet.so
7f487c07f000-7f487c080000 rw-p 00003000 00:25 13813                      /usr/lib/jvm/java-17-openjdk-amd64/lib/libextnet.so
7f487c080000-7f487c082000 r--p 00000000 00:25 13832                      /usr/lib/jvm/java-17-openjdk-amd64/lib/libmanagement_ext.so
7f487c082000-7f487c085000 r-xp 00002000 00:25 13832                      /usr/lib/jvm/java-17-openjdk-amd64/lib/libmanagement_ext.so
7f487c085000-7f487c086000 r--p 00005000 00:25 13832                      /usr/lib/jvm/java-17-openjdk-amd64/lib/libmanagement_ext.so
7f487c086000-7f487c087000 r--p 00006000 00:25 13832                      /usr/lib/jvm/java-17-openjdk-amd64/lib/libmanagement_ext.so
7f487c087000-7f487c088000 rw-p 00007000 00:25 13832                      /usr/lib/jvm/java-17-openjdk-amd64/lib/libmanagement_ext.so
7f487c088000-7f487c089000 r--p 00000000 00:25 18162                      /usr/lib/x86_64-linux-gnu/libpthread.so.0
7f487c089000-7f487c08a000 r-xp 00001000 00:25 18162                      /usr/lib/x86_64-linux-gnu/libpthread.so.0
7f487c08a000-7f487c08b000 r--p 00002000 00:25 18162                      /usr/lib/x86_64-linux-gnu/libpthread.so.0
7f487c08b000-7f487c08c000 r--p 00002000 00:25 18162                      /usr/lib/x86_64-linux-gnu/libpthread.so.0
7f487c08c000-7f487c08d000 rw-p 00003000 00:25 18162                      /usr/lib/x86_64-linux-gnu/libpthread.so.0
7f487c08d000-7f487c091000 r--p 00000000 00:25 13834                      /usr/lib/jvm/java-17-openjdk-amd64/lib/libnet.so
7f487c091000-7f487c09f000 r-xp 00004000 00:25 13834                      /usr/lib/jvm/java-17-openjdk-amd64/lib/libnet.so
7f487c09f000-7f487c0a3000 r--p 00012000 00:25 13834                      /usr/lib/jvm/java-17-openjdk-amd64/lib/libnet.so
7f487c0a3000-7f487c0a4000 r--p 00015000 00:25 13834                      /usr/lib/jvm/java-17-openjdk-amd64/lib/libnet.so
7f487c0a4000-7f487c0a5000 rw-p 00016000 00:25 13834                      /usr/lib/jvm/java-17-openjdk-amd64/lib/libnet.so
7f487c0a5000-7f487c0fc000 r--p 00000000 00:25 13893                      /usr/lib/locale/C.utf8/LC_CTYPE
7f487c0fc000-7f487c0fd000 ---p 00000000 00:00 0 
7f487c0fd000-7f487c101000 ---p 00000000 00:00 0 
7f487c101000-7f487c1fd000 rw-p 00000000 00:00 0 
7f487c1fd000-7f487c1fe000 ---p 00000000 00:00 0 
7f487c1fe000-7f487c202000 ---p 00000000 00:00 0 
7f487c202000-7f487c2fe000 rw-p 00000000 00:00 0 
7f487c2fe000-7f487c2ff000 ---p 00000000 00:00 0 
7f487c2ff000-7f487c3ff000 rw-p 00000000 00:00 0 
7f487c3ff000-7f487c404000 r--p 00000000 00:25 13828                      /usr/lib/jvm/java-17-openjdk-amd64/lib/libjsvml.so
7f487c404000-7f487c445000 r-xp 00005000 00:25 13828                      /usr/lib/jvm/java-17-openjdk-amd64/lib/libjsvml.so
7f487c445000-7f487c4ce000 r--p 00046000 00:25 13828                      /usr/lib/jvm/java-17-openjdk-amd64/lib/libjsvml.so
7f487c4ce000-7f487c4cf000 r--p 000ce000 00:25 13828                      /usr/lib/jvm/java-17-openjdk-amd64/lib/libjsvml.so
7f487c4cf000-7f487c4d0000 rw-p 000cf000 00:25 13828                      /usr/lib/jvm/java-17-openjdk-amd64/lib/libjsvml.so
7f487c4d0000-7f487c5ed000 rw-p 00000000 00:00 0 
7f487c5f0000-7f487c5f2000 r--p 00000000 00:25 13830                      /usr/lib/jvm/java-17-openjdk-amd64/lib/libmanagement.so
7f487c5f2000-7f487c5f3000 r-xp 00002000 00:25 13830                      /usr/lib/jvm/java-17-openjdk-amd64/lib/libmanagement.so
7f487c5f3000-7f487c5f4000 r--p 00003000 00:25 13830                      /usr/lib/jvm/java-17-openjdk-amd64/lib/libmanagement.so
7f487c5f4000-7f487c5f5000 r--p 00003000 00:25 13830                      /usr/lib/jvm/java-17-openjdk-amd64/lib/libmanagement.so
7f487c5f5000-7f487c5f6000 rw-p 00004000 00:25 13830                      /usr/lib/jvm/java-17-openjdk-amd64/lib/libmanagement.so
7f487c5f6000-7f487c5fd000 r--p 00000000 00:25 13835                      /usr/lib/jvm/java-17-openjdk-amd64/lib/libnio.so
7f487c5fd000-7f487c606000 r-xp 00007000 00:25 13835                      /usr/lib/jvm/java-17-openjdk-amd64/lib/libnio.so
7f487c606000-7f487c60a000 r--p 00010000 00:25 13835                      /usr/lib/jvm/java-17-openjdk-amd64/lib/libnio.so
7f487c60a000-7f487c60b000 r--p 00014000 00:25 13835                      /usr/lib/jvm/java-17-openjdk-amd64/lib/libnio.so
7f487c60b000-7f487c60c000 rw-p 00015000 00:25 13835                      /usr/lib/jvm/java-17-openjdk-amd64/lib/libnio.so
7f487c60c000-7f487c60e000 r--p 00000000 00:25 13843                      /usr/lib/jvm/java-17-openjdk-amd64/lib/libzip.so
7f487c60e000-7f487c612000 r-xp 00002000 00:25 13843                      /usr/lib/jvm/java-17-openjdk-amd64/lib/libzip.so
7f487c612000-7f487c614000 r--p 00006000 00:25 13843                      /usr/lib/jvm/java-17-openjdk-amd64/lib/libzip.so
7f487c614000-7f487c615000 r--p 00007000 00:25 13843                      /usr/lib/jvm/java-17-openjdk-amd64/lib/libzip.so
7f487c615000-7f487c616000 rw-p 00008000 00:25 13843                      /usr/lib/jvm/java-17-openjdk-amd64/lib/libzip.so
7f487c616000-7f487c617000 r--p 00000000 00:25 13899                      /usr/lib/locale/C.utf8/LC_NUMERIC
7f487c617000-7f487c618000 r--p 00000000 00:25 13902                      /usr/lib/locale/C.utf8/LC_TIME
7f487c618000-7f487c619000 r--p 00000000 00:25 13892                      /usr/lib/locale/C.utf8/LC_COLLATE
7f487c619000-7f487c61a000 r--p 00000000 00:25 13897                      /usr/lib/locale/C.utf8/LC_MONETARY
7f487c61a000-7f487c61b000 r--p 00000000 00:25 13896                      /usr/lib/locale/C.utf8/LC_MESSAGES/SYS_LC_MESSAGES
7f487c61b000-7f487c61c000 r--p 00000000 00:25 13900                      /usr/lib/locale/C.utf8/LC_PAPER
7f487c61c000-7f487c61d000 r--p 00000000 00:25 13898                      /usr/lib/locale/C.utf8/LC_NAME
7f487c61d000-7f487c624000 r--s 00000000 00:25 17585                      /usr/lib/x86_64-linux-gnu/gconv/gconv-modules.cache
7f487c624000-7f487c625000 ---p 00000000 00:00 0 
7f487c625000-7f487c725000 rw-p 00000000 00:00 0 
7f487c725000-7f487c726000 ---p 00000000 00:00 0 
7f487c726000-7f487ca28000 rw-p 00000000 00:00 0 
7f487ca28000-7f487ca29000 ---p 00000000 00:00 0 
7f487ca29000-7f487cb29000 rw-p 00000000 00:00 0 
7f487cb29000-7f487cb2a000 ---p 00000000 00:00 0 
7f487cb2a000-7f487cc2a000 rw-p 00000000 00:00 0 
7f487cc2a000-7f487cc2b000 ---p 00000000 00:00 0 
7f487cc2b000-7f487ce05000 rw-p 00000000 00:00 0 
7f487ce05000-7f487cf3c000 ---p 00000000 00:00 0 
7f487cf3c000-7f487d005000 rw-p 00000000 00:00 0 
7f487d005000-7f487d13c000 ---p 00000000 00:00 0 
7f487d13c000-7f487d205000 rw-p 00000000 00:00 0 
7f487d205000-7f487d33c000 ---p 00000000 00:00 0 
7f487d33c000-7f487d55c000 rw-p 00000000 00:00 0 
7f487d55c000-7f487d63b000 ---p 00000000 00:00 0 
7f487d63b000-7f487d667000 rw-p 00000000 00:00 0 
7f487d667000-7f487d726000 ---p 00000000 00:00 0 
7f487d726000-7f487d72b000 rw-p 00000000 00:00 0 
7f487d72b000-7f487d732000 ---p 00000000 00:00 0 
7f487d732000-7f487d73a000 rw-s 00000000 fe:00 140216                     /tmp/hsperfdata_root/4097
7f487d73a000-7f487d746000 r--p 00000000 00:25 13820                      /usr/lib/jvm/java-17-openjdk-amd64/lib/libjava.so
7f487d746000-7f487d757000 r-xp 0000c000 00:25 13820                      /usr/lib/jvm/java-17-openjdk-amd64/lib/libjava.so
7f487d757000-7f487d75d000 r--p 0001d000 00:25 13820                      /usr/lib/jvm/java-17-openjdk-amd64/lib/libjava.so
7f487d75d000-7f487d75e000 r--p 00022000 00:25 13820                      /usr/lib/jvm/java-17-openjdk-amd64/lib/libjava.so
7f487d75e000-7f487d75f000 rw-p 00023000 00:25 13820                      /usr/lib/jvm/java-17-openjdk-amd64/lib/libjava.so
7f487d75f000-7f487d760000 rw-p 00000000 00:00 0 
7f487d760000-7f487d761000 r--p 00000000 00:25 13815                      /usr/lib/jvm/java-17-openjdk-amd64/lib/libinstrument.so
7f487d761000-7f487d767000 r-xp 00001000 00:25 13815                      /usr/lib/jvm/java-17-openjdk-amd64/lib/libinstrument.so
7f487d767000-7f487d76a000 r--p 00007000 00:25 13815                      /usr/lib/jvm/java-17-openjdk-amd64/lib/libinstrument.so
7f487d76a000-7f487d76b000 r--p 00009000 00:25 13815                      /usr/lib/jvm/java-17-openjdk-amd64/lib/libinstrument.so
7f487d76b000-7f487d76c000 rw-p 0000a000 00:25 13815                      /usr/lib/jvm/java-17-openjdk-amd64/lib/libinstrument.so
7f487d76c000-7f487d76e000 r--p 00000000 00:25 13824                      /usr/lib/jvm/java-17-openjdk-amd64/lib/libjimage.so
7f487d76e000-7f487d771000 r-xp 00002000 00:25 13824                      /usr/lib/jvm/java-17-openjdk-amd64/lib/libjimage.so
7f487d771000-7f487d772000 r--p 00005000 00:25 13824                      /usr/lib/jvm/java-17-openjdk-amd64/lib/libjimage.so
7f487d772000-7f487d773000 r--p 00006000 00:25 13824                      /usr/lib/jvm/java-17-openjdk-amd64/lib/libjimage.so
7f487d773000-7f487d774000 rw-p 00007000 00:25 13824                      /usr/lib/jvm/java-17-openjdk-amd64/lib/libjimage.so
7f487d774000-7f487d778000 ---p 00000000 00:00 0 
7f487d778000-7f487d874000 rw-p 00000000 00:00 0 
7f487d874000-7f487d877000 r--p 00000000 00:25 17971                      /usr/lib/x86_64-linux-gnu/libgcc_s.so.1
7f487d877000-7f487d88e000 r-xp 00003000 00:25 17971                      /usr/lib/x86_64-linux-gnu/libgcc_s.so.1
7f487d88e000-7f487d892000 r--p 0001a000 00:25 17971                      /usr/lib/x86_64-linux-gnu/libgcc_s.so.1
7f487d892000-7f487d893000 r--p 0001d000 00:25 17971                      /usr/lib/x86_64-linux-gnu/libgcc_s.so.1
7f487d893000-7f487d894000 rw-p 0001e000 00:25 17971                      /usr/lib/x86_64-linux-gnu/libgcc_s.so.1
7f487d894000-7f487d8a4000 r--p 00000000 00:25 18072                      /usr/lib/x86_64-linux-gnu/libm.so.6
7f487d8a4000-7f487d918000 r-xp 00010000 00:25 18072                      /usr/lib/x86_64-linux-gnu/libm.so.6
7f487d918000-7f487d972000 r--p 00084000 00:25 18072                      /usr/lib/x86_64-linux-gnu/libm.so.6
7f487d972000-7f487d973000 r--p 000dd000 00:25 18072                      /usr/lib/x86_64-linux-gnu/libm.so.6
7f487d973000-7f487d974000 rw-p 000de000 00:25 18072                      /usr/lib/x86_64-linux-gnu/libm.so.6
7f487d974000-7f487da0d000 r--p 00000000 00:25 18239                      /usr/lib/x86_64-linux-gnu/libstdc++.so.6.0.30
7f487da0d000-7f487db0e000 r-xp 00099000 00:25 18239                      /usr/lib/x86_64-linux-gnu/libstdc++.so.6.0.30
7f487db0e000-7f487db7d000 r--p 0019a000 00:25 18239                      /usr/lib/x86_64-linux-gnu/libstdc++.so.6.0.30
7f487db7d000-7f487db88000 r--p 00209000 00:25 18239                      /usr/lib/x86_64-linux-gnu/libstdc++.so.6.0.30
7f487db88000-7f487db8b000 rw-p 00214000 00:25 18239                      /usr/lib/x86_64-linux-gnu/libstdc++.so.6.0.30
7f487db8b000-7f487db8e000 rw-p 00000000 00:00 0 
7f487db8e000-7f487dddf000 r--p 00000000 00:25 13856                      /usr/lib/jvm/java-17-openjdk-amd64/lib/server/libjvm.so
7f487dddf000-7f487eb31000 r-xp 00251000 00:25 13856                      /usr/lib/jvm/java-17-openjdk-amd64/lib/server/libjvm.so
7f487eb31000-7f487edb3000 r--p 00fa3000 00:25 13856                      /usr/lib/jvm/java-17-openjdk-amd64/lib/server/libjvm.so
7f487edb3000-7f487ee6b000 r--p 01225000 00:25 13856                      /usr/lib/jvm/java-17-openjdk-amd64/lib/server/libjvm.so
7f487ee6b000-7f487eea0000 rw-p 012dd000 00:25 13856                      /usr/lib/jvm/java-17-openjdk-amd64/lib/server/libjvm.so
7f487eea0000-7f487eefc000 rw-p 00000000 00:00 0 
7f487eefc000-7f487ef22000 r--p 00000000 00:25 17860                      /usr/lib/x86_64-linux-gnu/libc.so.6
7f487ef22000-7f487f078000 r-xp 00026000 00:25 17860                      /usr/lib/x86_64-linux-gnu/libc.so.6
7f487f078000-7f487f0cb000 r--p 0017c000 00:25 17860                      /usr/lib/x86_64-linux-gnu/libc.so.6
7f487f0cb000-7f487f0cf000 r--p 001cf000 00:25 17860                      /usr/lib/x86_64-linux-gnu/libc.so.6
7f487f0cf000-7f487f0d1000 rw-p 001d3000 00:25 17860                      /usr/lib/x86_64-linux-gnu/libc.so.6
7f487f0d1000-7f487f0de000 rw-p 00000000 00:00 0 
7f487f0de000-7f487f0e0000 r--p 00000000 00:25 13825                      /usr/lib/jvm/java-17-openjdk-amd64/lib/libjli.so
7f487f0e0000-7f487f0e9000 r-xp 00002000 00:25 13825                      /usr/lib/jvm/java-17-openjdk-amd64/lib/libjli.so
7f487f0e9000-7f487f0ec000 r--p 0000b000 00:25 13825                      /usr/lib/jvm/java-17-openjdk-amd64/lib/libjli.so
7f487f0ec000-7f487f0ed000 r--p 0000d000 00:25 13825                      /usr/lib/jvm/java-17-openjdk-amd64/lib/libjli.so
7f487f0ed000-7f487f0ee000 rw-p 0000e000 00:25 13825                      /usr/lib/jvm/java-17-openjdk-amd64/lib/libjli.so
7f487f0ee000-7f487f0f1000 r--p 00000000 00:25 1006                       /usr/lib/x86_64-linux-gnu/libz.so.1.2.13
7f487f0f1000-7f487f104000 r-xp 00003000 00:25 1006                       /usr/lib/x86_64-linux-gnu/libz.so.1.2.13
7f487f104000-7f487f10b000 r--p 00016000 00:25 1006                       /usr/lib/x86_64-linux-gnu/libz.so.1.2.13
7f487f10b000-7f487f10c000 r--p 0001c000 00:25 1006                       /usr/lib/x86_64-linux-gnu/libz.so.1.2.13
7f487f10c000-7f487f10d000 rw-p 0001d000 00:25 1006                       /usr/lib/x86_64-linux-gnu/libz.so.1.2.13
7f487f10d000-7f487f10e000 r--p 00000000 00:25 13891                      /usr/lib/locale/C.utf8/LC_ADDRESS
7f487f10e000-7f487f10f000 r--p 00000000 00:25 13901                      /usr/lib/locale/C.utf8/LC_TELEPHONE
7f487f10f000-7f487f110000 r--p 00000000 00:25 13895                      /usr/lib/locale/C.utf8/LC_MEASUREMENT
7f487f110000-7f487f111000 r--p 00000000 00:25 13894                      /usr/lib/locale/C.utf8/LC_IDENTIFICATION
7f487f111000-7f487f112000 ---p 00000000 00:00 0 
7f487f112000-7f487f113000 r--p 00000000 00:00 0 
7f487f113000-7f487f114000 ---p 00000000 00:00 0 
7f487f114000-7f487f116000 rw-p 00000000 00:00 0 
7f487f116000-7f487f117000 r--p 00000000 00:25 17646                      /usr/lib/x86_64-linux-gnu/ld-linux-x86-64.so.2
7f487f117000-7f487f13d000 r-xp 00001000 00:25 17646                      /usr/lib/x86_64-linux-gnu/ld-linux-x86-64.so.2
7f487f13d000-7f487f147000 r--p 00027000 00:25 17646                      /usr/lib/x86_64-linux-gnu/ld-linux-x86-64.so.2
7f487f147000-7f487f149000 r--p 00031000 00:25 17646                      /usr/lib/x86_64-linux-gnu/ld-linux-x86-64.so.2
7f487f149000-7f487f14b000 rw-p 00033000 00:25 17646                      /usr/lib/x86_64-linux-gnu/ld-linux-x86-64.so.2
7ffd33202000-7ffd33223000 rw-p 00000000 00:00 0                          [stack]
7ffd332d6000-7ffd332d9000 r--p 00000000 00:00 0                          [vvar]
7ffd332d9000-7ffd332db000 r-xp 00000000 00:00 0                          [vdso]
ffffffffff600000-ffffffffff601000 r-xp 00000000 00:00 0                  [vsyscall]


VM Arguments:
jvm_args: -XX:MaxMetaspaceSize=384m --add-opens=java.base/java.util=ALL-UNNAMED --add-opens=java.base/java.lang=ALL-UNNAMED --add-opens=java.base/java.lang.invoke=ALL-UNNAMED --add-opens=java.prefs/java.util.prefs=ALL-UNNAMED --add-opens=java.base/java.nio.charset=ALL-UNNAMED --add-opens=java.base/java.net=ALL-UNNAMED --add-opens=java.base/java.util.concurrent.atomic=ALL-UNNAMED -Xmx1024m -Dfile.encoding=UTF-8 -Duser.country -Duser.language=en -Duser.variant -javaagent:/root/.gradle/wrapper/dists/gradle-8.6-bin/afr5mpiioh2wthjmwnkmdsd5w/gradle-8.6/lib/agents/gradle-instrumentation-agent-8.6.jar 
java_command: org.gradle.launcher.daemon.bootstrap.GradleDaemon 8.6
java_class_path (initial): /root/.gradle/wrapper/dists/gradle-8.6-bin/afr5mpiioh2wthjmwnkmdsd5w/gradle-8.6/lib/gradle-launcher-8.6.jar
Launcher Type: SUN_STANDARD

[Global flags]
     intx CICompilerCount                          = 2                                         {product} {ergonomic}
   size_t CompressedClassSpaceSize                 = 335544320                                 {product} {ergonomic}
     uint ConcGCThreads                            = 1                                         {product} {ergonomic}
     uint G1ConcRefinementThreads                  = 2                                         {product} {ergonomic}
   size_t G1HeapRegionSize                         = 1048576                                   {product} {ergonomic}
    uintx GCDrainStackTargetSize                   = 64                                        {product} {ergonomic}
   size_t InitialHeapSize                          = 33554432                                  {product} {ergonomic}
   size_t MarkStackSize                            = 4194304                                   {product} {ergonomic}
   size_t MaxHeapSize                              = 1073741824                                {product} {command line}
   size_t MaxMetaspaceSize                         = 402653184                                 {product} {command line}
   size_t MaxNewSize                               = 643825664                                 {product} {ergonomic}
   size_t MinHeapDeltaBytes                        = 1048576                                   {product} {ergonomic}
   size_t MinHeapSize                              = 8388608                                   {product} {ergonomic}
    uintx NonNMethodCodeHeapSize                   = 5826188                                {pd product} {ergonomic}
    uintx NonProfiledCodeHeapSize                  = 122916026                              {pd product} {ergonomic}
    uintx ProfiledCodeHeapSize                     = 122916026                              {pd product} {ergonomic}
    uintx ReservedCodeCacheSize                    = 251658240                              {pd product} {ergonomic}
     bool SegmentedCodeCache                       = true                                      {product} {ergonomic}
   size_t SoftMaxHeapSize                          = 1073741824                             {manageable} {ergonomic}
     bool UseCompressedClassPointers               = true                           {product lp64_product} {ergonomic}
     bool UseCompressedOops                        = true                           {product lp64_product} {ergonomic}
     bool UseG1GC                                  = true                                      {product} {ergonomic}

Logging:
Log output configuration:
 #0: stdout all=warning uptime,level,tags
 #1: stderr all=off uptime,level,tags

Environment Variables:
PATH=/usr/local/sbin:/usr/local/bin:/usr/sbin:/usr/bin:/sbin:/bin
SHELL=/bin/bash
LANG=C.UTF-8
LC_ALL=C.UTF-8
TERM=tmux-256color

Active Locale:
LC_ALL=C.UTF-8
LC_COLLATE=C.UTF-8
LC_CTYPE=C.UTF-8
LC_MESSAGES=C.UTF-8
LC_MONETARY=C.UTF-8
LC_NUMERIC=C.UTF-8
LC_TIME=C.UTF-8

Signal Handlers:
   SIGSEGV: crash_handler in libjvm.so, mask=11100100010111111101111111111110, flags=SA_RESTART|SA_SIGINFO, unblocked
    SIGBUS: crash_handler in libjvm.so, mask=11100100010111111101111111111110, flags=SA_RESTART|SA_SIGINFO, unblocked
    SIGFPE: crash_handler in libjvm.so, mask=11100100010111111101111111111110, flags=SA_RESTART|SA_SIGINFO, unblocked
   SIGPIPE: javaSignalHandler in libjvm.so, mask=11100100010111111101111111111110, flags=SA_RESTART|SA_SIGINFO, unblocked
   SIGXFSZ: javaSignalHandler in libjvm.so, mask=11100100010111111101111111111110, flags=SA_RESTART|SA_SIGINFO, unblocked
    SIGILL: crash_handler in libjvm.so, mask=11100100010111111101111111111110, flags=SA_RESTART|SA_SIGINFO, unblocked
   SIGUSR2: SR_handler in libjvm.so, mask=00100000000000000000000000000000, flags=SA_RESTART|SA_SIGINFO, unblocked
    SIGHUP: UserHandler in libjvm.so, mask=11100100010111111101111111111110, flags=SA_RESTART|SA_SIGINFO, unblocked
    SIGINT: UserHandler in libjvm.so, mask=11100100010111111101111111111110, flags=SA_RESTART|SA_SIGINFO, unblocked
   SIGTERM: UserHandler in libjvm.so, mask=11100100010111111101111111111110, flags=SA_RESTART|SA_SIGINFO, unblocked
   SIGQUIT: UserHandler in libjvm.so, mask=11100100010111111101111111111110, flags=SA_RESTART|SA_SIGINFO, unblocked
   SIGTRAP: crash_handler in libjvm.so, mask=11100100010111111101111111111110, flags=SA_RESTART|SA_SIGINFO, unblocked


Periodic native trim disabled


---------------  S Y S T E M  ---------------

OS:
PRETTY_NAME="Debian GNU/Linux 12 (bookworm)"
NAME="Debian GNU/Linux"
VERSION_ID="12"
VERSION="12 (bookworm)"
VERSION_CODENAME=bookworm
ID=debian
HOME_URL="https://www.debian.org/"
SUPPORT_URL="https://www.debian.org/support"
BUG_REPORT_URL="https://bugs.debian.org/"
uname: Linux 4.19.91-c8dfc93.al7.x86_64 #1 SMP Tue Sep 26 10:25:51 UTC 2023 x86_64
OS uptime: 0 days 0:34 hours
libc: glibc 2.36 NPTL 2.36 
rlimit (soft/hard): STACK 8192k/infinity , CORE 0k/0k , NPROC 100000/100000 , NOFILE 100000/100000 , AS infinity/infinity , CPU infinity/infinity , DATA infinity/infinity , FSIZE infinity/infinity , MEMLOCK 64k/64k
load average: 2.67 4.53 3.23

/proc/meminfo:
MemTotal:        2152516 kB
MemFree:           22580 kB
MemAvailable:       4836 kB
Buffers:             120 kB
Cached:            12548 kB
SwapCached:            0 kB
Active:          2040140 kB
Inactive:           6408 kB
Active(anon):    2033940 kB
Inactive(anon):       16 kB
Active(file):       6200 kB
Inactive(file):     6392 kB
Unevictable:           0 kB
Mlocked:               0 kB
SwapTotal:             0 kB
SwapFree:              0 kB
Dirty:                12 kB
Writeback:             0 kB
AnonPages:       2033924 kB
Mapped:            10668 kB
Shmem:                32 kB
Slab:              32680 kB
SReclaimable:      19368 kB
SUnreclaim:        13312 kB
KernelStack:        4000 kB
PageTables:         6136 kB
NFS_Unstable:          0 kB
Bounce:                0 kB
WritebackTmp:          0 kB
CommitLimit:     1076256 kB
Committed_AS:    2281512 kB
VmallocTotal:   34359738367 kB
VmallocUsed:           0 kB
VmallocChunk:          0 kB
Percpu:              384 kB
AnonHugePages:    595968 kB
ShmemHugePages:        0 kB
ShmemPmdMapped:        0 kB
HugePages_Total:       0
HugePages_Free:        0
HugePages_Rsvd:        0
HugePages_Surp:        0
Hugepagesize:       2048 kB
Hugetlb:               0 kB
DirectMap4k:        8192 kB
DirectMap2M:     2523136 kB
DirectMap1G:           0 kB

/sys/kernel/mm/transparent_hugepage/enabled: [always] madvise never
/sys/kernel/mm/transparent_hugepage/hpage_pmd_size: 2097152
/sys/kernel/mm/transparent_hugepage/defrag (defrag/compaction efforts parameter): always defer defer+madvise madvise [never]

Process Memory:
Virtual Size: 2815824K (peak: 3069208K)
Resident Set Size: 694884K (peak: 694884K) (anon: 694884K, file: 0K, shmem: 0K)
Swapped out: 0K
C-Heap outstanding allocations: 91504K, retained: 55959K
glibc malloc tunables: (default)

/proc/sys/kernel/threads-max (system-wide limit on the number of threads): 1129
/proc/sys/vm/max_map_count (maximum number of memory map areas a process may have): 65530
/proc/sys/vm/swappiness (control to define how aggressively the kernel swaps out anonymous memory): 60
/proc/sys/kernel/pid_max (system-wide limit on number of process identifiers): 32768

container (cgroup) information:
container_type: cgroupv1
cpu_cpuset_cpus: 0-1
cpu_memory_nodes: 0
active_processor_count: 2
cpu_quota: no quota
cpu_period: 100000
cpu_shares: 12288
memory_limit_in_bytes: 2097152 k
memory_and_swap_limit_in_bytes: unlimited
memory_soft_limit_in_bytes: unlimited
memory_usage_in_bytes: 2069424 k
memory_max_usage_in_bytes: 2070256 k
rss_usage_in_bytes: 2026632 k
cache_usage_in_bytes: 12340 k
kernel_memory_limit_in_bytes: unlimited
kernel_memory_usage_in_bytes: 30068 k
kernel_memory_max_usage_in_bytes: 81920 k
maximum number of tasks: unlimited
current number of tasks: 175

KVM virtualization detected
Steal ticks since vm start: 6738
Steal ticks percentage since vm start:  0.469

CPU: total 2 (initial active 2) (2 cores per cpu, 1 threads per core) family 6 model 85 stepping 7 microcode 0x1, cx8, cmov, fxsr, mmx, 3dnowpref, sse, sse2, sse3, ssse3, sse4.1, sse4.2, popcnt, lzcnt, tsc, tscinvbit, avx, avx2, aes, erms, clmul, bmi1, bmi2, adx, avx512f, avx512dq, avx512cd, avx512bw, avx512vl, fma, vzeroupper, avx512_vnni, clflush, clflushopt, clwb, hv
CPU Model and flags from /proc/cpuinfo:
model name	: Intel(R) Xeon(R) Processor @ 2.50GHz
flags		: fpu vme de pse tsc msr pae mce cx8 apic sep mtrr pge mca cmov pat pse36 clflush mmx fxsr sse sse2 ss ht syscall nx pdpe1gb rdtscp lm constant_tsc rep_good nopl xtopology nonstop_tsc cpuid tsc_known_freq pni pclmulqdq ssse3 fma cx16 pcid sse4_1 sse4_2 x2apic movbe popcnt tsc_deadline_timer aes xsave avx f16c rdrand hypervisor lahf_lm abm 3dnowprefetch cpuid_fault invpcid_single ssbd ibrs ibpb stibp ibrs_enhanced fsgsbase tsc_adjust bmi1 avx2 smep bmi2 erms invpcid mpx avx512f avx512dq rdseed adx smap clflushopt clwb avx512cd avx512bw avx512vl xsaveopt xsavec xgetbv1 xsaves umip avx512_vnni md_clear arch_capabilities

Online cpus: 0-1
Offline cpus: 
BIOS frequency limitation: <Not Available>
Frequency switch latency (ns): <Not Available>
Available cpu frequencies: <Not Available>
Current governor: <Not Available>
Core performance/turbo boost: <Not Available>

Memory: 4k page, physical 2097152k(28536k free), swap 0k(0k free)
Page Sizes: 4k

vm_info: OpenJDK 64-Bit Server VM (17.0.20+8-1-deb12u1-Debian) for linux-amd64 JRE (17.0.20+8-1-deb12u1-Debian), built on Jul 28 2026 07:08:51 by "buildd" with gcc 12.2.0

END.
