#
# There is insufficient memory for the Java Runtime Environment to continue.
# Native memory allocation (mmap) failed to map 138412032 bytes. Error detail: committing reserved memory.
# Possible reasons:
#   The system is out of physical RAM or swap space
#   This process is running with CompressedOops enabled, and the Java Heap may be blocking the growth of the native heap
# Possible solutions:
#   Reduce memory load on the system
#   Increase physical memory or swap space
#   Check if swap backing store is full
#   Decrease Java heap size (-Xmx/-Xms)
#   Decrease number of Java threads
#   Decrease Java thread stack sizes (-Xss)
#   Set larger code cache with -XX:ReservedCodeCacheSize=
#   JVM is running with Unscaled Compressed Oops mode in which the Java heap is
#     placed in the first 4GB address space. The Java Heap base address is the
#     maximum limit for the native heap growth. Please use -XX:HeapBaseMinAddress
#     to set the Java Heap base and to place the Java Heap above 4GB virtual address.
# This output file may be truncated or incomplete.
#
#  Out of Memory Error (os_linux.cpp:2834), pid=3808, tid=3818
#
# JRE version: OpenJDK Runtime Environment (17.0.20+8) (build 17.0.20+8-1-deb12u1-Debian)
# Java VM: OpenJDK 64-Bit Server VM (17.0.20+8-1-deb12u1-Debian, mixed mode, sharing, tiered, compressed oops, compressed class ptrs, g1 gc, linux-amd64)
# No core dump will be written. Core dumps have been disabled. To enable core dumping, try "ulimit -c unlimited" before starting Java again
#

---------------  S U M M A R Y ------------

Command Line: -XX:MaxMetaspaceSize=384m --add-opens=java.base/java.util=ALL-UNNAMED --add-opens=java.base/java.lang=ALL-UNNAMED --add-opens=java.base/java.lang.invoke=ALL-UNNAMED --add-opens=java.prefs/java.util.prefs=ALL-UNNAMED --add-opens=java.base/java.nio.charset=ALL-UNNAMED --add-opens=java.base/java.net=ALL-UNNAMED --add-opens=java.base/java.util.concurrent.atomic=ALL-UNNAMED -Xmx1024m -Dfile.encoding=UTF-8 -Duser.country -Duser.language=en -Duser.variant -javaagent:/root/.gradle/wrapper/dists/gradle-8.6-bin/afr5mpiioh2wthjmwnkmdsd5w/gradle-8.6/lib/agents/gradle-instrumentation-agent-8.6.jar org.gradle.launcher.daemon.bootstrap.GradleDaemon 8.6

Host: Intel(R) Xeon(R) Processor @ 2.50GHz, 2 cores, 2G, Debian GNU/Linux 12 (bookworm)
Time: Tue Oct  6 11:25:42 2026 UTC elapsed time: 59.777890 seconds (0d 0h 0m 59s)

---------------  T H R E A D  ---------------

Current thread (0x00007f62980a6d40):  VMThread "VM Thread" [stack: 0x00007f627c3c1000,0x00007f627c4c1000] [id=3818]

Stack: [0x00007f627c3c1000,0x00007f627c4c1000],  sp=0x00007f627c4bed70,  free space=1015k
Native frames: (J=compiled Java code, j=interpreted, Vv=VM code, C=native code)
V  [libjvm.so+0xf21211]  VMError::report_and_die(int, char const*, char const*, __va_list_tag*, Thread*, unsigned char*, void*, void*, char const*, int, unsigned long)+0x171
V  [libjvm.so+0xf21d7d]  VMError::report_and_die(Thread*, char const*, int, unsigned long, VMErrorType, char const*, __va_list_tag*)+0x2d
V  [libjvm.so+0x60378c]  report_vm_out_of_memory(char const*, int, unsigned long, VMErrorType, char const*, ...)+0xdc
V  [libjvm.so+0xc2a14b]  os::pd_commit_memory_or_exit(char*, unsigned long, unsigned long, bool, char const*)+0xeb
V  [libjvm.so+0xc23ffb]  os::commit_memory_or_exit(char*, unsigned long, unsigned long, bool, char const*)+0x1b
V  [libjvm.so+0x733436]  G1PageBasedVirtualSpace::commit(unsigned long, unsigned long)+0x66
V  [libjvm.so+0x7473e0]  G1RegionsLargerThanCommitSizeMapper::commit_regions(unsigned int, unsigned long, WorkGang*)+0x110
V  [libjvm.so+0x7dadc8]  HeapRegionManager::commit_regions(unsigned int, unsigned long, WorkGang*)+0x88
V  [libjvm.so+0x7dcc0b]  HeapRegionManager::expand(unsigned int, unsigned int, WorkGang*)+0x2b
V  [libjvm.so+0x7dce27]  HeapRegionManager::expand_by(unsigned int, WorkGang*)+0x77
V  [libjvm.so+0x6ebed8]  G1CollectedHeap::expand(unsigned long, WorkGang*, double*)+0xe8
V  [libjvm.so+0x6efb29]  G1CollectedHeap::do_collection_pause_at_safepoint_helper(double)+0x8a9
V  [libjvm.so+0x6efb8f]  G1CollectedHeap::do_collection_pause_at_safepoint(double)+0x2f
V  [libjvm.so+0x76b9d7]  VM_G1CollectForAllocation::doit()+0x47
V  [libjvm.so+0xf26715]  VM_Operation::evaluate()+0xe5
V  [libjvm.so+0xf28005]  VMThread::evaluate_operation(VM_Operation*)+0x105
V  [libjvm.so+0xf2857f]  VMThread::inner_execute(VM_Operation*)+0x28f
V  [libjvm.so+0xf2878f]  VMThread::run()+0xbf
V  [libjvm.so+0xea40a5]  Thread::call_run()+0xa5
V  [libjvm.so+0xc2c8f3]  thread_native_entry(Thread*)+0xe3

VM_Operation (0x00007f624d7f6620): G1CollectForAllocation, mode: safepoint, requested by thread 0x00007f626c00d630


---------------  P R O C E S S  ---------------

Threads class SMR info:
_java_thread_list=0x00007f6270110d90, length=69, elements={
0x00007f629801a7c0, 0x00007f62980aae40, 0x00007f62980ac220, 0x00007f62980b3260,
0x00007f62980b4610, 0x00007f62980b5a20, 0x00007f62980b73d0, 0x00007f62980b8900,
0x00007f62980b9d70, 0x00007f62980c5ae0, 0x00007f62981baa50, 0x00007f6299114920,
0x00007f62991912b0, 0x00007f62991bb2a0, 0x00007f623c0171c0, 0x00007f62440029d0,
0x00007f6244007b20, 0x00007f6244009170, 0x00007f626c003ac0, 0x00007f626c009ff0,
0x00007f626c00d630, 0x00007f626c18db90, 0x00007f626c197ac0, 0x00007f626c1aee00,
0x00007f626c9db640, 0x00007f626c9ed8a0, 0x00007f626c9f7690, 0x00007f626ca00ab0,
0x00007f626c442ee0, 0x00007f626c716080, 0x00007f626cb72040, 0x00007f626cf1e480,
0x00007f626c7a5540, 0x00007f626d723120, 0x00007f626d9119d0, 0x00007f626e40af50,
0x00007f62740175e0, 0x00007f6270014700, 0x00007f627009f730, 0x00007f62700c1020,
0x00007f62700d4890, 0x00007f62700df550, 0x00007f6274047430, 0x00007f627404b110,
0x00007f62700da540, 0x00007f6270039430, 0x00007f627003ada0, 0x00007f6274067f40,
0x00007f627404d750, 0x00007f6270041740, 0x00007f6270042c90, 0x00007f627007a360,
0x00007f627007ea70, 0x00007f6270167fc0, 0x00007f6274069f40, 0x00007f627406e1c0,
0x00007f62780ae4d0, 0x00007f627406a4b0, 0x00007f6274070f30, 0x00007f62780b2680,
0x00007f62780b6320, 0x00007f62780b8060, 0x00007f62780cae70, 0x00007f62780cc140,
0x00007f62400278c0, 0x00007f627418eec0, 0x00007f6268048b60, 0x00007f627421a250,
0x00007f6270169760
}

Java Threads: ( => current thread )
  0x00007f629801a7c0 JavaThread "main" [_thread_blocked, id=3809, stack(0x00007f629c337000,0x00007f629c437000)]
  0x00007f62980aae40 JavaThread "Reference Handler" daemon [_thread_blocked, id=3819, stack(0x00007f627c2c0000,0x00007f627c3c0000)]
  0x00007f62980ac220 JavaThread "Finalizer" daemon [_thread_blocked, id=3820, stack(0x00007f627c1bf000,0x00007f627c2bf000)]
  0x00007f62980b3260 JavaThread "Signal Dispatcher" daemon [_thread_blocked, id=3821, stack(0x00007f627c067000,0x00007f627c167000)]
  0x00007f62980b4610 JavaThread "Service Thread" daemon [_thread_blocked, id=3822, stack(0x00007f624ef00000,0x00007f624f000000)]
  0x00007f62980b5a20 JavaThread "Monitor Deflation Thread" daemon [_thread_blocked, id=3823, stack(0x00007f624edff000,0x00007f624eeff000)]
  0x00007f62980b73d0 JavaThread "C2 CompilerThread0" daemon [_thread_blocked, id=3824, stack(0x00007f624ecfe000,0x00007f624edfe000)]
  0x00007f62980b8900 JavaThread "C1 CompilerThread0" daemon [_thread_blocked, id=3825, stack(0x00007f624ebfd000,0x00007f624ecfd000)]
  0x00007f62980b9d70 JavaThread "Sweeper thread" daemon [_thread_blocked, id=3826, stack(0x00007f624eafc000,0x00007f624ebfc000)]
  0x00007f62980c5ae0 JavaThread "Common-Cleaner" daemon [_thread_blocked, id=3827, stack(0x00007f624e9fb000,0x00007f624eafb000)]
  0x00007f62981baa50 JavaThread "Notification Thread" daemon [_thread_blocked, id=3828, stack(0x00007f624e8fa000,0x00007f624e9fa000)]
  0x00007f6299114920 JavaThread "Daemon health stats" [_thread_blocked, id=3834, stack(0x00007f624e300000,0x00007f624e400000)]
  0x00007f62991912b0 JavaThread "Incoming local TCP Connector on port 35497" [_thread_in_native, id=3836, stack(0x00007f624df00000,0x00007f624e000000)]
  0x00007f62991bb2a0 JavaThread "Daemon periodic checks" [_thread_blocked, id=3837, stack(0x00007f624ddff000,0x00007f624deff000)]
  0x00007f623c0171c0 JavaThread "Daemon" [_thread_blocked, id=3838, stack(0x00007f624dcfe000,0x00007f624ddfe000)]
  0x00007f62440029d0 JavaThread "Handler for socket connection from /127.0.0.1:35497 to /127.0.0.1:46282" [_thread_in_native, id=3839, stack(0x00007f624dbfd000,0x00007f624dcfd000)]
  0x00007f6244007b20 JavaThread "Cancel handler" [_thread_blocked, id=3840, stack(0x00007f624dafc000,0x00007f624dbfc000)]
  0x00007f6244009170 JavaThread "Daemon worker" [_thread_blocked, id=3841, stack(0x00007f624d9fb000,0x00007f624dafb000)]
  0x00007f626c003ac0 JavaThread "Asynchronous log dispatcher for DefaultDaemonConnection: socket connection from /127.0.0.1:35497 to /127.0.0.1:46282" [_thread_blocked, id=3844, stack(0x00007f624d8fa000,0x00007f624d9fa000)]
  0x00007f626c009ff0 JavaThread "Stdin handler" [_thread_blocked, id=3845, stack(0x00007f624d7f9000,0x00007f624d8f9000)]
  0x00007f626c00d630 JavaThread "Daemon client event forwarder" [_thread_blocked, id=3846, stack(0x00007f624d6f8000,0x00007f624d7f8000)]
  0x00007f626c18db90 JavaThread "Cache worker for journal cache (/root/.gradle/caches/journal-1)" [_thread_blocked, id=3848, stack(0x00007f624d5f7000,0x00007f624d6f7000)]
  0x00007f626c197ac0 JavaThread "File lock request listener" [_thread_in_native, id=3849, stack(0x00007f624d4f6000,0x00007f624d5f6000)]
  0x00007f626c1aee00 JavaThread "Cache worker for file hash cache (/root/.gradle/caches/8.6/fileHashes)" [_thread_blocked, id=3851, stack(0x00007f624d3f5000,0x00007f624d4f5000)]
  0x00007f626c9db640 JavaThread "Cache worker for checksums cache (/workspace/.gradle/8.6/checksums)" [_thread_blocked, id=3855, stack(0x00007f624d2f4000,0x00007f624d3f4000)]
  0x00007f626c9ed8a0 JavaThread "Cache worker for file hash cache (/workspace/.gradle/8.6/fileHashes)" [_thread_blocked, id=3856, stack(0x00007f624d1f3000,0x00007f624d2f3000)]
  0x00007f626c9f7690 JavaThread "Cache worker for cache directory md-supplier (/root/.gradle/caches/8.6/md-supplier)" [_thread_blocked, id=3857, stack(0x00007f624d0f2000,0x00007f624d1f2000)]
  0x00007f626ca00ab0 JavaThread "Cache worker for cache directory md-rule (/root/.gradle/caches/8.6/md-rule)" [_thread_blocked, id=3858, stack(0x00007f624cff1000,0x00007f624d0f1000)]
  0x00007f626c442ee0 JavaThread "Cache worker for file content cache (/root/.gradle/caches/8.6/fileContent)" [_thread_blocked, id=3860, stack(0x00007f624cef0000,0x00007f624cff0000)]
  0x00007f626c716080 JavaThread "jar transforms" [_thread_blocked, id=3864, stack(0x00007f624cdef000,0x00007f624ceef000)]
  0x00007f626cb72040 JavaThread "jar transforms Thread 2" [_thread_blocked, id=3866, stack(0x00007f624ccee000,0x00007f624cdee000)]
  0x00007f626cf1e480 JavaThread "Cache worker for Build Output Cleanup Cache (/workspace/.gradle/buildOutputCleanup)" [_thread_blocked, id=3870, stack(0x00007f624cbed000,0x00007f624cced000)]
  0x00007f626c7a5540 JavaThread "Unconstrained build operations" [_thread_blocked, id=3874, stack(0x00007f624caec000,0x00007f624cbec000)]
  0x00007f626d723120 JavaThread "Memory manager" [_thread_blocked, id=3883, stack(0x00007f624c9eb000,0x00007f624caeb000)]
  0x00007f626d9119d0 JavaThread "build event listener" [_thread_blocked, id=3889, stack(0x00007f624c8ea000,0x00007f624c9ea000)]
  0x00007f626e40af50 JavaThread "included builds" [_thread_blocked, id=3906, stack(0x00007f624c7e9000,0x00007f624c8e9000)]
  0x00007f62740175e0 JavaThread "Execution worker" [_thread_blocked, id=3907, stack(0x00007f624c6e8000,0x00007f624c7e8000)]
  0x00007f6270014700 JavaThread "Cache worker for execution history cache (/workspace/.gradle/8.6/executionHistory)" [_thread_blocked, id=3908, stack(0x00007f624c5e7000,0x00007f624c6e7000)]
  0x00007f627009f730 JavaThread "Unconstrained build operations Thread 2" [_thread_blocked, id=3912, stack(0x00007f624c4e6000,0x00007f624c5e6000)]
  0x00007f62700c1020 JavaThread "Unconstrained build operations Thread 3" [_thread_blocked, id=3916, stack(0x00007f624c3e5000,0x00007f624c4e5000)]
  0x00007f62700d4890 JavaThread "Unconstrained build operations Thread 4" [_thread_blocked, id=3918, stack(0x00007f624c2e4000,0x00007f624c3e4000)]
  0x00007f62700df550 JavaThread "Unconstrained build operations Thread 5" [_thread_blocked, id=3920, stack(0x00007f624c1e3000,0x00007f624c2e3000)]
  0x00007f6274047430 JavaThread "Unconstrained build operations Thread 6" [_thread_blocked, id=3921, stack(0x00007f624c0e2000,0x00007f624c1e2000)]
  0x00007f627404b110 JavaThread "Unconstrained build operations Thread 7" [_thread_blocked, id=3922, stack(0x00007f6223f00000,0x00007f6224000000)]
  0x00007f62700da540 JavaThread "Unconstrained build operations Thread 8" [_thread_blocked, id=3924, stack(0x00007f6223dff000,0x00007f6223eff000)]
  0x00007f6270039430 JavaThread "Unconstrained build operations Thread 9" [_thread_blocked, id=3925, stack(0x00007f6223cfe000,0x00007f6223dfe000)]
  0x00007f627003ada0 JavaThread "Unconstrained build operations Thread 10" [_thread_blocked, id=3927, stack(0x00007f6223bfd000,0x00007f6223cfd000)]
  0x00007f6274067f40 JavaThread "Unconstrained build operations Thread 11" [_thread_blocked, id=3928, stack(0x00007f6223afc000,0x00007f6223bfc000)]
  0x00007f627404d750 JavaThread "Unconstrained build operations Thread 12" [_thread_blocked, id=3929, stack(0x00007f62239fb000,0x00007f6223afb000)]
  0x00007f6270041740 JavaThread "Unconstrained build operations Thread 13" [_thread_blocked, id=3931, stack(0x00007f62238fa000,0x00007f62239fa000)]
  0x00007f6270042c90 JavaThread "Unconstrained build operations Thread 14" [_thread_blocked, id=3933, stack(0x00007f62237f9000,0x00007f62238f9000)]
  0x00007f627007a360 JavaThread "Unconstrained build operations Thread 15" [_thread_blocked, id=3934, stack(0x00007f62236f8000,0x00007f62237f8000)]
  0x00007f627007ea70 JavaThread "Unconstrained build operations Thread 16" [_thread_blocked, id=3935, stack(0x00007f62235f7000,0x00007f62236f7000)]
  0x00007f6270167fc0 JavaThread "WorkerExecutor Queue" [_thread_in_native, id=3938, stack(0x00007f62234f6000,0x00007f62235f6000)]
  0x00007f6274069f40 JavaThread "Unconstrained build operations Thread 17" [_thread_blocked, id=3939, stack(0x00007f62233f5000,0x00007f62234f5000)]
  0x00007f627406e1c0 JavaThread "Unconstrained build operations Thread 18" [_thread_blocked, id=3941, stack(0x00007f62232f4000,0x00007f62233f4000)]
  0x00007f62780ae4d0 JavaThread "process reaper (pid 3942)" daemon [_thread_in_native, id=3949, stack(0x00007f627c01a000,0x00007f627c03c000)]
  0x00007f627406a4b0 JavaThread "Unconstrained build operations Thread 19" [_thread_blocked, id=3963, stack(0x00007f6222dff000,0x00007f6222eff000)]
  0x00007f6274070f30 JavaThread "Unconstrained build operations Thread 20" [_thread_blocked, id=3968, stack(0x00007f6222cfe000,0x00007f6222dfe000)]
  0x00007f62780b2680 JavaThread "RMI Scheduler(0)" daemon [_thread_blocked, id=3979, stack(0x00007f6222f00000,0x00007f6223000000)]
  0x00007f62780b6320 JavaThread "RMI RenewClean-[127.0.0.1:17352,org.jetbrains.kotlin.daemon.common.LoopbackNetworkInterface$ClientLoopbackSocketFactory@3cd6f55d]" daemon [_thread_blocked, id=3980, stack(0x00007f6222bfd000,0x00007f6222cfd000)]
  0x00007f62780b8060 JavaThread "RMI GC Daemon" daemon [_thread_blocked, id=3981, stack(0x00007f6222afc000,0x00007f6222bfc000)]
  0x00007f62780cae70 JavaThread "RMI TCP Accept-0" daemon [_thread_in_native, id=3984, stack(0x00007f62229fb000,0x00007f6222afb000)]
  0x00007f62780cc140 JavaThread "RMI Reaper" [_thread_blocked, id=3985, stack(0x00007f62228fa000,0x00007f62229fa000)]
  0x00007f62400278c0 JavaThread "RMI TCP Connection(idle)" daemon [_thread_blocked, id=3987, stack(0x00007f62227f9000,0x00007f62228f9000)]
  0x00007f627418eec0 JavaThread "WorkerExecutor Queue Thread 2" [_thread_blocked, id=3990, stack(0x00007f62226f8000,0x00007f62227f8000)]
  0x00007f6268048b60 JavaThread "WorkerExecutor Queue Thread 3" [_thread_blocked, id=3992, stack(0x00007f62225f7000,0x00007f62226f7000)]
  0x00007f627421a250 JavaThread "ForkJoinPool-1-worker-1" daemon [_thread_blocked, id=4001, stack(0x00007f62224f6000,0x00007f62225f6000)]
  0x00007f6270169760 JavaThread "ForkJoinPool-1-worker-2" daemon [_thread_blocked, id=4002, stack(0x00007f62223f5000,0x00007f62224f5000)]

Other Threads:
=>0x00007f62980a6d40 VMThread "VM Thread" [stack: 0x00007f627c3c1000,0x00007f627c4c1000] [id=3818]
  0x00007f629801cb30 WatcherThread [stack: 0x00007f624e7f9000,0x00007f624e8f9000] [id=3829]
  0x00007f6298056d80 GCTaskThread "GC Thread#0" [stack: 0x00007f627eced000,0x00007f627eded000] [id=3810]
  0x00007f6248004990 GCTaskThread "GC Thread#1" [stack: 0x00007f624e6f8000,0x00007f624e7f8000] [id=3830]
  0x00007f6298060360 ConcurrentGCThread "G1 Main Marker" [stack: 0x00007f627ebec000,0x00007f627ecec000] [id=3811]
  0x00007f62980612d0 ConcurrentGCThread "G1 Conc#0" [stack: 0x00007f627eaeb000,0x00007f627ebeb000] [id=3812]
  0x00007f629807ff00 ConcurrentGCThread "G1 Refine#0" [stack: 0x00007f627c7e8000,0x00007f627c8e8000] [id=3813]
  0x00007f6268053760 ConcurrentGCThread "G1 Refine#1" [stack: 0x00007f62222f4000,0x00007f62223f4000] [id=4013]
  0x00007f6298080e00 ConcurrentGCThread "G1 Service" [stack: 0x00007f627c6e7000,0x00007f627c7e7000] [id=3814]

Threads with active compile tasks:
C2 CompilerThread0  59795 15719       4       com.android.tools.r8.graph.J0::a (319 bytes)

VM state: at safepoint (normal execution)

VM Mutex/Monitor currently owned by a thread:  ([mutex/lock_event])
[0x00007f62980175b0] Threads_lock - owner thread: 0x00007f62980a6d40
[0x00007f6298017d60] Heap_lock - owner thread: 0x00007f626c00d630

Heap address: 0x00000000c0000000, size: 1024 MB, Compressed Oops mode: 32-bit

CDS archive(s) mapped at: [0x00007f6253000000-0x00007f6253bca000-0x00007f6253bca000), size 12361728, SharedBaseAddress: 0x00007f6253000000, ArchiveRelocationMode: 1.
Compressed class space mapped at: 0x00007f6254000000-0x00007f6268000000, reserved size: 335544320
Narrow klass base: 0x00007f6253000000, Narrow klass shift: 0, Narrow klass range: 0x100000000

GC Precious Log:
 CPUs: 2 total, 2 available
 Memory: 2048M
 Large Page Support: Disabled
 NUMA Support: Disabled
 Compressed Oops: Enabled (32-bit)
 Heap Region Size: 1M
 Heap Min Capacity: 8M
 Heap Initial Capacity: 32M
 Heap Max Capacity: 1G
 Pre-touch: Disabled
 Parallel Workers: 2
 Concurrent Workers: 1
 Concurrent Refinement Workers: 2
 Periodic GC: Disabled

Heap:
 garbage-first heap   total 602112K, used 250709K [0x00000000c0000000, 0x0000000100000000)
  region size 1024K, 4 young (4096K), 4 survivors (4096K)
 Metaspace       used 104327K, committed 105088K, reserved 458752K
  class space    used 14594K, committed 14976K, reserved 327680K

Heap Regions: E=young(eden), S=young(survivor), O=old, HS=humongous(starts), HC=humongous(continues), CS=collection set, F=free, OA=open archive, CA=closed archive, TAMS=top-at-mark-start (previous, next)
|   0|0x00000000c0000000, 0x00000000c0100000, 0x00000000c0100000|100%| O|  |TAMS 0x00000000c0100000, 0x00000000c0100000| Untracked 
|   1|0x00000000c0100000, 0x00000000c0200000, 0x00000000c0200000|100%| O|  |TAMS 0x00000000c0200000, 0x00000000c0200000| Untracked 
|   2|0x00000000c0200000, 0x00000000c0300000, 0x00000000c0300000|100%|HS|  |TAMS 0x00000000c0300000, 0x00000000c0300000| Complete 
|   3|0x00000000c0300000, 0x00000000c0400000, 0x00000000c0400000|100%|HC|  |TAMS 0x00000000c0400000, 0x00000000c0400000| Complete 
|   4|0x00000000c0400000, 0x00000000c0500000, 0x00000000c0500000|100%|HC|  |TAMS 0x00000000c0500000, 0x00000000c0500000| Complete 
|   5|0x00000000c0500000, 0x00000000c0600000, 0x00000000c0600000|100%|HC|  |TAMS 0x00000000c0600000, 0x00000000c0600000| Complete 
|   6|0x00000000c0600000, 0x00000000c0700000, 0x00000000c0700000|100%| O|  |TAMS 0x00000000c0700000, 0x00000000c0700000| Untracked 
|   7|0x00000000c0700000, 0x00000000c0800000, 0x00000000c0800000|100%| O|  |TAMS 0x00000000c0800000, 0x00000000c0800000| Untracked 
|   8|0x00000000c0800000, 0x00000000c0900000, 0x00000000c0900000|100%| O|  |TAMS 0x00000000c0900000, 0x00000000c0900000| Untracked 
|   9|0x00000000c0900000, 0x00000000c0a00000, 0x00000000c0a00000|100%| O|  |TAMS 0x00000000c0a00000, 0x00000000c0a00000| Untracked 
|  10|0x00000000c0a00000, 0x00000000c0b00000, 0x00000000c0b00000|100%| O|  |TAMS 0x00000000c0b00000, 0x00000000c0b00000| Untracked 
|  11|0x00000000c0b00000, 0x00000000c0c00000, 0x00000000c0c00000|100%| O|  |TAMS 0x00000000c0c00000, 0x00000000c0c00000| Untracked 
|  12|0x00000000c0c00000, 0x00000000c0d00000, 0x00000000c0d00000|100%| O|  |TAMS 0x00000000c0d00000, 0x00000000c0d00000| Untracked 
|  13|0x00000000c0d00000, 0x00000000c0e00000, 0x00000000c0e00000|100%| O|  |TAMS 0x00000000c0e00000, 0x00000000c0e00000| Untracked 
|  14|0x00000000c0e00000, 0x00000000c0f00000, 0x00000000c0f00000|100%| O|  |TAMS 0x00000000c0f00000, 0x00000000c0f00000| Untracked 
|  15|0x00000000c0f00000, 0x00000000c1000000, 0x00000000c1000000|100%| O|  |TAMS 0x00000000c1000000, 0x00000000c1000000| Untracked 
|  16|0x00000000c1000000, 0x00000000c1100000, 0x00000000c1100000|100%| O|  |TAMS 0x00000000c1100000, 0x00000000c1100000| Untracked 
|  17|0x00000000c1100000, 0x00000000c1200000, 0x00000000c1200000|100%| O|  |TAMS 0x00000000c1200000, 0x00000000c1200000| Untracked 
|  18|0x00000000c1200000, 0x00000000c1300000, 0x00000000c1300000|100%| O|  |TAMS 0x00000000c1300000, 0x00000000c1300000| Untracked 
|  19|0x00000000c1300000, 0x00000000c1400000, 0x00000000c1400000|100%| O|  |TAMS 0x00000000c1400000, 0x00000000c1400000| Untracked 
|  20|0x00000000c1400000, 0x00000000c1500000, 0x00000000c1500000|100%| O|  |TAMS 0x00000000c1500000, 0x00000000c1500000| Untracked 
|  21|0x00000000c1500000, 0x00000000c1600000, 0x00000000c1600000|100%| O|  |TAMS 0x00000000c1600000, 0x00000000c1600000| Untracked 
|  22|0x00000000c1600000, 0x00000000c1700000, 0x00000000c1700000|100%| O|  |TAMS 0x00000000c1700000, 0x00000000c1700000| Untracked 
|  23|0x00000000c1700000, 0x00000000c1800000, 0x00000000c1800000|100%| O|  |TAMS 0x00000000c1800000, 0x00000000c1800000| Untracked 
|  24|0x00000000c1800000, 0x00000000c1900000, 0x00000000c1900000|100%| O|  |TAMS 0x00000000c1900000, 0x00000000c1900000| Untracked 
|  25|0x00000000c1900000, 0x00000000c1a00000, 0x00000000c1a00000|100%| O|  |TAMS 0x00000000c1a00000, 0x00000000c1a00000| Untracked 
|  26|0x00000000c1a00000, 0x00000000c1b00000, 0x00000000c1b00000|100%| O|  |TAMS 0x00000000c1b00000, 0x00000000c1b00000| Untracked 
|  27|0x00000000c1b00000, 0x00000000c1c00000, 0x00000000c1c00000|100%| O|  |TAMS 0x00000000c1c00000, 0x00000000c1c00000| Untracked 
|  28|0x00000000c1c00000, 0x00000000c1d00000, 0x00000000c1d00000|100%| O|  |TAMS 0x00000000c1d00000, 0x00000000c1d00000| Untracked 
|  29|0x00000000c1d00000, 0x00000000c1e00000, 0x00000000c1e00000|100%| O|  |TAMS 0x00000000c1e00000, 0x00000000c1e00000| Untracked 
|  30|0x00000000c1e00000, 0x00000000c1f00000, 0x00000000c1f00000|100%| O|  |TAMS 0x00000000c1f00000, 0x00000000c1f00000| Untracked 
|  31|0x00000000c1f00000, 0x00000000c2000000, 0x00000000c2000000|100%|HS|  |TAMS 0x00000000c2000000, 0x00000000c2000000| Complete 
|  32|0x00000000c2000000, 0x00000000c2100000, 0x00000000c2100000|100%|HS|  |TAMS 0x00000000c2100000, 0x00000000c2100000| Complete 
|  33|0x00000000c2100000, 0x00000000c2200000, 0x00000000c2200000|100%|HC|  |TAMS 0x00000000c2200000, 0x00000000c2200000| Complete 
|  34|0x00000000c2200000, 0x00000000c2300000, 0x00000000c2300000|100%|HS|  |TAMS 0x00000000c2300000, 0x00000000c2300000| Complete 
|  35|0x00000000c2300000, 0x00000000c2400000, 0x00000000c2400000|100%|HS|  |TAMS 0x00000000c2400000, 0x00000000c2400000| Complete 
|  36|0x00000000c2400000, 0x00000000c2500000, 0x00000000c2500000|100%|HS|  |TAMS 0x00000000c2500000, 0x00000000c2500000| Complete 
|  37|0x00000000c2500000, 0x00000000c2600000, 0x00000000c2600000|100%|HC|  |TAMS 0x00000000c2600000, 0x00000000c2600000| Complete 
|  38|0x00000000c2600000, 0x00000000c2700000, 0x00000000c2700000|100%|HC|  |TAMS 0x00000000c2700000, 0x00000000c2700000| Complete 
|  39|0x00000000c2700000, 0x00000000c2800000, 0x00000000c2800000|100%|HC|  |TAMS 0x00000000c2800000, 0x00000000c2800000| Complete 
|  40|0x00000000c2800000, 0x00000000c2900000, 0x00000000c2900000|100%| O|  |TAMS 0x00000000c2900000, 0x00000000c2900000| Untracked 
|  41|0x00000000c2900000, 0x00000000c2a00000, 0x00000000c2a00000|100%|HS|  |TAMS 0x00000000c2a00000, 0x00000000c2a00000| Complete 
|  42|0x00000000c2a00000, 0x00000000c2b00000, 0x00000000c2b00000|100%|HS|  |TAMS 0x00000000c2b00000, 0x00000000c2b00000| Complete 
|  43|0x00000000c2b00000, 0x00000000c2c00000, 0x00000000c2c00000|100%| O|  |TAMS 0x00000000c2c00000, 0x00000000c2c00000| Untracked 
|  44|0x00000000c2c00000, 0x00000000c2d00000, 0x00000000c2d00000|100%| O|  |TAMS 0x00000000c2d00000, 0x00000000c2d00000| Untracked 
|  45|0x00000000c2d00000, 0x00000000c2e00000, 0x00000000c2e00000|100%|HS|  |TAMS 0x00000000c2e00000, 0x00000000c2e00000| Complete 
|  46|0x00000000c2e00000, 0x00000000c2f00000, 0x00000000c2f00000|100%|HC|  |TAMS 0x00000000c2f00000, 0x00000000c2f00000| Complete 
|  47|0x00000000c2f00000, 0x00000000c3000000, 0x00000000c3000000|100%| O|  |TAMS 0x00000000c3000000, 0x00000000c3000000| Untracked 
|  48|0x00000000c3000000, 0x00000000c3100000, 0x00000000c3100000|100%| O|  |TAMS 0x00000000c3100000, 0x00000000c3100000| Untracked 
|  49|0x00000000c3100000, 0x00000000c3200000, 0x00000000c3200000|100%| O|  |TAMS 0x00000000c3200000, 0x00000000c3200000| Untracked 
|  50|0x00000000c3200000, 0x00000000c3300000, 0x00000000c3300000|100%| O|  |TAMS 0x00000000c3300000, 0x00000000c3300000| Untracked 
|  51|0x00000000c3300000, 0x00000000c3400000, 0x00000000c3400000|100%| O|  |TAMS 0x00000000c3400000, 0x00000000c3400000| Untracked 
|  52|0x00000000c3400000, 0x00000000c3500000, 0x00000000c3500000|100%| O|  |TAMS 0x00000000c3500000, 0x00000000c3500000| Untracked 
|  53|0x00000000c3500000, 0x00000000c3600000, 0x00000000c3600000|100%| O|  |TAMS 0x00000000c3600000, 0x00000000c3600000| Untracked 
|  54|0x00000000c3600000, 0x00000000c3700000, 0x00000000c3700000|100%| O|  |TAMS 0x00000000c3700000, 0x00000000c3700000| Untracked 
|  55|0x00000000c3700000, 0x00000000c3800000, 0x00000000c3800000|100%| O|  |TAMS 0x00000000c3800000, 0x00000000c3800000| Untracked 
|  56|0x00000000c3800000, 0x00000000c3900000, 0x00000000c3900000|100%| O|  |TAMS 0x00000000c3900000, 0x00000000c3900000| Untracked 
|  57|0x00000000c3900000, 0x00000000c3a00000, 0x00000000c3a00000|100%| O|  |TAMS 0x00000000c3a00000, 0x00000000c3a00000| Untracked 
|  58|0x00000000c3a00000, 0x00000000c3b00000, 0x00000000c3b00000|100%| O|  |TAMS 0x00000000c3b00000, 0x00000000c3b00000| Untracked 
|  59|0x00000000c3b00000, 0x00000000c3c00000, 0x00000000c3c00000|100%|HS|  |TAMS 0x00000000c3c00000, 0x00000000c3c00000| Complete 
|  60|0x00000000c3c00000, 0x00000000c3d00000, 0x00000000c3d00000|100%|HC|  |TAMS 0x00000000c3d00000, 0x00000000c3d00000| Complete 
|  61|0x00000000c3d00000, 0x00000000c3e00000, 0x00000000c3e00000|100%|HC|  |TAMS 0x00000000c3e00000, 0x00000000c3e00000| Complete 
|  62|0x00000000c3e00000, 0x00000000c3f00000, 0x00000000c3f00000|100%|HC|  |TAMS 0x00000000c3f00000, 0x00000000c3f00000| Complete 
|  63|0x00000000c3f00000, 0x00000000c4000000, 0x00000000c4000000|100%| O|  |TAMS 0x00000000c4000000, 0x00000000c4000000| Untracked 
|  64|0x00000000c4000000, 0x00000000c4100000, 0x00000000c4100000|100%| O|  |TAMS 0x00000000c4100000, 0x00000000c4100000| Untracked 
|  65|0x00000000c4100000, 0x00000000c4200000, 0x00000000c4200000|100%| O|  |TAMS 0x00000000c4200000, 0x00000000c4200000| Untracked 
|  66|0x00000000c4200000, 0x00000000c4300000, 0x00000000c4300000|100%| O|  |TAMS 0x00000000c4300000, 0x00000000c4300000| Untracked 
|  67|0x00000000c4300000, 0x00000000c4400000, 0x00000000c4400000|100%| O|  |TAMS 0x00000000c4400000, 0x00000000c4400000| Untracked 
|  68|0x00000000c4400000, 0x00000000c4500000, 0x00000000c4500000|100%| O|  |TAMS 0x00000000c4500000, 0x00000000c4500000| Untracked 
|  69|0x00000000c4500000, 0x00000000c4600000, 0x00000000c4600000|100%| O|  |TAMS 0x00000000c4600000, 0x00000000c4600000| Untracked 
|  70|0x00000000c4600000, 0x00000000c4700000, 0x00000000c4700000|100%| O|  |TAMS 0x00000000c4700000, 0x00000000c4700000| Untracked 
|  71|0x00000000c4700000, 0x00000000c4800000, 0x00000000c4800000|100%| O|  |TAMS 0x00000000c4800000, 0x00000000c4800000| Untracked 
|  72|0x00000000c4800000, 0x00000000c4900000, 0x00000000c4900000|100%| O|  |TAMS 0x00000000c4900000, 0x00000000c4900000| Untracked 
|  73|0x00000000c4900000, 0x00000000c4a00000, 0x00000000c4a00000|100%| O|  |TAMS 0x00000000c4a00000, 0x00000000c4a00000| Untracked 
|  74|0x00000000c4a00000, 0x00000000c4b00000, 0x00000000c4b00000|100%| O|  |TAMS 0x00000000c4b00000, 0x00000000c4b00000| Untracked 
|  75|0x00000000c4b00000, 0x00000000c4c00000, 0x00000000c4c00000|100%| O|  |TAMS 0x00000000c4c00000, 0x00000000c4c00000| Untracked 
|  76|0x00000000c4c00000, 0x00000000c4d00000, 0x00000000c4d00000|100%| O|  |TAMS 0x00000000c4d00000, 0x00000000c4d00000| Untracked 
|  77|0x00000000c4d00000, 0x00000000c4e00000, 0x00000000c4e00000|100%| O|  |TAMS 0x00000000c4e00000, 0x00000000c4e00000| Untracked 
|  78|0x00000000c4e00000, 0x00000000c4f00000, 0x00000000c4f00000|100%| O|  |TAMS 0x00000000c4e00000, 0x00000000c4f00000| Untracked 
|  79|0x00000000c4f00000, 0x00000000c5000000, 0x00000000c5000000|100%| O|  |TAMS 0x00000000c5000000, 0x00000000c5000000| Untracked 
|  80|0x00000000c5000000, 0x00000000c5100000, 0x00000000c5100000|100%| O|  |TAMS 0x00000000c5100000, 0x00000000c5100000| Untracked 
|  81|0x00000000c5100000, 0x00000000c5200000, 0x00000000c5200000|100%| O|  |TAMS 0x00000000c5200000, 0x00000000c5200000| Untracked 
|  82|0x00000000c5200000, 0x00000000c5300000, 0x00000000c5300000|100%| O|  |TAMS 0x00000000c5300000, 0x00000000c5300000| Untracked 
|  83|0x00000000c5300000, 0x00000000c5400000, 0x00000000c5400000|100%| O|  |TAMS 0x00000000c5400000, 0x00000000c5400000| Untracked 
|  84|0x00000000c5400000, 0x00000000c5500000, 0x00000000c5500000|100%| O|  |TAMS 0x00000000c5500000, 0x00000000c5500000| Untracked 
|  85|0x00000000c5500000, 0x00000000c5600000, 0x00000000c5600000|100%| O|  |TAMS 0x00000000c5600000, 0x00000000c5600000| Untracked 
|  86|0x00000000c5600000, 0x00000000c5700000, 0x00000000c5700000|100%| O|  |TAMS 0x00000000c5700000, 0x00000000c5700000| Untracked 
|  87|0x00000000c5700000, 0x00000000c5800000, 0x00000000c5800000|100%| O|  |TAMS 0x00000000c5800000, 0x00000000c5800000| Untracked 
|  88|0x00000000c5800000, 0x00000000c5900000, 0x00000000c5900000|100%| O|  |TAMS 0x00000000c5900000, 0x00000000c5900000| Untracked 
|  89|0x00000000c5900000, 0x00000000c5a00000, 0x00000000c5a00000|100%| O|  |TAMS 0x00000000c5a00000, 0x00000000c5a00000| Untracked 
|  90|0x00000000c5a00000, 0x00000000c5b00000, 0x00000000c5b00000|100%| O|  |TAMS 0x00000000c5b00000, 0x00000000c5b00000| Untracked 
|  91|0x00000000c5b00000, 0x00000000c5c00000, 0x00000000c5c00000|100%| O|  |TAMS 0x00000000c5c00000, 0x00000000c5c00000| Untracked 
|  92|0x00000000c5c00000, 0x00000000c5d00000, 0x00000000c5d00000|100%| O|  |TAMS 0x00000000c5d00000, 0x00000000c5d00000| Untracked 
|  93|0x00000000c5d00000, 0x00000000c5e00000, 0x00000000c5e00000|100%| O|  |TAMS 0x00000000c5e00000, 0x00000000c5e00000| Untracked 
|  94|0x00000000c5e00000, 0x00000000c5f00000, 0x00000000c5f00000|100%| O|  |TAMS 0x00000000c5f00000, 0x00000000c5f00000| Untracked 
|  95|0x00000000c5f00000, 0x00000000c6000000, 0x00000000c6000000|100%| O|  |TAMS 0x00000000c6000000, 0x00000000c6000000| Untracked 
|  96|0x00000000c6000000, 0x00000000c6100000, 0x00000000c6100000|100%| O|  |TAMS 0x00000000c6100000, 0x00000000c6100000| Untracked 
|  97|0x00000000c6100000, 0x00000000c6200000, 0x00000000c6200000|100%| O|  |TAMS 0x00000000c6200000, 0x00000000c6200000| Untracked 
|  98|0x00000000c6200000, 0x00000000c6300000, 0x00000000c6300000|100%| O|  |TAMS 0x00000000c6300000, 0x00000000c6300000| Untracked 
|  99|0x00000000c6300000, 0x00000000c6400000, 0x00000000c6400000|100%| O|  |TAMS 0x00000000c6400000, 0x00000000c6400000| Untracked 
| 100|0x00000000c6400000, 0x00000000c6500000, 0x00000000c6500000|100%| O|  |TAMS 0x00000000c6500000, 0x00000000c6500000| Untracked 
| 101|0x00000000c6500000, 0x00000000c6600000, 0x00000000c6600000|100%| O|  |TAMS 0x00000000c6600000, 0x00000000c6600000| Untracked 
| 102|0x00000000c6600000, 0x00000000c6700000, 0x00000000c6700000|100%| O|  |TAMS 0x00000000c6700000, 0x00000000c6700000| Untracked 
| 103|0x00000000c6700000, 0x00000000c6800000, 0x00000000c6800000|100%| O|  |TAMS 0x00000000c6800000, 0x00000000c6800000| Untracked 
| 104|0x00000000c6800000, 0x00000000c6900000, 0x00000000c6900000|100%| O|  |TAMS 0x00000000c6900000, 0x00000000c6900000| Untracked 
| 105|0x00000000c6900000, 0x00000000c6a00000, 0x00000000c6a00000|100%| O|  |TAMS 0x00000000c6a00000, 0x00000000c6a00000| Untracked 
| 106|0x00000000c6a00000, 0x00000000c6b00000, 0x00000000c6b00000|100%| O|  |TAMS 0x00000000c6b00000, 0x00000000c6b00000| Untracked 
| 107|0x00000000c6b00000, 0x00000000c6c00000, 0x00000000c6c00000|100%| O|  |TAMS 0x00000000c6c00000, 0x00000000c6c00000| Untracked 
| 108|0x00000000c6c00000, 0x00000000c6d00000, 0x00000000c6d00000|100%| O|  |TAMS 0x00000000c6c00000, 0x00000000c6d00000| Untracked 
| 109|0x00000000c6d00000, 0x00000000c6e00000, 0x00000000c6e00000|100%| O|  |TAMS 0x00000000c6d00000, 0x00000000c6e00000| Untracked 
| 110|0x00000000c6e00000, 0x00000000c6f00000, 0x00000000c6f00000|100%| O|  |TAMS 0x00000000c6e00000, 0x00000000c6f00000| Untracked 
| 111|0x00000000c6f00000, 0x00000000c7000000, 0x00000000c7000000|100%| O|  |TAMS 0x00000000c6f00000, 0x00000000c7000000| Untracked 
| 112|0x00000000c7000000, 0x00000000c7100000, 0x00000000c7100000|100%|HS|  |TAMS 0x00000000c7100000, 0x00000000c7100000| Complete 
| 113|0x00000000c7100000, 0x00000000c7200000, 0x00000000c7200000|100%|HC|  |TAMS 0x00000000c7200000, 0x00000000c7200000| Complete 
| 114|0x00000000c7200000, 0x00000000c7300000, 0x00000000c7300000|100%|HS|  |TAMS 0x00000000c7300000, 0x00000000c7300000| Complete 
| 115|0x00000000c7300000, 0x00000000c7400000, 0x00000000c7400000|100%|HS|  |TAMS 0x00000000c7400000, 0x00000000c7400000| Complete 
| 116|0x00000000c7400000, 0x00000000c7500000, 0x00000000c7500000|100%|HS|  |TAMS 0x00000000c7500000, 0x00000000c7500000| Complete 
| 117|0x00000000c7500000, 0x00000000c7600000, 0x00000000c7600000|100%|HC|  |TAMS 0x00000000c7600000, 0x00000000c7600000| Complete 
| 118|0x00000000c7600000, 0x00000000c7700000, 0x00000000c7700000|100%|HS|  |TAMS 0x00000000c7700000, 0x00000000c7700000| Complete 
| 119|0x00000000c7700000, 0x00000000c7800000, 0x00000000c7800000|100%|HS|  |TAMS 0x00000000c7800000, 0x00000000c7800000| Complete 
| 120|0x00000000c7800000, 0x00000000c7900000, 0x00000000c7900000|100%|HC|  |TAMS 0x00000000c7900000, 0x00000000c7900000| Complete 
| 121|0x00000000c7900000, 0x00000000c7a00000, 0x00000000c7a00000|100%|HS|  |TAMS 0x00000000c7a00000, 0x00000000c7a00000| Complete 
| 122|0x00000000c7a00000, 0x00000000c7b00000, 0x00000000c7b00000|100%|HC|  |TAMS 0x00000000c7b00000, 0x00000000c7b00000| Complete 
| 123|0x00000000c7b00000, 0x00000000c7c00000, 0x00000000c7c00000|100%|HS|  |TAMS 0x00000000c7c00000, 0x00000000c7c00000| Complete 
| 124|0x00000000c7c00000, 0x00000000c7d00000, 0x00000000c7d00000|100%|HC|  |TAMS 0x00000000c7d00000, 0x00000000c7d00000| Complete 
| 125|0x00000000c7d00000, 0x00000000c7e00000, 0x00000000c7e00000|100%|HC|  |TAMS 0x00000000c7e00000, 0x00000000c7e00000| Complete 
| 126|0x00000000c7e00000, 0x00000000c7f00000, 0x00000000c7f00000|100%| O|  |TAMS 0x00000000c7e00000, 0x00000000c7f00000| Untracked 
| 127|0x00000000c7f00000, 0x00000000c8000000, 0x00000000c8000000|100%| O|  |TAMS 0x00000000c7f00000, 0x00000000c8000000| Untracked 
| 128|0x00000000c8000000, 0x00000000c8100000, 0x00000000c8100000|100%|HS|  |TAMS 0x00000000c8000000, 0x00000000c8100000| Complete 
| 129|0x00000000c8100000, 0x00000000c8200000, 0x00000000c8200000|100%|HS|  |TAMS 0x00000000c8100000, 0x00000000c8200000| Complete 
| 130|0x00000000c8200000, 0x00000000c8300000, 0x00000000c8300000|100%| O|  |TAMS 0x00000000c8200000, 0x00000000c8300000| Untracked 
| 131|0x00000000c8300000, 0x00000000c8400000, 0x00000000c8400000|100%| O|  |TAMS 0x00000000c8400000, 0x00000000c8400000| Untracked 
| 132|0x00000000c8400000, 0x00000000c8500000, 0x00000000c8500000|100%| O|  |TAMS 0x00000000c8400000, 0x00000000c8500000| Untracked 
| 133|0x00000000c8500000, 0x00000000c8600000, 0x00000000c8600000|100%|HS|  |TAMS 0x00000000c8600000, 0x00000000c8600000| Complete 
| 134|0x00000000c8600000, 0x00000000c8700000, 0x00000000c8700000|100%| O|  |TAMS 0x00000000c8600000, 0x00000000c8700000| Untracked 
| 135|0x00000000c8700000, 0x00000000c8800000, 0x00000000c8800000|100%|HS|  |TAMS 0x00000000c8800000, 0x00000000c8800000| Complete 
| 136|0x00000000c8800000, 0x00000000c8900000, 0x00000000c8900000|100%| O|  |TAMS 0x00000000c8900000, 0x00000000c8900000| Untracked 
| 137|0x00000000c8900000, 0x00000000c8a00000, 0x00000000c8a00000|100%| O|  |TAMS 0x00000000c8a00000, 0x00000000c8a00000| Untracked 
| 138|0x00000000c8a00000, 0x00000000c8b00000, 0x00000000c8b00000|100%| O|  |TAMS 0x00000000c8a00000, 0x00000000c8a4ae00| Untracked 
| 139|0x00000000c8b00000, 0x00000000c8be8408, 0x00000000c8c00000| 90%| O|  |TAMS 0x00000000c8b00000, 0x00000000c8b00000| Untracked 
| 140|0x00000000c8c00000, 0x00000000c8c00000, 0x00000000c8d00000|  0%| F|  |TAMS 0x00000000c8c00000, 0x00000000c8c00000| Untracked 
| 141|0x00000000c8d00000, 0x00000000c8e00000, 0x00000000c8e00000|100%| O|  |TAMS 0x00000000c8e00000, 0x00000000c8e00000| Untracked 
| 142|0x00000000c8e00000, 0x00000000c8f00000, 0x00000000c8f00000|100%| O|  |TAMS 0x00000000c8f00000, 0x00000000c8f00000| Untracked 
| 143|0x00000000c8f00000, 0x00000000c8f00000, 0x00000000c9000000|  0%| F|  |TAMS 0x00000000c8f00000, 0x00000000c8f00000| Untracked 
| 144|0x00000000c9000000, 0x00000000c9000000, 0x00000000c9100000|  0%| F|  |TAMS 0x00000000c9000000, 0x00000000c9000000| Untracked 
| 145|0x00000000c9100000, 0x00000000c9200000, 0x00000000c9200000|100%| O|  |TAMS 0x00000000c9200000, 0x00000000c9200000| Untracked 
| 146|0x00000000c9200000, 0x00000000c9300000, 0x00000000c9300000|100%| O|  |TAMS 0x00000000c9300000, 0x00000000c9300000| Untracked 
| 147|0x00000000c9300000, 0x00000000c9300000, 0x00000000c9400000|  0%| F|  |TAMS 0x00000000c9300000, 0x00000000c9300000| Untracked 
| 148|0x00000000c9400000, 0x00000000c9400000, 0x00000000c9500000|  0%| F|  |TAMS 0x00000000c9400000, 0x00000000c9400000| Untracked 
| 149|0x00000000c9500000, 0x00000000c9600000, 0x00000000c9600000|100%| O|  |TAMS 0x00000000c9600000, 0x00000000c9600000| Untracked 
| 150|0x00000000c9600000, 0x00000000c9700000, 0x00000000c9700000|100%| O|  |TAMS 0x00000000c9700000, 0x00000000c9700000| Untracked 
| 151|0x00000000c9700000, 0x00000000c9800000, 0x00000000c9800000|100%| O|  |TAMS 0x00000000c9800000, 0x00000000c9800000| Untracked 
| 152|0x00000000c9800000, 0x00000000c9900000, 0x00000000c9900000|100%| O|  |TAMS 0x00000000c9900000, 0x00000000c9900000| Untracked 
| 153|0x00000000c9900000, 0x00000000c9a00000, 0x00000000c9a00000|100%| O|  |TAMS 0x00000000c9a00000, 0x00000000c9a00000| Untracked 
| 154|0x00000000c9a00000, 0x00000000c9b00000, 0x00000000c9b00000|100%| O|  |TAMS 0x00000000c9b00000, 0x00000000c9b00000| Untracked 
| 155|0x00000000c9b00000, 0x00000000c9c00000, 0x00000000c9c00000|100%| O|  |TAMS 0x00000000c9b00000, 0x00000000c9c00000| Untracked 
| 156|0x00000000c9c00000, 0x00000000c9d00000, 0x00000000c9d00000|100%| O|  |TAMS 0x00000000c9d00000, 0x00000000c9d00000| Untracked 
| 157|0x00000000c9d00000, 0x00000000c9e00000, 0x00000000c9e00000|100%| O|  |TAMS 0x00000000c9e00000, 0x00000000c9e00000| Untracked 
| 158|0x00000000c9e00000, 0x00000000c9f00000, 0x00000000c9f00000|100%| O|  |TAMS 0x00000000c9f00000, 0x00000000c9f00000| Untracked 
| 159|0x00000000c9f00000, 0x00000000ca000000, 0x00000000ca000000|100%| O|  |TAMS 0x00000000ca000000, 0x00000000ca000000| Untracked 
| 160|0x00000000ca000000, 0x00000000ca100000, 0x00000000ca100000|100%| O|  |TAMS 0x00000000ca100000, 0x00000000ca100000| Untracked 
| 161|0x00000000ca100000, 0x00000000ca200000, 0x00000000ca200000|100%| O|  |TAMS 0x00000000ca200000, 0x00000000ca200000| Untracked 
| 162|0x00000000ca200000, 0x00000000ca300000, 0x00000000ca300000|100%| O|  |TAMS 0x00000000ca300000, 0x00000000ca300000| Untracked 
| 163|0x00000000ca300000, 0x00000000ca400000, 0x00000000ca400000|100%| O|  |TAMS 0x00000000ca400000, 0x00000000ca400000| Untracked 
| 164|0x00000000ca400000, 0x00000000ca500000, 0x00000000ca500000|100%| O|  |TAMS 0x00000000ca500000, 0x00000000ca500000| Untracked 
| 165|0x00000000ca500000, 0x00000000ca600000, 0x00000000ca600000|100%| O|  |TAMS 0x00000000ca600000, 0x00000000ca600000| Untracked 
| 166|0x00000000ca600000, 0x00000000ca700000, 0x00000000ca700000|100%| O|  |TAMS 0x00000000ca700000, 0x00000000ca700000| Untracked 
| 167|0x00000000ca700000, 0x00000000ca800000, 0x00000000ca800000|100%| O|  |TAMS 0x00000000ca800000, 0x00000000ca800000| Untracked 
| 168|0x00000000ca800000, 0x00000000ca900000, 0x00000000ca900000|100%| O|  |TAMS 0x00000000ca900000, 0x00000000ca900000| Untracked 
| 169|0x00000000ca900000, 0x00000000caa00000, 0x00000000caa00000|100%| O|  |TAMS 0x00000000caa00000, 0x00000000caa00000| Untracked 
| 170|0x00000000caa00000, 0x00000000cab00000, 0x00000000cab00000|100%| O|  |TAMS 0x00000000cab00000, 0x00000000cab00000| Untracked 
| 171|0x00000000cab00000, 0x00000000cac00000, 0x00000000cac00000|100%| O|  |TAMS 0x00000000cac00000, 0x00000000cac00000| Untracked 
| 172|0x00000000cac00000, 0x00000000cad00000, 0x00000000cad00000|100%| O|  |TAMS 0x00000000cad00000, 0x00000000cad00000| Untracked 
| 173|0x00000000cad00000, 0x00000000cae00000, 0x00000000cae00000|100%| O|  |TAMS 0x00000000cae00000, 0x00000000cae00000| Untracked 
| 174|0x00000000cae00000, 0x00000000caf00000, 0x00000000caf00000|100%| O|  |TAMS 0x00000000caf00000, 0x00000000caf00000| Untracked 
| 175|0x00000000caf00000, 0x00000000cb000000, 0x00000000cb000000|100%| O|  |TAMS 0x00000000cb000000, 0x00000000cb000000| Untracked 
| 176|0x00000000cb000000, 0x00000000cb100000, 0x00000000cb100000|100%| O|  |TAMS 0x00000000cb100000, 0x00000000cb100000| Untracked 
| 177|0x00000000cb100000, 0x00000000cb200000, 0x00000000cb200000|100%| O|  |TAMS 0x00000000cb200000, 0x00000000cb200000| Untracked 
| 178|0x00000000cb200000, 0x00000000cb300000, 0x00000000cb300000|100%| O|  |TAMS 0x00000000cb300000, 0x00000000cb300000| Untracked 
| 179|0x00000000cb300000, 0x00000000cb400000, 0x00000000cb400000|100%| O|  |TAMS 0x00000000cb400000, 0x00000000cb400000| Untracked 
| 180|0x00000000cb400000, 0x00000000cb500000, 0x00000000cb500000|100%| O|  |TAMS 0x00000000cb500000, 0x00000000cb500000| Untracked 
| 181|0x00000000cb500000, 0x00000000cb600000, 0x00000000cb600000|100%| O|  |TAMS 0x00000000cb600000, 0x00000000cb600000| Untracked 
| 182|0x00000000cb600000, 0x00000000cb700000, 0x00000000cb700000|100%| O|  |TAMS 0x00000000cb700000, 0x00000000cb700000| Untracked 
| 183|0x00000000cb700000, 0x00000000cb800000, 0x00000000cb800000|100%| O|  |TAMS 0x00000000cb800000, 0x00000000cb800000| Untracked 
| 184|0x00000000cb800000, 0x00000000cb900000, 0x00000000cb900000|100%| O|  |TAMS 0x00000000cb900000, 0x00000000cb900000| Untracked 
| 185|0x00000000cb900000, 0x00000000cba00000, 0x00000000cba00000|100%| O|  |TAMS 0x00000000cba00000, 0x00000000cba00000| Untracked 
| 186|0x00000000cba00000, 0x00000000cbb00000, 0x00000000cbb00000|100%| O|  |TAMS 0x00000000cbb00000, 0x00000000cbb00000| Untracked 
| 187|0x00000000cbb00000, 0x00000000cbc00000, 0x00000000cbc00000|100%| O|  |TAMS 0x00000000cbc00000, 0x00000000cbc00000| Untracked 
| 188|0x00000000cbc00000, 0x00000000cbd00000, 0x00000000cbd00000|100%| O|  |TAMS 0x00000000cbd00000, 0x00000000cbd00000| Untracked 
| 189|0x00000000cbd00000, 0x00000000cbe00000, 0x00000000cbe00000|100%| O|  |TAMS 0x00000000cbe00000, 0x00000000cbe00000| Untracked 
| 190|0x00000000cbe00000, 0x00000000cbf00000, 0x00000000cbf00000|100%| O|  |TAMS 0x00000000cbf00000, 0x00000000cbf00000| Untracked 
| 191|0x00000000cbf00000, 0x00000000cc000000, 0x00000000cc000000|100%| O|  |TAMS 0x00000000cc000000, 0x00000000cc000000| Untracked 
| 192|0x00000000cc000000, 0x00000000cc100000, 0x00000000cc100000|100%| O|  |TAMS 0x00000000cc100000, 0x00000000cc100000| Untracked 
| 193|0x00000000cc100000, 0x00000000cc200000, 0x00000000cc200000|100%| O|  |TAMS 0x00000000cc200000, 0x00000000cc200000| Untracked 
| 194|0x00000000cc200000, 0x00000000cc300000, 0x00000000cc300000|100%| O|  |TAMS 0x00000000cc300000, 0x00000000cc300000| Untracked 
| 195|0x00000000cc300000, 0x00000000cc400000, 0x00000000cc400000|100%| O|  |TAMS 0x00000000cc400000, 0x00000000cc400000| Untracked 
| 196|0x00000000cc400000, 0x00000000cc500000, 0x00000000cc500000|100%| O|  |TAMS 0x00000000cc500000, 0x00000000cc500000| Untracked 
| 197|0x00000000cc500000, 0x00000000cc600000, 0x00000000cc600000|100%| O|  |TAMS 0x00000000cc600000, 0x00000000cc600000| Untracked 
| 198|0x00000000cc600000, 0x00000000cc700000, 0x00000000cc700000|100%| O|  |TAMS 0x00000000cc700000, 0x00000000cc700000| Untracked 
| 199|0x00000000cc700000, 0x00000000cc800000, 0x00000000cc800000|100%| O|  |TAMS 0x00000000cc800000, 0x00000000cc800000| Untracked 
| 200|0x00000000cc800000, 0x00000000cc900000, 0x00000000cc900000|100%| O|  |TAMS 0x00000000cc900000, 0x00000000cc900000| Untracked 
| 201|0x00000000cc900000, 0x00000000cca00000, 0x00000000cca00000|100%| O|  |TAMS 0x00000000cca00000, 0x00000000cca00000| Untracked 
| 202|0x00000000cca00000, 0x00000000ccb00000, 0x00000000ccb00000|100%| O|  |TAMS 0x00000000ccb00000, 0x00000000ccb00000| Untracked 
| 203|0x00000000ccb00000, 0x00000000ccc00000, 0x00000000ccc00000|100%| O|  |TAMS 0x00000000ccc00000, 0x00000000ccc00000| Untracked 
| 204|0x00000000ccc00000, 0x00000000ccd00000, 0x00000000ccd00000|100%| O|  |TAMS 0x00000000ccd00000, 0x00000000ccd00000| Untracked 
| 205|0x00000000ccd00000, 0x00000000cce00000, 0x00000000cce00000|100%| O|  |TAMS 0x00000000cce00000, 0x00000000cce00000| Untracked 
| 206|0x00000000cce00000, 0x00000000ccf00000, 0x00000000ccf00000|100%| O|  |TAMS 0x00000000ccf00000, 0x00000000ccf00000| Untracked 
| 207|0x00000000ccf00000, 0x00000000cd000000, 0x00000000cd000000|100%| O|  |TAMS 0x00000000cd000000, 0x00000000cd000000| Untracked 
| 208|0x00000000cd000000, 0x00000000cd100000, 0x00000000cd100000|100%| O|  |TAMS 0x00000000cd100000, 0x00000000cd100000| Untracked 
| 209|0x00000000cd100000, 0x00000000cd200000, 0x00000000cd200000|100%| O|  |TAMS 0x00000000cd200000, 0x00000000cd200000| Untracked 
| 210|0x00000000cd200000, 0x00000000cd300000, 0x00000000cd300000|100%| O|  |TAMS 0x00000000cd300000, 0x00000000cd300000| Untracked 
| 211|0x00000000cd300000, 0x00000000cd400000, 0x00000000cd400000|100%| O|  |TAMS 0x00000000cd400000, 0x00000000cd400000| Untracked 
| 212|0x00000000cd400000, 0x00000000cd500000, 0x00000000cd500000|100%| O|  |TAMS 0x00000000cd500000, 0x00000000cd500000| Untracked 
| 213|0x00000000cd500000, 0x00000000cd500000, 0x00000000cd600000|  0%| F|  |TAMS 0x00000000cd500000, 0x00000000cd500000| Untracked 
| 214|0x00000000cd600000, 0x00000000cd700000, 0x00000000cd700000|100%| O|  |TAMS 0x00000000cd700000, 0x00000000cd700000| Untracked 
| 215|0x00000000cd700000, 0x00000000cd700000, 0x00000000cd800000|  0%| F|  |TAMS 0x00000000cd700000, 0x00000000cd700000| Untracked 
| 216|0x00000000cd800000, 0x00000000cd800000, 0x00000000cd900000|  0%| F|  |TAMS 0x00000000cd800000, 0x00000000cd800000| Untracked 
| 217|0x00000000cd900000, 0x00000000cd900000, 0x00000000cda00000|  0%| F|  |TAMS 0x00000000cd900000, 0x00000000cd900000| Untracked 
| 218|0x00000000cda00000, 0x00000000cdb00000, 0x00000000cdb00000|100%| O|  |TAMS 0x00000000cdb00000, 0x00000000cdb00000| Untracked 
| 219|0x00000000cdb00000, 0x00000000cdc00000, 0x00000000cdc00000|100%| O|  |TAMS 0x00000000cdc00000, 0x00000000cdc00000| Untracked 
| 220|0x00000000cdc00000, 0x00000000cdc00000, 0x00000000cdd00000|  0%| F|  |TAMS 0x00000000cdc00000, 0x00000000cdc00000| Untracked 
| 221|0x00000000cdd00000, 0x00000000cde00000, 0x00000000cde00000|100%| O|  |TAMS 0x00000000cde00000, 0x00000000cde00000| Untracked 
| 222|0x00000000cde00000, 0x00000000cdf00000, 0x00000000cdf00000|100%| O|  |TAMS 0x00000000cdf00000, 0x00000000cdf00000| Untracked 
| 223|0x00000000cdf00000, 0x00000000ce000000, 0x00000000ce000000|100%| O|  |TAMS 0x00000000ce000000, 0x00000000ce000000| Untracked 
| 224|0x00000000ce000000, 0x00000000ce100000, 0x00000000ce100000|100%| O|  |TAMS 0x00000000ce100000, 0x00000000ce100000| Untracked 
| 225|0x00000000ce100000, 0x00000000ce200000, 0x00000000ce200000|100%| O|  |TAMS 0x00000000ce200000, 0x00000000ce200000| Untracked 
| 226|0x00000000ce200000, 0x00000000ce300000, 0x00000000ce300000|100%| O|  |TAMS 0x00000000ce300000, 0x00000000ce300000| Untracked 
| 227|0x00000000ce300000, 0x00000000ce400000, 0x00000000ce400000|100%| O|  |TAMS 0x00000000ce400000, 0x00000000ce400000| Untracked 
| 228|0x00000000ce400000, 0x00000000ce500000, 0x00000000ce500000|100%| O|  |TAMS 0x00000000ce500000, 0x00000000ce500000| Untracked 
| 229|0x00000000ce500000, 0x00000000ce600000, 0x00000000ce600000|100%| O|  |TAMS 0x00000000ce600000, 0x00000000ce600000| Untracked 
| 230|0x00000000ce600000, 0x00000000ce700000, 0x00000000ce700000|100%| O|  |TAMS 0x00000000ce700000, 0x00000000ce700000| Untracked 
| 231|0x00000000ce700000, 0x00000000ce800000, 0x00000000ce800000|100%| O|  |TAMS 0x00000000ce800000, 0x00000000ce800000| Untracked 
| 232|0x00000000ce800000, 0x00000000ce900000, 0x00000000ce900000|100%| O|  |TAMS 0x00000000ce900000, 0x00000000ce900000| Untracked 
| 233|0x00000000ce900000, 0x00000000cea00000, 0x00000000cea00000|100%| O|  |TAMS 0x00000000cea00000, 0x00000000cea00000| Untracked 
| 234|0x00000000cea00000, 0x00000000ceb00000, 0x00000000ceb00000|100%| O|  |TAMS 0x00000000ceb00000, 0x00000000ceb00000| Untracked 
| 235|0x00000000ceb00000, 0x00000000cec00000, 0x00000000cec00000|100%| O|  |TAMS 0x00000000cec00000, 0x00000000cec00000| Untracked 
| 236|0x00000000cec00000, 0x00000000ced00000, 0x00000000ced00000|100%| O|  |TAMS 0x00000000ced00000, 0x00000000ced00000| Untracked 
| 237|0x00000000ced00000, 0x00000000cee00000, 0x00000000cee00000|100%| O|  |TAMS 0x00000000cee00000, 0x00000000cee00000| Untracked 
| 238|0x00000000cee00000, 0x00000000cef00000, 0x00000000cef00000|100%| O|  |TAMS 0x00000000cef00000, 0x00000000cef00000| Untracked 
| 239|0x00000000cef00000, 0x00000000cf000000, 0x00000000cf000000|100%| O|  |TAMS 0x00000000cf000000, 0x00000000cf000000| Untracked 
| 240|0x00000000cf000000, 0x00000000cf100000, 0x00000000cf100000|100%| O|  |TAMS 0x00000000cf100000, 0x00000000cf100000| Untracked 
| 241|0x00000000cf100000, 0x00000000cf200000, 0x00000000cf200000|100%| O|  |TAMS 0x00000000cf200000, 0x00000000cf200000| Untracked 
| 242|0x00000000cf200000, 0x00000000cf300000, 0x00000000cf300000|100%| O|  |TAMS 0x00000000cf300000, 0x00000000cf300000| Untracked 
| 243|0x00000000cf300000, 0x00000000cf400000, 0x00000000cf400000|100%| O|  |TAMS 0x00000000cf400000, 0x00000000cf400000| Untracked 
| 244|0x00000000cf400000, 0x00000000cf500000, 0x00000000cf500000|100%| O|  |TAMS 0x00000000cf500000, 0x00000000cf500000| Untracked 
| 245|0x00000000cf500000, 0x00000000cf600000, 0x00000000cf600000|100%| O|  |TAMS 0x00000000cf600000, 0x00000000cf600000| Untracked 
| 246|0x00000000cf600000, 0x00000000cf700000, 0x00000000cf700000|100%| O|  |TAMS 0x00000000cf700000, 0x00000000cf700000| Untracked 
| 247|0x00000000cf700000, 0x00000000cf800000, 0x00000000cf800000|100%| O|  |TAMS 0x00000000cf800000, 0x00000000cf800000| Untracked 
| 248|0x00000000cf800000, 0x00000000cf900000, 0x00000000cf900000|100%| O|  |TAMS 0x00000000cf900000, 0x00000000cf900000| Untracked 
| 249|0x00000000cf900000, 0x00000000cf900000, 0x00000000cfa00000|  0%| F|  |TAMS 0x00000000cf900000, 0x00000000cf900000| Untracked 
| 250|0x00000000cfa00000, 0x00000000cfa00000, 0x00000000cfb00000|  0%| F|  |TAMS 0x00000000cfa00000, 0x00000000cfa00000| Untracked 
| 251|0x00000000cfb00000, 0x00000000cfb00000, 0x00000000cfc00000|  0%| F|  |TAMS 0x00000000cfb00000, 0x00000000cfb00000| Untracked 
| 252|0x00000000cfc00000, 0x00000000cfc00000, 0x00000000cfd00000|  0%| F|  |TAMS 0x00000000cfc00000, 0x00000000cfc00000| Untracked 
| 253|0x00000000cfd00000, 0x00000000cfd00000, 0x00000000cfe00000|  0%| F|  |TAMS 0x00000000cfd00000, 0x00000000cfd00000| Untracked 
| 254|0x00000000cfe00000, 0x00000000cfe00000, 0x00000000cff00000|  0%| F|  |TAMS 0x00000000cfe00000, 0x00000000cfe00000| Untracked 
| 255|0x00000000cff00000, 0x00000000cff00000, 0x00000000d0000000|  0%| F|  |TAMS 0x00000000cff00000, 0x00000000cff00000| Untracked 
| 256|0x00000000d0000000, 0x00000000d0000000, 0x00000000d0100000|  0%| F|  |TAMS 0x00000000d0000000, 0x00000000d0000000| Untracked 
| 257|0x00000000d0100000, 0x00000000d0100000, 0x00000000d0200000|  0%| F|  |TAMS 0x00000000d0100000, 0x00000000d0100000| Untracked 
| 258|0x00000000d0200000, 0x00000000d0200000, 0x00000000d0300000|  0%| F|  |TAMS 0x00000000d0200000, 0x00000000d0200000| Untracked 
| 259|0x00000000d0300000, 0x00000000d0300000, 0x00000000d0400000|  0%| F|  |TAMS 0x00000000d0300000, 0x00000000d0300000| Untracked 
| 260|0x00000000d0400000, 0x00000000d0400000, 0x00000000d0500000|  0%| F|  |TAMS 0x00000000d0400000, 0x00000000d0400000| Untracked 
| 261|0x00000000d0500000, 0x00000000d0500000, 0x00000000d0600000|  0%| F|  |TAMS 0x00000000d0500000, 0x00000000d0500000| Untracked 
| 262|0x00000000d0600000, 0x00000000d0600000, 0x00000000d0700000|  0%| F|  |TAMS 0x00000000d0600000, 0x00000000d0600000| Untracked 
| 263|0x00000000d0700000, 0x00000000d0700000, 0x00000000d0800000|  0%| F|  |TAMS 0x00000000d0700000, 0x00000000d0700000| Untracked 
| 264|0x00000000d0800000, 0x00000000d0800000, 0x00000000d0900000|  0%| F|  |TAMS 0x00000000d0800000, 0x00000000d0800000| Untracked 
| 265|0x00000000d0900000, 0x00000000d0900000, 0x00000000d0a00000|  0%| F|  |TAMS 0x00000000d0900000, 0x00000000d0900000| Untracked 
| 266|0x00000000d0a00000, 0x00000000d0a00000, 0x00000000d0b00000|  0%| F|  |TAMS 0x00000000d0a00000, 0x00000000d0a00000| Untracked 
| 267|0x00000000d0b00000, 0x00000000d0b00000, 0x00000000d0c00000|  0%| F|  |TAMS 0x00000000d0b00000, 0x00000000d0b00000| Untracked 
| 268|0x00000000d0c00000, 0x00000000d0c00000, 0x00000000d0d00000|  0%| F|  |TAMS 0x00000000d0c00000, 0x00000000d0c00000| Untracked 
| 269|0x00000000d0d00000, 0x00000000d0d00000, 0x00000000d0e00000|  0%| F|  |TAMS 0x00000000d0d00000, 0x00000000d0d00000| Untracked 
| 270|0x00000000d0e00000, 0x00000000d0e00000, 0x00000000d0f00000|  0%| F|  |TAMS 0x00000000d0e00000, 0x00000000d0e00000| Untracked 
| 271|0x00000000d0f00000, 0x00000000d0f00000, 0x00000000d1000000|  0%| F|  |TAMS 0x00000000d0f00000, 0x00000000d0f00000| Untracked 
| 272|0x00000000d1000000, 0x00000000d1000000, 0x00000000d1100000|  0%| F|  |TAMS 0x00000000d1000000, 0x00000000d1000000| Untracked 
| 273|0x00000000d1100000, 0x00000000d1100000, 0x00000000d1200000|  0%| F|  |TAMS 0x00000000d1100000, 0x00000000d1100000| Untracked 
| 274|0x00000000d1200000, 0x00000000d1200000, 0x00000000d1300000|  0%| F|  |TAMS 0x00000000d1200000, 0x00000000d1200000| Untracked 
| 275|0x00000000d1300000, 0x00000000d1300000, 0x00000000d1400000|  0%| F|  |TAMS 0x00000000d1300000, 0x00000000d1300000| Untracked 
| 276|0x00000000d1400000, 0x00000000d1400000, 0x00000000d1500000|  0%| F|  |TAMS 0x00000000d1400000, 0x00000000d1400000| Untracked 
| 277|0x00000000d1500000, 0x00000000d1500000, 0x00000000d1600000|  0%| F|  |TAMS 0x00000000d1500000, 0x00000000d1500000| Untracked 
| 278|0x00000000d1600000, 0x00000000d1600000, 0x00000000d1700000|  0%| F|  |TAMS 0x00000000d1600000, 0x00000000d1600000| Untracked 
| 279|0x00000000d1700000, 0x00000000d1700000, 0x00000000d1800000|  0%| F|  |TAMS 0x00000000d1700000, 0x00000000d1700000| Untracked 
| 280|0x00000000d1800000, 0x00000000d1800000, 0x00000000d1900000|  0%| F|  |TAMS 0x00000000d1800000, 0x00000000d1800000| Untracked 
| 281|0x00000000d1900000, 0x00000000d1900000, 0x00000000d1a00000|  0%| F|  |TAMS 0x00000000d1900000, 0x00000000d1900000| Untracked 
| 282|0x00000000d1a00000, 0x00000000d1a00000, 0x00000000d1b00000|  0%| F|  |TAMS 0x00000000d1a00000, 0x00000000d1a00000| Untracked 
| 283|0x00000000d1b00000, 0x00000000d1b00000, 0x00000000d1c00000|  0%| F|  |TAMS 0x00000000d1b00000, 0x00000000d1b00000| Untracked 
| 284|0x00000000d1c00000, 0x00000000d1c00000, 0x00000000d1d00000|  0%| F|  |TAMS 0x00000000d1c00000, 0x00000000d1c00000| Untracked 
| 285|0x00000000d1d00000, 0x00000000d1d00000, 0x00000000d1e00000|  0%| F|  |TAMS 0x00000000d1d00000, 0x00000000d1d00000| Untracked 
| 286|0x00000000d1e00000, 0x00000000d1e00000, 0x00000000d1f00000|  0%| F|  |TAMS 0x00000000d1e00000, 0x00000000d1e00000| Untracked 
| 287|0x00000000d1f00000, 0x00000000d1f00000, 0x00000000d2000000|  0%| F|  |TAMS 0x00000000d1f00000, 0x00000000d1f00000| Untracked 
| 288|0x00000000d2000000, 0x00000000d2000000, 0x00000000d2100000|  0%| F|  |TAMS 0x00000000d2000000, 0x00000000d2000000| Untracked 
| 289|0x00000000d2100000, 0x00000000d2100000, 0x00000000d2200000|  0%| F|  |TAMS 0x00000000d2100000, 0x00000000d2100000| Untracked 
| 290|0x00000000d2200000, 0x00000000d2200000, 0x00000000d2300000|  0%| F|  |TAMS 0x00000000d2200000, 0x00000000d2200000| Untracked 
| 291|0x00000000d2300000, 0x00000000d2300000, 0x00000000d2400000|  0%| F|  |TAMS 0x00000000d2300000, 0x00000000d2300000| Untracked 
| 292|0x00000000d2400000, 0x00000000d2400000, 0x00000000d2500000|  0%| F|  |TAMS 0x00000000d2400000, 0x00000000d2400000| Untracked 
| 293|0x00000000d2500000, 0x00000000d2500000, 0x00000000d2600000|  0%| F|  |TAMS 0x00000000d2500000, 0x00000000d2500000| Untracked 
| 294|0x00000000d2600000, 0x00000000d2600000, 0x00000000d2700000|  0%| F|  |TAMS 0x00000000d2600000, 0x00000000d2600000| Untracked 
| 295|0x00000000d2700000, 0x00000000d2700000, 0x00000000d2800000|  0%| F|  |TAMS 0x00000000d2700000, 0x00000000d2700000| Untracked 
| 296|0x00000000d2800000, 0x00000000d2800000, 0x00000000d2900000|  0%| F|  |TAMS 0x00000000d2800000, 0x00000000d2800000| Untracked 
| 297|0x00000000d2900000, 0x00000000d2900000, 0x00000000d2a00000|  0%| F|  |TAMS 0x00000000d2900000, 0x00000000d2900000| Untracked 
| 298|0x00000000d2a00000, 0x00000000d2a00000, 0x00000000d2b00000|  0%| F|  |TAMS 0x00000000d2a00000, 0x00000000d2a00000| Untracked 
| 299|0x00000000d2b00000, 0x00000000d2b00000, 0x00000000d2c00000|  0%| F|  |TAMS 0x00000000d2b00000, 0x00000000d2b00000| Untracked 
| 300|0x00000000d2c00000, 0x00000000d2c00000, 0x00000000d2d00000|  0%| F|  |TAMS 0x00000000d2c00000, 0x00000000d2c00000| Untracked 
| 301|0x00000000d2d00000, 0x00000000d2d00000, 0x00000000d2e00000|  0%| F|  |TAMS 0x00000000d2d00000, 0x00000000d2d00000| Untracked 
| 302|0x00000000d2e00000, 0x00000000d2e00000, 0x00000000d2f00000|  0%| F|  |TAMS 0x00000000d2e00000, 0x00000000d2e00000| Untracked 
| 303|0x00000000d2f00000, 0x00000000d2f00000, 0x00000000d3000000|  0%| F|  |TAMS 0x00000000d2f00000, 0x00000000d2f00000| Untracked 
| 304|0x00000000d3000000, 0x00000000d3000000, 0x00000000d3100000|  0%| F|  |TAMS 0x00000000d3000000, 0x00000000d3000000| Untracked 
| 305|0x00000000d3100000, 0x00000000d3100000, 0x00000000d3200000|  0%| F|  |TAMS 0x00000000d3100000, 0x00000000d3100000| Untracked 
| 306|0x00000000d3200000, 0x00000000d3200000, 0x00000000d3300000|  0%| F|  |TAMS 0x00000000d3200000, 0x00000000d3200000| Untracked 
| 307|0x00000000d3300000, 0x00000000d3300000, 0x00000000d3400000|  0%| F|  |TAMS 0x00000000d3300000, 0x00000000d3300000| Untracked 
| 308|0x00000000d3400000, 0x00000000d3400000, 0x00000000d3500000|  0%| F|  |TAMS 0x00000000d3400000, 0x00000000d3400000| Untracked 
| 309|0x00000000d3500000, 0x00000000d3500000, 0x00000000d3600000|  0%| F|  |TAMS 0x00000000d3500000, 0x00000000d3500000| Untracked 
| 310|0x00000000d3600000, 0x00000000d3600000, 0x00000000d3700000|  0%| F|  |TAMS 0x00000000d3600000, 0x00000000d3600000| Untracked 
| 311|0x00000000d3700000, 0x00000000d3700000, 0x00000000d3800000|  0%| F|  |TAMS 0x00000000d3700000, 0x00000000d3700000| Untracked 
| 312|0x00000000d3800000, 0x00000000d3800000, 0x00000000d3900000|  0%| F|  |TAMS 0x00000000d3800000, 0x00000000d3800000| Untracked 
| 313|0x00000000d3900000, 0x00000000d3900000, 0x00000000d3a00000|  0%| F|  |TAMS 0x00000000d3900000, 0x00000000d3900000| Untracked 
| 314|0x00000000d3a00000, 0x00000000d3a00000, 0x00000000d3b00000|  0%| F|  |TAMS 0x00000000d3a00000, 0x00000000d3a00000| Untracked 
| 315|0x00000000d3b00000, 0x00000000d3b00000, 0x00000000d3c00000|  0%| F|  |TAMS 0x00000000d3b00000, 0x00000000d3b00000| Untracked 
| 316|0x00000000d3c00000, 0x00000000d3c00000, 0x00000000d3d00000|  0%| F|  |TAMS 0x00000000d3c00000, 0x00000000d3c00000| Untracked 
| 317|0x00000000d3d00000, 0x00000000d3d00000, 0x00000000d3e00000|  0%| F|  |TAMS 0x00000000d3d00000, 0x00000000d3d00000| Untracked 
| 318|0x00000000d3e00000, 0x00000000d3e00000, 0x00000000d3f00000|  0%| F|  |TAMS 0x00000000d3e00000, 0x00000000d3e00000| Untracked 
| 319|0x00000000d3f00000, 0x00000000d3f00000, 0x00000000d4000000|  0%| F|  |TAMS 0x00000000d3f00000, 0x00000000d3f00000| Untracked 
| 320|0x00000000d4000000, 0x00000000d4000000, 0x00000000d4100000|  0%| F|  |TAMS 0x00000000d4000000, 0x00000000d4000000| Untracked 
| 321|0x00000000d4100000, 0x00000000d4100000, 0x00000000d4200000|  0%| F|  |TAMS 0x00000000d4100000, 0x00000000d4100000| Untracked 
| 322|0x00000000d4200000, 0x00000000d4200000, 0x00000000d4300000|  0%| F|  |TAMS 0x00000000d4200000, 0x00000000d4200000| Untracked 
| 323|0x00000000d4300000, 0x00000000d4300000, 0x00000000d4400000|  0%| F|  |TAMS 0x00000000d4300000, 0x00000000d4300000| Untracked 
| 324|0x00000000d4400000, 0x00000000d4400000, 0x00000000d4500000|  0%| F|  |TAMS 0x00000000d4400000, 0x00000000d4400000| Untracked 
| 325|0x00000000d4500000, 0x00000000d4500000, 0x00000000d4600000|  0%| F|  |TAMS 0x00000000d4500000, 0x00000000d4500000| Untracked 
| 326|0x00000000d4600000, 0x00000000d4600000, 0x00000000d4700000|  0%| F|  |TAMS 0x00000000d4600000, 0x00000000d4600000| Untracked 
| 327|0x00000000d4700000, 0x00000000d4700000, 0x00000000d4800000|  0%| F|  |TAMS 0x00000000d4700000, 0x00000000d4700000| Untracked 
| 328|0x00000000d4800000, 0x00000000d4800000, 0x00000000d4900000|  0%| F|  |TAMS 0x00000000d4800000, 0x00000000d4800000| Untracked 
| 329|0x00000000d4900000, 0x00000000d4900000, 0x00000000d4a00000|  0%| F|  |TAMS 0x00000000d4900000, 0x00000000d4900000| Untracked 
| 330|0x00000000d4a00000, 0x00000000d4a00000, 0x00000000d4b00000|  0%| F|  |TAMS 0x00000000d4a00000, 0x00000000d4a00000| Untracked 
| 331|0x00000000d4b00000, 0x00000000d4b00000, 0x00000000d4c00000|  0%| F|  |TAMS 0x00000000d4b00000, 0x00000000d4b00000| Untracked 
| 332|0x00000000d4c00000, 0x00000000d4c00000, 0x00000000d4d00000|  0%| F|  |TAMS 0x00000000d4c00000, 0x00000000d4c00000| Untracked 
| 333|0x00000000d4d00000, 0x00000000d4d00000, 0x00000000d4e00000|  0%| F|  |TAMS 0x00000000d4d00000, 0x00000000d4d00000| Untracked 
| 334|0x00000000d4e00000, 0x00000000d4e00000, 0x00000000d4f00000|  0%| F|  |TAMS 0x00000000d4e00000, 0x00000000d4e00000| Untracked 
| 335|0x00000000d4f00000, 0x00000000d4f00000, 0x00000000d5000000|  0%| F|  |TAMS 0x00000000d4f00000, 0x00000000d4f00000| Untracked 
| 336|0x00000000d5000000, 0x00000000d5000000, 0x00000000d5100000|  0%| F|  |TAMS 0x00000000d5000000, 0x00000000d5000000| Untracked 
| 337|0x00000000d5100000, 0x00000000d5100000, 0x00000000d5200000|  0%| F|  |TAMS 0x00000000d5100000, 0x00000000d5100000| Untracked 
| 338|0x00000000d5200000, 0x00000000d5200000, 0x00000000d5300000|  0%| F|  |TAMS 0x00000000d5200000, 0x00000000d5200000| Untracked 
| 339|0x00000000d5300000, 0x00000000d5300000, 0x00000000d5400000|  0%| F|  |TAMS 0x00000000d5300000, 0x00000000d5300000| Untracked 
| 340|0x00000000d5400000, 0x00000000d5400000, 0x00000000d5500000|  0%| F|  |TAMS 0x00000000d5400000, 0x00000000d5400000| Untracked 
| 341|0x00000000d5500000, 0x00000000d5500000, 0x00000000d5600000|  0%| F|  |TAMS 0x00000000d5500000, 0x00000000d5500000| Untracked 
| 342|0x00000000d5600000, 0x00000000d5600000, 0x00000000d5700000|  0%| F|  |TAMS 0x00000000d5600000, 0x00000000d5600000| Untracked 
| 343|0x00000000d5700000, 0x00000000d5700000, 0x00000000d5800000|  0%| F|  |TAMS 0x00000000d5700000, 0x00000000d5700000| Untracked 
| 344|0x00000000d5800000, 0x00000000d5800000, 0x00000000d5900000|  0%| F|  |TAMS 0x00000000d5800000, 0x00000000d5800000| Untracked 
| 345|0x00000000d5900000, 0x00000000d5900000, 0x00000000d5a00000|  0%| F|  |TAMS 0x00000000d5900000, 0x00000000d5900000| Untracked 
| 346|0x00000000d5a00000, 0x00000000d5a00000, 0x00000000d5b00000|  0%| F|  |TAMS 0x00000000d5a00000, 0x00000000d5a00000| Untracked 
| 347|0x00000000d5b00000, 0x00000000d5b00000, 0x00000000d5c00000|  0%| F|  |TAMS 0x00000000d5b00000, 0x00000000d5b00000| Untracked 
| 348|0x00000000d5c00000, 0x00000000d5c00000, 0x00000000d5d00000|  0%| F|  |TAMS 0x00000000d5c00000, 0x00000000d5c00000| Untracked 
| 349|0x00000000d5d00000, 0x00000000d5d00000, 0x00000000d5e00000|  0%| F|  |TAMS 0x00000000d5d00000, 0x00000000d5d00000| Untracked 
| 350|0x00000000d5e00000, 0x00000000d5e00000, 0x00000000d5f00000|  0%| F|  |TAMS 0x00000000d5e00000, 0x00000000d5e00000| Untracked 
| 351|0x00000000d5f00000, 0x00000000d5f00000, 0x00000000d6000000|  0%| F|  |TAMS 0x00000000d5f00000, 0x00000000d5f00000| Untracked 
| 352|0x00000000d6000000, 0x00000000d6000000, 0x00000000d6100000|  0%| F|  |TAMS 0x00000000d6000000, 0x00000000d6000000| Untracked 
| 353|0x00000000d6100000, 0x00000000d6100000, 0x00000000d6200000|  0%| F|  |TAMS 0x00000000d6100000, 0x00000000d6100000| Untracked 
| 354|0x00000000d6200000, 0x00000000d6200000, 0x00000000d6300000|  0%| F|  |TAMS 0x00000000d6200000, 0x00000000d6200000| Untracked 
| 355|0x00000000d6300000, 0x00000000d6300000, 0x00000000d6400000|  0%| F|  |TAMS 0x00000000d6300000, 0x00000000d6300000| Untracked 
| 356|0x00000000d6400000, 0x00000000d6400000, 0x00000000d6500000|  0%| F|  |TAMS 0x00000000d6400000, 0x00000000d6400000| Untracked 
| 357|0x00000000d6500000, 0x00000000d6500000, 0x00000000d6600000|  0%| F|  |TAMS 0x00000000d6500000, 0x00000000d6500000| Untracked 
| 358|0x00000000d6600000, 0x00000000d6600000, 0x00000000d6700000|  0%| F|  |TAMS 0x00000000d6600000, 0x00000000d6600000| Untracked 
| 359|0x00000000d6700000, 0x00000000d6700000, 0x00000000d6800000|  0%| F|  |TAMS 0x00000000d6700000, 0x00000000d6700000| Untracked 
| 360|0x00000000d6800000, 0x00000000d6800000, 0x00000000d6900000|  0%| F|  |TAMS 0x00000000d6800000, 0x00000000d6800000| Untracked 
| 361|0x00000000d6900000, 0x00000000d6900000, 0x00000000d6a00000|  0%| F|  |TAMS 0x00000000d6900000, 0x00000000d6900000| Untracked 
| 362|0x00000000d6a00000, 0x00000000d6a00000, 0x00000000d6b00000|  0%| F|  |TAMS 0x00000000d6a00000, 0x00000000d6a00000| Untracked 
| 363|0x00000000d6b00000, 0x00000000d6b00000, 0x00000000d6c00000|  0%| F|  |TAMS 0x00000000d6b00000, 0x00000000d6b00000| Untracked 
| 364|0x00000000d6c00000, 0x00000000d6c00000, 0x00000000d6d00000|  0%| F|  |TAMS 0x00000000d6c00000, 0x00000000d6c00000| Untracked 
| 365|0x00000000d6d00000, 0x00000000d6d00000, 0x00000000d6e00000|  0%| F|  |TAMS 0x00000000d6d00000, 0x00000000d6d00000| Untracked 
| 366|0x00000000d6e00000, 0x00000000d6e00000, 0x00000000d6f00000|  0%| F|  |TAMS 0x00000000d6e00000, 0x00000000d6e00000| Untracked 
| 367|0x00000000d6f00000, 0x00000000d6f00000, 0x00000000d7000000|  0%| F|  |TAMS 0x00000000d6f00000, 0x00000000d6f00000| Untracked 
| 368|0x00000000d7000000, 0x00000000d7000000, 0x00000000d7100000|  0%| F|  |TAMS 0x00000000d7000000, 0x00000000d7000000| Untracked 
| 369|0x00000000d7100000, 0x00000000d7100000, 0x00000000d7200000|  0%| F|  |TAMS 0x00000000d7100000, 0x00000000d7100000| Untracked 
| 370|0x00000000d7200000, 0x00000000d7200000, 0x00000000d7300000|  0%| F|  |TAMS 0x00000000d7200000, 0x00000000d7200000| Untracked 
| 371|0x00000000d7300000, 0x00000000d7300000, 0x00000000d7400000|  0%| F|  |TAMS 0x00000000d7300000, 0x00000000d7300000| Untracked 
| 372|0x00000000d7400000, 0x00000000d7400000, 0x00000000d7500000|  0%| F|  |TAMS 0x00000000d7400000, 0x00000000d7400000| Untracked 
| 373|0x00000000d7500000, 0x00000000d7500000, 0x00000000d7600000|  0%| F|  |TAMS 0x00000000d7500000, 0x00000000d7500000| Untracked 
| 374|0x00000000d7600000, 0x00000000d7600000, 0x00000000d7700000|  0%| F|  |TAMS 0x00000000d7600000, 0x00000000d7600000| Untracked 
| 375|0x00000000d7700000, 0x00000000d7700000, 0x00000000d7800000|  0%| F|  |TAMS 0x00000000d7700000, 0x00000000d7700000| Untracked 
| 376|0x00000000d7800000, 0x00000000d7800000, 0x00000000d7900000|  0%| F|  |TAMS 0x00000000d7800000, 0x00000000d7800000| Untracked 
| 377|0x00000000d7900000, 0x00000000d7900000, 0x00000000d7a00000|  0%| F|  |TAMS 0x00000000d7900000, 0x00000000d7900000| Untracked 
| 378|0x00000000d7a00000, 0x00000000d7a00000, 0x00000000d7b00000|  0%| F|  |TAMS 0x00000000d7a00000, 0x00000000d7a00000| Untracked 
| 379|0x00000000d7b00000, 0x00000000d7b00000, 0x00000000d7c00000|  0%| F|  |TAMS 0x00000000d7b00000, 0x00000000d7b00000| Untracked 
| 380|0x00000000d7c00000, 0x00000000d7c00000, 0x00000000d7d00000|  0%| F|  |TAMS 0x00000000d7c00000, 0x00000000d7c00000| Untracked 
| 381|0x00000000d7d00000, 0x00000000d7d00000, 0x00000000d7e00000|  0%| F|  |TAMS 0x00000000d7d00000, 0x00000000d7d00000| Untracked 
| 382|0x00000000d7e00000, 0x00000000d7e00000, 0x00000000d7f00000|  0%| F|  |TAMS 0x00000000d7e00000, 0x00000000d7e00000| Untracked 
| 383|0x00000000d7f00000, 0x00000000d7f00000, 0x00000000d8000000|  0%| F|  |TAMS 0x00000000d7f00000, 0x00000000d7f00000| Untracked 
| 384|0x00000000d8000000, 0x00000000d8000000, 0x00000000d8100000|  0%| F|  |TAMS 0x00000000d8000000, 0x00000000d8000000| Untracked 
| 385|0x00000000d8100000, 0x00000000d8100000, 0x00000000d8200000|  0%| F|  |TAMS 0x00000000d8100000, 0x00000000d8100000| Untracked 
| 386|0x00000000d8200000, 0x00000000d8200000, 0x00000000d8300000|  0%| F|  |TAMS 0x00000000d8200000, 0x00000000d8200000| Untracked 
| 387|0x00000000d8300000, 0x00000000d8300000, 0x00000000d8400000|  0%| F|  |TAMS 0x00000000d8300000, 0x00000000d8300000| Untracked 
| 388|0x00000000d8400000, 0x00000000d8400000, 0x00000000d8500000|  0%| F|  |TAMS 0x00000000d8400000, 0x00000000d8400000| Untracked 
| 389|0x00000000d8500000, 0x00000000d8500000, 0x00000000d8600000|  0%| F|  |TAMS 0x00000000d8500000, 0x00000000d8500000| Untracked 
| 390|0x00000000d8600000, 0x00000000d8600000, 0x00000000d8700000|  0%| F|  |TAMS 0x00000000d8600000, 0x00000000d8600000| Untracked 
| 391|0x00000000d8700000, 0x00000000d8700000, 0x00000000d8800000|  0%| F|  |TAMS 0x00000000d8700000, 0x00000000d8700000| Untracked 
| 392|0x00000000d8800000, 0x00000000d8800000, 0x00000000d8900000|  0%| F|  |TAMS 0x00000000d8800000, 0x00000000d8800000| Untracked 
| 393|0x00000000d8900000, 0x00000000d8900000, 0x00000000d8a00000|  0%| F|  |TAMS 0x00000000d8900000, 0x00000000d8900000| Untracked 
| 394|0x00000000d8a00000, 0x00000000d8a00000, 0x00000000d8b00000|  0%| F|  |TAMS 0x00000000d8a00000, 0x00000000d8a00000| Untracked 
| 395|0x00000000d8b00000, 0x00000000d8b00000, 0x00000000d8c00000|  0%| F|  |TAMS 0x00000000d8b00000, 0x00000000d8b00000| Untracked 
| 396|0x00000000d8c00000, 0x00000000d8c00000, 0x00000000d8d00000|  0%| F|  |TAMS 0x00000000d8c00000, 0x00000000d8c00000| Untracked 
| 397|0x00000000d8d00000, 0x00000000d8d00000, 0x00000000d8e00000|  0%| F|  |TAMS 0x00000000d8d00000, 0x00000000d8d00000| Untracked 
| 398|0x00000000d8e00000, 0x00000000d8e00000, 0x00000000d8f00000|  0%| F|  |TAMS 0x00000000d8e00000, 0x00000000d8e00000| Untracked 
| 399|0x00000000d8f00000, 0x00000000d8f00000, 0x00000000d9000000|  0%| F|  |TAMS 0x00000000d8f00000, 0x00000000d8f00000| Untracked 
| 400|0x00000000d9000000, 0x00000000d9000000, 0x00000000d9100000|  0%| F|  |TAMS 0x00000000d9000000, 0x00000000d9000000| Untracked 
| 401|0x00000000d9100000, 0x00000000d9100000, 0x00000000d9200000|  0%| F|  |TAMS 0x00000000d9100000, 0x00000000d9100000| Untracked 
| 402|0x00000000d9200000, 0x00000000d9200000, 0x00000000d9300000|  0%| F|  |TAMS 0x00000000d9200000, 0x00000000d9200000| Untracked 
| 403|0x00000000d9300000, 0x00000000d9300000, 0x00000000d9400000|  0%| F|  |TAMS 0x00000000d9300000, 0x00000000d9300000| Untracked 
| 404|0x00000000d9400000, 0x00000000d9400000, 0x00000000d9500000|  0%| F|  |TAMS 0x00000000d9400000, 0x00000000d9400000| Untracked 
| 405|0x00000000d9500000, 0x00000000d9500000, 0x00000000d9600000|  0%| F|  |TAMS 0x00000000d9500000, 0x00000000d9500000| Untracked 
| 406|0x00000000d9600000, 0x00000000d9600000, 0x00000000d9700000|  0%| F|  |TAMS 0x00000000d9600000, 0x00000000d9600000| Untracked 
| 407|0x00000000d9700000, 0x00000000d9700000, 0x00000000d9800000|  0%| F|  |TAMS 0x00000000d9700000, 0x00000000d9700000| Untracked 
| 408|0x00000000d9800000, 0x00000000d9800000, 0x00000000d9900000|  0%| F|  |TAMS 0x00000000d9800000, 0x00000000d9800000| Untracked 
| 409|0x00000000d9900000, 0x00000000d9900000, 0x00000000d9a00000|  0%| F|  |TAMS 0x00000000d9900000, 0x00000000d9900000| Untracked 
| 410|0x00000000d9a00000, 0x00000000d9a00000, 0x00000000d9b00000|  0%| F|  |TAMS 0x00000000d9a00000, 0x00000000d9a00000| Untracked 
| 411|0x00000000d9b00000, 0x00000000d9b00000, 0x00000000d9c00000|  0%| F|  |TAMS 0x00000000d9b00000, 0x00000000d9b00000| Untracked 
| 412|0x00000000d9c00000, 0x00000000d9c00000, 0x00000000d9d00000|  0%| F|  |TAMS 0x00000000d9c00000, 0x00000000d9c00000| Untracked 
| 413|0x00000000d9d00000, 0x00000000d9d00000, 0x00000000d9e00000|  0%| F|  |TAMS 0x00000000d9d00000, 0x00000000d9d00000| Untracked 
| 414|0x00000000d9e00000, 0x00000000d9e00000, 0x00000000d9f00000|  0%| F|  |TAMS 0x00000000d9e00000, 0x00000000d9e00000| Untracked 
| 415|0x00000000d9f00000, 0x00000000d9f00000, 0x00000000da000000|  0%| F|  |TAMS 0x00000000d9f00000, 0x00000000d9f00000| Untracked 
| 416|0x00000000da000000, 0x00000000da000000, 0x00000000da100000|  0%| F|  |TAMS 0x00000000da000000, 0x00000000da000000| Untracked 
| 417|0x00000000da100000, 0x00000000da100000, 0x00000000da200000|  0%| F|  |TAMS 0x00000000da100000, 0x00000000da100000| Untracked 
| 418|0x00000000da200000, 0x00000000da200000, 0x00000000da300000|  0%| F|  |TAMS 0x00000000da200000, 0x00000000da200000| Untracked 
| 419|0x00000000da300000, 0x00000000da300000, 0x00000000da400000|  0%| F|  |TAMS 0x00000000da300000, 0x00000000da300000| Untracked 
| 420|0x00000000da400000, 0x00000000da400000, 0x00000000da500000|  0%| F|  |TAMS 0x00000000da400000, 0x00000000da400000| Untracked 
| 421|0x00000000da500000, 0x00000000da500000, 0x00000000da600000|  0%| F|  |TAMS 0x00000000da500000, 0x00000000da500000| Untracked 
| 422|0x00000000da600000, 0x00000000da600000, 0x00000000da700000|  0%| F|  |TAMS 0x00000000da600000, 0x00000000da600000| Untracked 
| 423|0x00000000da700000, 0x00000000da700000, 0x00000000da800000|  0%| F|  |TAMS 0x00000000da700000, 0x00000000da700000| Untracked 
| 424|0x00000000da800000, 0x00000000da800000, 0x00000000da900000|  0%| F|  |TAMS 0x00000000da800000, 0x00000000da800000| Untracked 
| 425|0x00000000da900000, 0x00000000da900000, 0x00000000daa00000|  0%| F|  |TAMS 0x00000000da900000, 0x00000000da900000| Untracked 
| 426|0x00000000daa00000, 0x00000000daa00000, 0x00000000dab00000|  0%| F|  |TAMS 0x00000000daa00000, 0x00000000daa00000| Untracked 
| 427|0x00000000dab00000, 0x00000000dab00000, 0x00000000dac00000|  0%| F|  |TAMS 0x00000000dab00000, 0x00000000dab00000| Untracked 
| 428|0x00000000dac00000, 0x00000000dac00000, 0x00000000dad00000|  0%| F|  |TAMS 0x00000000dac00000, 0x00000000dac00000| Untracked 
| 429|0x00000000dad00000, 0x00000000dad00000, 0x00000000dae00000|  0%| F|  |TAMS 0x00000000dad00000, 0x00000000dad00000| Untracked 
| 430|0x00000000dae00000, 0x00000000dae00000, 0x00000000daf00000|  0%| F|  |TAMS 0x00000000dae00000, 0x00000000dae00000| Untracked 
| 431|0x00000000daf00000, 0x00000000daf00000, 0x00000000db000000|  0%| F|  |TAMS 0x00000000daf00000, 0x00000000daf00000| Untracked 
| 432|0x00000000db000000, 0x00000000db000000, 0x00000000db100000|  0%| F|  |TAMS 0x00000000db000000, 0x00000000db000000| Untracked 
| 433|0x00000000db100000, 0x00000000db100000, 0x00000000db200000|  0%| F|  |TAMS 0x00000000db100000, 0x00000000db100000| Untracked 
| 434|0x00000000db200000, 0x00000000db200000, 0x00000000db300000|  0%| F|  |TAMS 0x00000000db200000, 0x00000000db200000| Untracked 
| 435|0x00000000db300000, 0x00000000db300000, 0x00000000db400000|  0%| F|  |TAMS 0x00000000db300000, 0x00000000db300000| Untracked 
| 436|0x00000000db400000, 0x00000000db400000, 0x00000000db500000|  0%| F|  |TAMS 0x00000000db400000, 0x00000000db400000| Untracked 
| 437|0x00000000db500000, 0x00000000db500000, 0x00000000db600000|  0%| F|  |TAMS 0x00000000db500000, 0x00000000db500000| Untracked 
| 438|0x00000000db600000, 0x00000000db600000, 0x00000000db700000|  0%| F|  |TAMS 0x00000000db600000, 0x00000000db600000| Untracked 
| 439|0x00000000db700000, 0x00000000db700000, 0x00000000db800000|  0%| F|  |TAMS 0x00000000db700000, 0x00000000db700000| Untracked 
| 440|0x00000000db800000, 0x00000000db800000, 0x00000000db900000|  0%| F|  |TAMS 0x00000000db800000, 0x00000000db800000| Untracked 
| 441|0x00000000db900000, 0x00000000db900000, 0x00000000dba00000|  0%| F|  |TAMS 0x00000000db900000, 0x00000000db900000| Untracked 
| 442|0x00000000dba00000, 0x00000000dba00000, 0x00000000dbb00000|  0%| F|  |TAMS 0x00000000dba00000, 0x00000000dba00000| Untracked 
| 443|0x00000000dbb00000, 0x00000000dbb00000, 0x00000000dbc00000|  0%| F|  |TAMS 0x00000000dbb00000, 0x00000000dbb00000| Untracked 
| 444|0x00000000dbc00000, 0x00000000dbc00000, 0x00000000dbd00000|  0%| F|  |TAMS 0x00000000dbc00000, 0x00000000dbc00000| Untracked 
| 445|0x00000000dbd00000, 0x00000000dbd00000, 0x00000000dbe00000|  0%| F|  |TAMS 0x00000000dbd00000, 0x00000000dbd00000| Untracked 
| 446|0x00000000dbe00000, 0x00000000dbe00000, 0x00000000dbf00000|  0%| F|  |TAMS 0x00000000dbe00000, 0x00000000dbe00000| Untracked 
| 447|0x00000000dbf00000, 0x00000000dbf00000, 0x00000000dc000000|  0%| F|  |TAMS 0x00000000dbf00000, 0x00000000dbf00000| Untracked 
| 448|0x00000000dc000000, 0x00000000dc000000, 0x00000000dc100000|  0%| F|  |TAMS 0x00000000dc000000, 0x00000000dc000000| Untracked 
| 449|0x00000000dc100000, 0x00000000dc100000, 0x00000000dc200000|  0%| F|  |TAMS 0x00000000dc100000, 0x00000000dc100000| Untracked 
| 450|0x00000000dc200000, 0x00000000dc200000, 0x00000000dc300000|  0%| F|  |TAMS 0x00000000dc200000, 0x00000000dc200000| Untracked 
| 451|0x00000000dc300000, 0x00000000dc300000, 0x00000000dc400000|  0%| F|  |TAMS 0x00000000dc300000, 0x00000000dc300000| Untracked 
| 452|0x00000000dc400000, 0x00000000dc400000, 0x00000000dc500000|  0%| F|  |TAMS 0x00000000dc400000, 0x00000000dc400000| Untracked 
| 453|0x00000000dc500000, 0x00000000dc500000, 0x00000000dc600000|  0%| F|  |TAMS 0x00000000dc500000, 0x00000000dc500000| Untracked 
| 454|0x00000000dc600000, 0x00000000dc600000, 0x00000000dc700000|  0%| F|  |TAMS 0x00000000dc600000, 0x00000000dc600000| Untracked 
| 455|0x00000000dc700000, 0x00000000dc700000, 0x00000000dc800000|  0%| F|  |TAMS 0x00000000dc700000, 0x00000000dc700000| Untracked 
| 456|0x00000000dc800000, 0x00000000dc800000, 0x00000000dc900000|  0%| F|  |TAMS 0x00000000dc800000, 0x00000000dc800000| Untracked 
| 457|0x00000000dc900000, 0x00000000dc900000, 0x00000000dca00000|  0%| F|  |TAMS 0x00000000dc900000, 0x00000000dc900000| Untracked 
| 458|0x00000000dca00000, 0x00000000dca00000, 0x00000000dcb00000|  0%| F|  |TAMS 0x00000000dca00000, 0x00000000dca00000| Untracked 
| 459|0x00000000dcb00000, 0x00000000dcb00000, 0x00000000dcc00000|  0%| F|  |TAMS 0x00000000dcb00000, 0x00000000dcb00000| Untracked 
| 460|0x00000000dcc00000, 0x00000000dcc00000, 0x00000000dcd00000|  0%| F|  |TAMS 0x00000000dcc00000, 0x00000000dcc00000| Untracked 
| 461|0x00000000dcd00000, 0x00000000dcd00000, 0x00000000dce00000|  0%| F|  |TAMS 0x00000000dcd00000, 0x00000000dcd00000| Untracked 
| 462|0x00000000dce00000, 0x00000000dce00000, 0x00000000dcf00000|  0%| F|  |TAMS 0x00000000dce00000, 0x00000000dce00000| Untracked 
| 463|0x00000000dcf00000, 0x00000000dcf00000, 0x00000000dd000000|  0%| F|  |TAMS 0x00000000dcf00000, 0x00000000dcf00000| Untracked 
| 464|0x00000000dd000000, 0x00000000dd000000, 0x00000000dd100000|  0%| F|  |TAMS 0x00000000dd000000, 0x00000000dd000000| Untracked 
| 465|0x00000000dd100000, 0x00000000dd100000, 0x00000000dd200000|  0%| F|  |TAMS 0x00000000dd100000, 0x00000000dd100000| Untracked 
| 466|0x00000000dd200000, 0x00000000dd200000, 0x00000000dd300000|  0%| F|  |TAMS 0x00000000dd200000, 0x00000000dd200000| Untracked 
| 467|0x00000000dd300000, 0x00000000dd300000, 0x00000000dd400000|  0%| F|  |TAMS 0x00000000dd300000, 0x00000000dd300000| Untracked 
| 468|0x00000000dd400000, 0x00000000dd400000, 0x00000000dd500000|  0%| F|  |TAMS 0x00000000dd400000, 0x00000000dd400000| Untracked 
| 469|0x00000000dd500000, 0x00000000dd500000, 0x00000000dd600000|  0%| F|  |TAMS 0x00000000dd500000, 0x00000000dd500000| Untracked 
| 470|0x00000000dd600000, 0x00000000dd600000, 0x00000000dd700000|  0%| F|  |TAMS 0x00000000dd600000, 0x00000000dd600000| Untracked 
| 471|0x00000000dd700000, 0x00000000dd700000, 0x00000000dd800000|  0%| F|  |TAMS 0x00000000dd700000, 0x00000000dd700000| Untracked 
| 472|0x00000000dd800000, 0x00000000dd800000, 0x00000000dd900000|  0%| F|  |TAMS 0x00000000dd800000, 0x00000000dd800000| Untracked 
| 473|0x00000000dd900000, 0x00000000dd900000, 0x00000000dda00000|  0%| F|  |TAMS 0x00000000dd900000, 0x00000000dd900000| Untracked 
| 474|0x00000000dda00000, 0x00000000dda00000, 0x00000000ddb00000|  0%| F|  |TAMS 0x00000000dda00000, 0x00000000dda00000| Untracked 
| 475|0x00000000ddb00000, 0x00000000ddb00000, 0x00000000ddc00000|  0%| F|  |TAMS 0x00000000ddb00000, 0x00000000ddb00000| Untracked 
| 476|0x00000000ddc00000, 0x00000000ddc00000, 0x00000000ddd00000|  0%| F|  |TAMS 0x00000000ddc00000, 0x00000000ddc00000| Untracked 
| 477|0x00000000ddd00000, 0x00000000ddd00000, 0x00000000dde00000|  0%| F|  |TAMS 0x00000000ddd00000, 0x00000000ddd00000| Untracked 
| 478|0x00000000dde00000, 0x00000000dde00000, 0x00000000ddf00000|  0%| F|  |TAMS 0x00000000dde00000, 0x00000000dde00000| Untracked 
| 479|0x00000000ddf00000, 0x00000000ddf00000, 0x00000000de000000|  0%| F|  |TAMS 0x00000000ddf00000, 0x00000000ddf00000| Untracked 
| 480|0x00000000de000000, 0x00000000de000000, 0x00000000de100000|  0%| F|  |TAMS 0x00000000de000000, 0x00000000de000000| Untracked 
| 481|0x00000000de100000, 0x00000000de100000, 0x00000000de200000|  0%| F|  |TAMS 0x00000000de100000, 0x00000000de100000| Untracked 
| 482|0x00000000de200000, 0x00000000de200000, 0x00000000de300000|  0%| F|  |TAMS 0x00000000de200000, 0x00000000de200000| Untracked 
| 483|0x00000000de300000, 0x00000000de300000, 0x00000000de400000|  0%| F|  |TAMS 0x00000000de300000, 0x00000000de300000| Untracked 
| 484|0x00000000de400000, 0x00000000de400000, 0x00000000de500000|  0%| F|  |TAMS 0x00000000de400000, 0x00000000de400000| Untracked 
| 485|0x00000000de500000, 0x00000000de500000, 0x00000000de600000|  0%| F|  |TAMS 0x00000000de500000, 0x00000000de500000| Untracked 
| 486|0x00000000de600000, 0x00000000de600000, 0x00000000de700000|  0%| F|  |TAMS 0x00000000de600000, 0x00000000de600000| Untracked 
| 487|0x00000000de700000, 0x00000000de700000, 0x00000000de800000|  0%| F|  |TAMS 0x00000000de700000, 0x00000000de700000| Untracked 
| 488|0x00000000de800000, 0x00000000de800000, 0x00000000de900000|  0%| F|  |TAMS 0x00000000de800000, 0x00000000de800000| Untracked 
| 489|0x00000000de900000, 0x00000000de900000, 0x00000000dea00000|  0%| F|  |TAMS 0x00000000de900000, 0x00000000de900000| Untracked 
| 490|0x00000000dea00000, 0x00000000dea00000, 0x00000000deb00000|  0%| F|  |TAMS 0x00000000dea00000, 0x00000000dea00000| Untracked 
| 491|0x00000000deb00000, 0x00000000deb00000, 0x00000000dec00000|  0%| F|  |TAMS 0x00000000deb00000, 0x00000000deb00000| Untracked 
| 492|0x00000000dec00000, 0x00000000dec00000, 0x00000000ded00000|  0%| F|  |TAMS 0x00000000dec00000, 0x00000000dec00000| Untracked 
| 493|0x00000000ded00000, 0x00000000ded00000, 0x00000000dee00000|  0%| F|  |TAMS 0x00000000ded00000, 0x00000000ded00000| Untracked 
| 494|0x00000000dee00000, 0x00000000dee00000, 0x00000000def00000|  0%| F|  |TAMS 0x00000000dee00000, 0x00000000dee00000| Untracked 
| 495|0x00000000def00000, 0x00000000def00000, 0x00000000df000000|  0%| F|  |TAMS 0x00000000def00000, 0x00000000def00000| Untracked 
| 496|0x00000000df000000, 0x00000000df000000, 0x00000000df100000|  0%| F|  |TAMS 0x00000000df000000, 0x00000000df000000| Untracked 
| 497|0x00000000df100000, 0x00000000df100000, 0x00000000df200000|  0%| F|  |TAMS 0x00000000df100000, 0x00000000df100000| Untracked 
| 498|0x00000000df200000, 0x00000000df200000, 0x00000000df300000|  0%| F|  |TAMS 0x00000000df200000, 0x00000000df200000| Untracked 
| 499|0x00000000df300000, 0x00000000df300000, 0x00000000df400000|  0%| F|  |TAMS 0x00000000df300000, 0x00000000df300000| Untracked 
| 500|0x00000000df400000, 0x00000000df400000, 0x00000000df500000|  0%| F|  |TAMS 0x00000000df400000, 0x00000000df400000| Untracked 
| 501|0x00000000df500000, 0x00000000df500000, 0x00000000df600000|  0%| F|  |TAMS 0x00000000df500000, 0x00000000df500000| Untracked 
| 502|0x00000000df600000, 0x00000000df600000, 0x00000000df700000|  0%| F|  |TAMS 0x00000000df600000, 0x00000000df600000| Untracked 
| 503|0x00000000df700000, 0x00000000df700000, 0x00000000df800000|  0%| F|  |TAMS 0x00000000df700000, 0x00000000df700000| Untracked 
| 504|0x00000000df800000, 0x00000000df800000, 0x00000000df900000|  0%| F|  |TAMS 0x00000000df800000, 0x00000000df800000| Untracked 
| 505|0x00000000df900000, 0x00000000df900000, 0x00000000dfa00000|  0%| F|  |TAMS 0x00000000df900000, 0x00000000df900000| Untracked 
| 506|0x00000000dfa00000, 0x00000000dfa00000, 0x00000000dfb00000|  0%| F|  |TAMS 0x00000000dfa00000, 0x00000000dfa00000| Untracked 
| 507|0x00000000dfb00000, 0x00000000dfb00000, 0x00000000dfc00000|  0%| F|  |TAMS 0x00000000dfb00000, 0x00000000dfb00000| Untracked 
| 508|0x00000000dfc00000, 0x00000000dfc00000, 0x00000000dfd00000|  0%| F|  |TAMS 0x00000000dfc00000, 0x00000000dfc00000| Untracked 
| 509|0x00000000dfd00000, 0x00000000dfd00000, 0x00000000dfe00000|  0%| F|  |TAMS 0x00000000dfd00000, 0x00000000dfd00000| Untracked 
| 510|0x00000000dfe00000, 0x00000000dfe00000, 0x00000000dff00000|  0%| F|  |TAMS 0x00000000dfe00000, 0x00000000dfe00000| Untracked 
| 511|0x00000000dff00000, 0x00000000dff00000, 0x00000000e0000000|  0%| F|  |TAMS 0x00000000dff00000, 0x00000000dff00000| Untracked 
| 512|0x00000000e0000000, 0x00000000e0000000, 0x00000000e0100000|  0%| F|  |TAMS 0x00000000e0000000, 0x00000000e0000000| Untracked 
| 513|0x00000000e0100000, 0x00000000e0100000, 0x00000000e0200000|  0%| F|  |TAMS 0x00000000e0100000, 0x00000000e0100000| Untracked 
| 514|0x00000000e0200000, 0x00000000e0200000, 0x00000000e0300000|  0%| F|  |TAMS 0x00000000e0200000, 0x00000000e0200000| Untracked 
| 515|0x00000000e0300000, 0x00000000e0300000, 0x00000000e0400000|  0%| F|  |TAMS 0x00000000e0300000, 0x00000000e0300000| Untracked 
| 516|0x00000000e0400000, 0x00000000e0400000, 0x00000000e0500000|  0%| F|  |TAMS 0x00000000e0400000, 0x00000000e0400000| Untracked 
| 517|0x00000000e0500000, 0x00000000e0500000, 0x00000000e0600000|  0%| F|  |TAMS 0x00000000e0500000, 0x00000000e0500000| Untracked 
| 518|0x00000000e0600000, 0x00000000e0600000, 0x00000000e0700000|  0%| F|  |TAMS 0x00000000e0600000, 0x00000000e0600000| Untracked 
| 519|0x00000000e0700000, 0x00000000e0700000, 0x00000000e0800000|  0%| F|  |TAMS 0x00000000e0700000, 0x00000000e0700000| Untracked 
| 520|0x00000000e0800000, 0x00000000e0800000, 0x00000000e0900000|  0%| F|  |TAMS 0x00000000e0800000, 0x00000000e0800000| Untracked 
| 521|0x00000000e0900000, 0x00000000e0900000, 0x00000000e0a00000|  0%| F|  |TAMS 0x00000000e0900000, 0x00000000e0900000| Untracked 
| 522|0x00000000e0a00000, 0x00000000e0a00000, 0x00000000e0b00000|  0%| F|  |TAMS 0x00000000e0a00000, 0x00000000e0a00000| Untracked 
| 523|0x00000000e0b00000, 0x00000000e0b00000, 0x00000000e0c00000|  0%| F|  |TAMS 0x00000000e0b00000, 0x00000000e0b00000| Untracked 
| 524|0x00000000e0c00000, 0x00000000e0c00000, 0x00000000e0d00000|  0%| F|  |TAMS 0x00000000e0c00000, 0x00000000e0c00000| Untracked 
| 525|0x00000000e0d00000, 0x00000000e0d00000, 0x00000000e0e00000|  0%| F|  |TAMS 0x00000000e0d00000, 0x00000000e0d00000| Untracked 
| 526|0x00000000e0e00000, 0x00000000e0e00000, 0x00000000e0f00000|  0%| F|  |TAMS 0x00000000e0e00000, 0x00000000e0e00000| Untracked 
| 527|0x00000000e0f00000, 0x00000000e0f00000, 0x00000000e1000000|  0%| F|  |TAMS 0x00000000e0f00000, 0x00000000e0f00000| Untracked 
| 528|0x00000000e1000000, 0x00000000e1000000, 0x00000000e1100000|  0%| F|  |TAMS 0x00000000e1000000, 0x00000000e1000000| Untracked 
| 529|0x00000000e1100000, 0x00000000e1100000, 0x00000000e1200000|  0%| F|  |TAMS 0x00000000e1100000, 0x00000000e1100000| Untracked 
| 530|0x00000000e1200000, 0x00000000e1200000, 0x00000000e1300000|  0%| F|  |TAMS 0x00000000e1200000, 0x00000000e1200000| Untracked 
| 531|0x00000000e1300000, 0x00000000e1300000, 0x00000000e1400000|  0%| F|  |TAMS 0x00000000e1300000, 0x00000000e1300000| Untracked 
| 532|0x00000000e1400000, 0x00000000e1400000, 0x00000000e1500000|  0%| F|  |TAMS 0x00000000e1400000, 0x00000000e1400000| Untracked 
| 533|0x00000000e1500000, 0x00000000e1500000, 0x00000000e1600000|  0%| F|  |TAMS 0x00000000e1500000, 0x00000000e1500000| Untracked 
| 534|0x00000000e1600000, 0x00000000e1600000, 0x00000000e1700000|  0%| F|  |TAMS 0x00000000e1600000, 0x00000000e1600000| Untracked 
| 535|0x00000000e1700000, 0x00000000e1700000, 0x00000000e1800000|  0%| F|  |TAMS 0x00000000e1700000, 0x00000000e1700000| Untracked 
| 536|0x00000000e1800000, 0x00000000e1800000, 0x00000000e1900000|  0%| F|  |TAMS 0x00000000e1800000, 0x00000000e1800000| Untracked 
| 537|0x00000000e1900000, 0x00000000e1900000, 0x00000000e1a00000|  0%| F|  |TAMS 0x00000000e1900000, 0x00000000e1900000| Untracked 
| 538|0x00000000e1a00000, 0x00000000e1a00000, 0x00000000e1b00000|  0%| F|  |TAMS 0x00000000e1a00000, 0x00000000e1a00000| Untracked 
| 539|0x00000000e1b00000, 0x00000000e1b00000, 0x00000000e1c00000|  0%| F|  |TAMS 0x00000000e1b00000, 0x00000000e1b00000| Untracked 
| 540|0x00000000e1c00000, 0x00000000e1c00000, 0x00000000e1d00000|  0%| F|  |TAMS 0x00000000e1c00000, 0x00000000e1c00000| Untracked 
| 541|0x00000000e1d00000, 0x00000000e1d00000, 0x00000000e1e00000|  0%| F|  |TAMS 0x00000000e1d00000, 0x00000000e1d00000| Untracked 
| 542|0x00000000e1e00000, 0x00000000e1e00000, 0x00000000e1f00000|  0%| F|  |TAMS 0x00000000e1e00000, 0x00000000e1e00000| Untracked 
| 543|0x00000000e1f00000, 0x00000000e1f00000, 0x00000000e2000000|  0%| F|  |TAMS 0x00000000e1f00000, 0x00000000e1f00000| Untracked 
| 544|0x00000000e2000000, 0x00000000e2000000, 0x00000000e2100000|  0%| F|  |TAMS 0x00000000e2000000, 0x00000000e2000000| Untracked 
| 545|0x00000000e2100000, 0x00000000e2100000, 0x00000000e2200000|  0%| F|  |TAMS 0x00000000e2100000, 0x00000000e2100000| Untracked 
| 546|0x00000000e2200000, 0x00000000e2200000, 0x00000000e2300000|  0%| F|  |TAMS 0x00000000e2200000, 0x00000000e2200000| Untracked 
| 547|0x00000000e2300000, 0x00000000e2300000, 0x00000000e2400000|  0%| F|  |TAMS 0x00000000e2300000, 0x00000000e2300000| Untracked 
| 548|0x00000000e2400000, 0x00000000e2400000, 0x00000000e2500000|  0%| F|  |TAMS 0x00000000e2400000, 0x00000000e2400000| Untracked 
| 549|0x00000000e2500000, 0x00000000e2500000, 0x00000000e2600000|  0%| F|  |TAMS 0x00000000e2500000, 0x00000000e2500000| Untracked 
| 550|0x00000000e2600000, 0x00000000e2600000, 0x00000000e2700000|  0%| F|  |TAMS 0x00000000e2600000, 0x00000000e2600000| Untracked 
| 551|0x00000000e2700000, 0x00000000e2700000, 0x00000000e2800000|  0%| F|  |TAMS 0x00000000e2700000, 0x00000000e2700000| Untracked 
| 552|0x00000000e2800000, 0x00000000e2900000, 0x00000000e2900000|100%| S|CS|TAMS 0x00000000e2800000, 0x00000000e2800000| Complete 
| 553|0x00000000e2900000, 0x00000000e2a00000, 0x00000000e2a00000|100%| S|CS|TAMS 0x00000000e2900000, 0x00000000e2900000| Complete 
| 554|0x00000000e2a00000, 0x00000000e2b00000, 0x00000000e2b00000|100%| S|CS|TAMS 0x00000000e2a00000, 0x00000000e2a00000| Complete 
| 555|0x00000000e2b00000, 0x00000000e2c00000, 0x00000000e2c00000|100%| S|CS|TAMS 0x00000000e2b00000, 0x00000000e2b00000| Complete 
| 556|0x00000000e2c00000, 0x00000000e2c00000, 0x00000000e2d00000|  0%| F|  |TAMS 0x00000000e2c00000, 0x00000000e2c00000| Untracked 
| 557|0x00000000e2d00000, 0x00000000e2d00000, 0x00000000e2e00000|  0%| F|  |TAMS 0x00000000e2d00000, 0x00000000e2d00000| Untracked 
| 558|0x00000000e2e00000, 0x00000000e2e00000, 0x00000000e2f00000|  0%| F|  |TAMS 0x00000000e2e00000, 0x00000000e2e00000| Untracked 
| 559|0x00000000e2f00000, 0x00000000e2f00000, 0x00000000e3000000|  0%| F|  |TAMS 0x00000000e2f00000, 0x00000000e2f00000| Untracked 
| 560|0x00000000e3000000, 0x00000000e3000000, 0x00000000e3100000|  0%| F|  |TAMS 0x00000000e3000000, 0x00000000e3000000| Untracked 
| 561|0x00000000e3100000, 0x00000000e3100000, 0x00000000e3200000|  0%| F|  |TAMS 0x00000000e3100000, 0x00000000e3100000| Untracked 
| 562|0x00000000e3200000, 0x00000000e3200000, 0x00000000e3300000|  0%| F|  |TAMS 0x00000000e3200000, 0x00000000e3200000| Untracked 
| 563|0x00000000e3300000, 0x00000000e3300000, 0x00000000e3400000|  0%| F|  |TAMS 0x00000000e3300000, 0x00000000e3300000| Untracked 
| 564|0x00000000e3400000, 0x00000000e3400000, 0x00000000e3500000|  0%| F|  |TAMS 0x00000000e3400000, 0x00000000e3400000| Untracked 
| 565|0x00000000e3500000, 0x00000000e3500000, 0x00000000e3600000|  0%| F|  |TAMS 0x00000000e3500000, 0x00000000e3500000| Untracked 
| 566|0x00000000e3600000, 0x00000000e3600000, 0x00000000e3700000|  0%| F|  |TAMS 0x00000000e3600000, 0x00000000e3600000| Untracked 
| 567|0x00000000e3700000, 0x00000000e3700000, 0x00000000e3800000|  0%| F|  |TAMS 0x00000000e3700000, 0x00000000e3700000| Untracked 
| 568|0x00000000e3800000, 0x00000000e3800000, 0x00000000e3900000|  0%| F|  |TAMS 0x00000000e3800000, 0x00000000e3800000| Untracked 
| 569|0x00000000e3900000, 0x00000000e3900000, 0x00000000e3a00000|  0%| F|  |TAMS 0x00000000e3900000, 0x00000000e3900000| Untracked 
| 570|0x00000000e3a00000, 0x00000000e3a00000, 0x00000000e3b00000|  0%| F|  |TAMS 0x00000000e3a00000, 0x00000000e3a00000| Untracked 
| 571|0x00000000e3b00000, 0x00000000e3b00000, 0x00000000e3c00000|  0%| F|  |TAMS 0x00000000e3b00000, 0x00000000e3b00000| Untracked 
| 572|0x00000000e3c00000, 0x00000000e3c00000, 0x00000000e3d00000|  0%| F|  |TAMS 0x00000000e3c00000, 0x00000000e3c00000| Untracked 
| 573|0x00000000e3d00000, 0x00000000e3d00000, 0x00000000e3e00000|  0%| F|  |TAMS 0x00000000e3d00000, 0x00000000e3d00000| Untracked 
| 574|0x00000000e3e00000, 0x00000000e3e00000, 0x00000000e3f00000|  0%| F|  |TAMS 0x00000000e3e00000, 0x00000000e3e00000| Untracked 
| 575|0x00000000e3f00000, 0x00000000e3f00000, 0x00000000e4000000|  0%| F|  |TAMS 0x00000000e3f00000, 0x00000000e3f00000| Untracked 
| 576|0x00000000e4000000, 0x00000000e4000000, 0x00000000e4100000|  0%| F|  |TAMS 0x00000000e4000000, 0x00000000e4000000| Untracked 
| 577|0x00000000e4100000, 0x00000000e4100000, 0x00000000e4200000|  0%| F|  |TAMS 0x00000000e4100000, 0x00000000e4100000| Untracked 
| 578|0x00000000e4200000, 0x00000000e4200000, 0x00000000e4300000|  0%| F|  |TAMS 0x00000000e4200000, 0x00000000e4200000| Untracked 
| 579|0x00000000e4300000, 0x00000000e4300000, 0x00000000e4400000|  0%| F|  |TAMS 0x00000000e4300000, 0x00000000e4300000| Untracked 
| 580|0x00000000e4400000, 0x00000000e4400000, 0x00000000e4500000|  0%| F|  |TAMS 0x00000000e4400000, 0x00000000e4400000| Untracked 
| 581|0x00000000e4500000, 0x00000000e4500000, 0x00000000e4600000|  0%| F|  |TAMS 0x00000000e4500000, 0x00000000e4500000| Untracked 
| 582|0x00000000e4600000, 0x00000000e4600000, 0x00000000e4700000|  0%| F|  |TAMS 0x00000000e4600000, 0x00000000e4600000| Untracked 
| 583|0x00000000e4700000, 0x00000000e4700000, 0x00000000e4800000|  0%| F|  |TAMS 0x00000000e4700000, 0x00000000e4700000| Untracked 
|1020|0x00000000ffc00000, 0x00000000ffd00000, 0x00000000ffd00000|100%| O|  |TAMS 0x00000000ffd00000, 0x00000000ffd00000| Untracked 
|1021|0x00000000ffd00000, 0x00000000ffd00000, 0x00000000ffe00000|  0%| F|  |TAMS 0x00000000ffd00000, 0x00000000ffd00000| Untracked 
|1022|0x00000000ffe00000, 0x00000000ffe75000, 0x00000000fff00000| 45%|OA|  |TAMS 0x00000000ffe75000, 0x00000000ffe75000| Untracked 
|1023|0x00000000fff00000, 0x00000000fff78000, 0x0000000100000000| 46%|CA|  |TAMS 0x00000000fff78000, 0x00000000fff78000| Untracked 

Card table byte_map: [0x00007f6281010000,0x00007f6281210000] _byte_map_base: 0x00007f6280a10000

Marking Bits (Prev, Next): (CMBitMap*) 0x00007f6298057810, (CMBitMap*) 0x00007f6298057850
 Prev Bits: [0x00007f627fe10000, 0x00007f6280e10000)
 Next Bits: [0x00007f627ee10000, 0x00007f627fe10000)

Polling page: 0x00007f629dcd4000

Metaspace:

Usage:
  Non-class:     87.63 MB used.
      Class:     14.25 MB used.
       Both:    101.88 MB used.

Virtual space:
  Non-class space:      128.00 MB reserved,      88.00 MB ( 69%) committed,  2 nodes.
      Class space:      320.00 MB reserved,      14.62 MB (  5%) committed,  1 nodes.
             Both:      448.00 MB reserved,     102.62 MB ( 23%) committed. 

Chunk freelists:
   Non-Class:  8.03 MB
       Class:  1.31 MB
        Both:  9.34 MB

MaxMetaspaceSize: 384.00 MB
CompressedClassSpaceSize: 320.00 MB
Initial GC threshold: 21.00 MB
Current GC threshold: 169.81 MB
CDS: on
MetaspaceReclaimPolicy: balanced
 - commit_granule_bytes: 65536.
 - commit_granule_words: 8192.
 - virtual_space_node_default_size: 8388608.
 - enlarge_chunks_in_place: 1.
 - new_chunks_are_fully_committed: 0.
 - uncommit_free_chunks: 1.
 - use_allocation_guard: 0.
 - handle_deallocations: 1.


Internal statistics:

num_allocs_failed_limit: 9.
num_arena_births: 1144.
num_arena_deaths: 2.
num_vsnodes_births: 3.
num_vsnodes_deaths: 0.
num_space_committed: 1641.
num_space_uncommitted: 0.
num_chunks_returned_to_freelist: 11.
num_chunks_taken_from_freelist: 5542.
num_chunk_merges: 9.
num_chunk_splits: 3668.
num_chunks_enlarged: 2463.
num_inconsistent_stats: 0.

CodeHeap 'non-profiled nmethods': size=120036Kb used=6185Kb max_used=6298Kb free=113851Kb
 bounds [0x00007f6288fd8000, 0x00007f6289628000, 0x00007f6290511000]
CodeHeap 'profiled nmethods': size=120032Kb used=21946Kb max_used=23595Kb free=98085Kb
 bounds [0x00007f6281511000, 0x00007f6282c21000, 0x00007f6288a49000]
CodeHeap 'non-nmethods': size=5692Kb used=2426Kb max_used=2518Kb free=3265Kb
 bounds [0x00007f6288a49000, 0x00007f6288cd9000, 0x00007f6288fd8000]
 total_blobs=13330 nmethods=12370 adapters=873
 compilation: enabled
              stopped_count=0, restarted_count=0
 full_count=0

Compilation events (20 events):
Event: 59.478 Thread 0x00007f62980b73d0 nmethod 14195 0x00007f628932fc10 code [0x00007f628932fda0, 0x00007f628932fe58]
Event: 59.478 Thread 0x00007f62980b73d0 14191       4       com.android.tools.r8.graph.v2$$Lambda$1755/0x00007f6254df5a30::apply (11 bytes)
Event: 59.478 Thread 0x00007f62980b73d0 nmethod 14191 0x00007f6289180a90 code [0x00007f6289180c20, 0x00007f6289180cd8]
Event: 59.478 Thread 0x00007f62980b73d0 14232       4       com.android.tools.r8.utils.structural.h::a (34 bytes)
Event: 59.483 Thread 0x00007f62980b73d0 nmethod 14232 0x00007f6289017310 code [0x00007f62890174c0, 0x00007f62890176b8]
Event: 59.483 Thread 0x00007f62980b73d0 15716       4       com.android.tools.r8.internal.xC::hasNext (208 bytes)
Event: 59.488 Thread 0x00007f62980b73d0 nmethod 15716 0x00007f6289016810 code [0x00007f62890169e0, 0x00007f6289016f38]
Event: 59.488 Thread 0x00007f62980b73d0 13802       4       com.android.tools.r8.graph.G2::c (45 bytes)
Event: 59.489 Thread 0x00007f62980b73d0 nmethod 13802 0x00007f6289468d10 code [0x00007f6289468ea0, 0x00007f6289469078]
Event: 59.489 Thread 0x00007f62980b73d0 14249       4       com.android.tools.r8.dex.code.P0::hashCode (31 bytes)
Event: 59.492 Thread 0x00007f62980b73d0 nmethod 14249 0x00007f6289468890 code [0x00007f6289468a20, 0x00007f6289468b88]
Event: 59.492 Thread 0x00007f62980b73d0 14248       4       com.android.tools.r8.dex.code.P0::<init> (36 bytes)
Event: 59.496 Thread 0x00007f62980b73d0 nmethod 14248 0x00007f6289468190 code [0x00007f6289468320, 0x00007f62894685d8]
Event: 59.496 Thread 0x00007f62980b73d0 14256       4       com.android.tools.r8.utils.structural.f::a (46 bytes)
Event: 59.511 Thread 0x00007f62980b73d0 nmethod 14256 0x00007f628945e590 code [0x00007f628945e740, 0x00007f628945ec78]
Event: 59.511 Thread 0x00007f62980b73d0 15718       4       com.android.tools.r8.internal.bp::<init> (18 bytes)
Event: 59.569 Thread 0x00007f62980b8900 15720       2       com.android.tools.r8.dex.code.k4::a (1 bytes)
Event: 59.569 Thread 0x00007f62980b8900 nmethod 15720 0x00007f6282b79190 code [0x00007f6282b79320, 0x00007f6282b79410]
Event: 59.576 Thread 0x00007f62980b73d0 nmethod 15718 0x00007f6289467a10 code [0x00007f6289467b80, 0x00007f6289467fd8]
Event: 59.576 Thread 0x00007f62980b73d0 15719       4       com.android.tools.r8.graph.J0::a (319 bytes)

GC Heap History (20 events):
Event: 40.175 GC heap after
{Heap after GC invocations=55 (full 0):
 garbage-first heap   total 214016K, used 155174K [0x00000000c0000000, 0x0000000100000000)
  region size 1024K, 6 young (6144K), 6 survivors (6144K)
 Metaspace       used 96515K, committed 97280K, reserved 458752K
  class space    used 13374K, committed 13760K, reserved 327680K
}
Event: 40.176 GC heap before
{Heap before GC invocations=55 (full 0):
 garbage-first heap   total 214016K, used 158246K [0x00000000c0000000, 0x0000000100000000)
  region size 1024K, 6 young (6144K), 6 survivors (6144K)
 Metaspace       used 96515K, committed 97280K, reserved 458752K
  class space    used 13374K, committed 13760K, reserved 327680K
}
Event: 40.180 GC heap after
{Heap after GC invocations=56 (full 0):
 garbage-first heap   total 214016K, used 158603K [0x00000000c0000000, 0x0000000100000000)
  region size 1024K, 0 young (0K), 0 survivors (0K)
 Metaspace       used 96515K, committed 97280K, reserved 458752K
  class space    used 13374K, committed 13760K, reserved 327680K
}
Event: 41.171 GC heap before
{Heap before GC invocations=56 (full 0):
 garbage-first heap   total 304128K, used 183179K [0x00000000c0000000, 0x0000000100000000)
  region size 1024K, 22 young (22528K), 0 survivors (0K)
 Metaspace       used 96802K, committed 97600K, reserved 458752K
  class space    used 13415K, committed 13824K, reserved 327680K
}
Event: 41.269 GC heap after
{Heap after GC invocations=57 (full 0):
 garbage-first heap   total 602112K, used 164332K [0x00000000c0000000, 0x0000000100000000)
  region size 1024K, 3 young (3072K), 3 survivors (3072K)
 Metaspace       used 96802K, committed 97600K, reserved 458752K
  class space    used 13415K, committed 13824K, reserved 327680K
}
Event: 47.968 GC heap before
{Heap before GC invocations=58 (full 0):
 garbage-first heap   total 602112K, used 382444K [0x00000000c0000000, 0x0000000100000000)
  region size 1024K, 214 young (219136K), 3 survivors (3072K)
 Metaspace       used 100633K, committed 101440K, reserved 458752K
  class space    used 14120K, committed 14528K, reserved 327680K
}
Event: 48.693 GC heap after
{Heap after GC invocations=59 (full 0):
 garbage-first heap   total 602112K, used 256948K [0x00000000c0000000, 0x0000000100000000)
  region size 1024K, 27 young (27648K), 27 survivors (27648K)
 Metaspace       used 100633K, committed 101440K, reserved 458752K
  class space    used 14120K, committed 14528K, reserved 327680K
}
Event: 49.009 GC heap before
{Heap before GC invocations=59 (full 0):
 garbage-first heap   total 602112K, used 257972K [0x00000000c0000000, 0x0000000100000000)
  region size 1024K, 29 young (29696K), 27 survivors (27648K)
 Metaspace       used 100747K, committed 101568K, reserved 458752K
  class space    used 14130K, committed 14528K, reserved 327680K
}
Event: 50.093 GC heap after
{Heap after GC invocations=60 (full 0):
 garbage-first heap   total 602112K, used 257972K [0x00000000c0000000, 0x0000000100000000)
  region size 1024K, 1 young (1024K), 1 survivors (1024K)
 Metaspace       used 100747K, committed 101568K, reserved 458752K
  class space    used 14130K, committed 14528K, reserved 327680K
}
Event: 51.310 GC heap before
{Heap before GC invocations=60 (full 0):
 garbage-first heap   total 602112K, used 286644K [0x00000000c0000000, 0x0000000100000000)
  region size 1024K, 30 young (30720K), 1 survivors (1024K)
 Metaspace       used 102620K, committed 103424K, reserved 458752K
  class space    used 14362K, committed 14784K, reserved 327680K
}
Event: 51.381 GC heap after
{Heap after GC invocations=61 (full 0):
 garbage-first heap   total 602112K, used 257972K [0x00000000c0000000, 0x0000000100000000)
  region size 1024K, 1 young (1024K), 1 survivors (1024K)
 Metaspace       used 102620K, committed 103424K, reserved 458752K
  class space    used 14362K, committed 14784K, reserved 327680K
}
Event: 53.570 GC heap before
{Heap before GC invocations=61 (full 0):
 garbage-first heap   total 602112K, used 285620K [0x00000000c0000000, 0x0000000100000000)
  region size 1024K, 29 young (29696K), 1 survivors (1024K)
 Metaspace       used 103542K, committed 104320K, reserved 458752K
  class space    used 14495K, committed 14912K, reserved 327680K
}
Event: 53.602 GC heap after
{Heap after GC invocations=62 (full 0):
 garbage-first heap   total 602112K, used 262068K [0x00000000c0000000, 0x0000000100000000)
  region size 1024K, 4 young (4096K), 4 survivors (4096K)
 Metaspace       used 103542K, committed 104320K, reserved 458752K
  class space    used 14495K, committed 14912K, reserved 327680K
}
Event: 55.099 GC heap before
{Heap before GC invocations=62 (full 0):
 garbage-first heap   total 602112K, used 267188K [0x00000000c0000000, 0x0000000100000000)
  region size 1024K, 29 young (29696K), 4 survivors (4096K)
 Metaspace       used 103904K, committed 104704K, reserved 458752K
  class space    used 14544K, committed 14976K, reserved 327680K
}
Event: 55.182 GC heap after
{Heap after GC invocations=63 (full 0):
 garbage-first heap   total 602112K, used 244322K [0x00000000c0000000, 0x0000000100000000)
  region size 1024K, 4 young (4096K), 4 survivors (4096K)
 Metaspace       used 103904K, committed 104704K, reserved 458752K
  class space    used 14544K, committed 14976K, reserved 327680K
}
Event: 56.803 GC heap before
{Heap before GC invocations=64 (full 0):
 garbage-first heap   total 602112K, used 293474K [0x00000000c0000000, 0x0000000100000000)
  region size 1024K, 52 young (53248K), 4 survivors (4096K)
 Metaspace       used 104316K, committed 105088K, reserved 458752K
  class space    used 14594K, committed 14976K, reserved 327680K
}
Event: 56.968 GC heap after
{Heap after GC invocations=65 (full 0):
 garbage-first heap   total 602112K, used 248241K [0x00000000c0000000, 0x0000000100000000)
  region size 1024K, 4 young (4096K), 4 survivors (4096K)
 Metaspace       used 104316K, committed 105088K, reserved 458752K
  class space    used 14594K, committed 14976K, reserved 327680K
}
Event: 58.211 GC heap before
{Heap before GC invocations=65 (full 0):
 garbage-first heap   total 602112K, used 275889K [0x00000000c0000000, 0x0000000100000000)
  region size 1024K, 29 young (29696K), 4 survivors (4096K)
 Metaspace       used 104324K, committed 105088K, reserved 458752K
  class space    used 14594K, committed 14976K, reserved 327680K
}
Event: 58.376 GC heap after
{Heap after GC invocations=66 (full 0):
 garbage-first heap   total 602112K, used 246239K [0x00000000c0000000, 0x0000000100000000)
  region size 1024K, 2 young (2048K), 2 survivors (2048K)
 Metaspace       used 104324K, committed 105088K, reserved 458752K
  class space    used 14594K, committed 14976K, reserved 327680K
}
Event: 59.596 GC heap before
{Heap before GC invocations=66 (full 0):
 garbage-first heap   total 602112K, used 273887K [0x00000000c0000000, 0x0000000100000000)
  region size 1024K, 29 young (29696K), 2 survivors (2048K)
 Metaspace       used 104327K, committed 105088K, reserved 458752K
  class space    used 14594K, committed 14976K, reserved 327680K
}

Dll operation events (16 events):
Event: 0.002 Loaded shared library /usr/lib/jvm/java-17-openjdk-amd64/lib/libjava.so
Event: 0.019 Loaded shared library /usr/lib/jvm/java-17-openjdk-amd64/lib/libjsvml.so
Event: 0.099 Loaded shared library /usr/lib/jvm/java-17-openjdk-amd64/lib/libzip.so
Event: 0.100 Loaded shared library /usr/lib/jvm/java-17-openjdk-amd64/lib/libinstrument.so
Event: 0.102 Loaded shared library /usr/lib/jvm/java-17-openjdk-amd64/lib/libnio.so
Event: 0.104 Loaded shared library /usr/lib/jvm/java-17-openjdk-amd64/lib/libzip.so
Event: 0.294 Loaded shared library /usr/lib/jvm/java-17-openjdk-amd64/lib/libjimage.so
Event: 0.377 Loaded shared library /usr/lib/jvm/java-17-openjdk-amd64/lib/libverify.so
Event: 0.597 Loaded shared library /usr/lib/jvm/java-17-openjdk-amd64/lib/libnet.so
Event: 0.598 Loaded shared library /root/.gradle/native/c067742578af261105cb4f569cf0c3c89f3d7b1fecec35dd04571415982c5e48/linux-amd64/libnative-platform.so
Event: 0.607 Loaded shared library /root/.gradle/native/38dada09dfb8b06ba9b0570ebf7e218e3eb74d4ef43ca46872605cf95ebc2f47/linux-amd64/libnative-platform-file-events.so
Event: 1.898 Loaded shared library /usr/lib/jvm/java-17-openjdk-amd64/lib/libmanagement.so
Event: 1.900 Loaded shared library /usr/lib/jvm/java-17-openjdk-amd64/lib/libmanagement_ext.so
Event: 2.179 Loaded shared library /usr/lib/jvm/java-17-openjdk-amd64/lib/libextnet.so
Event: 33.699 Loaded shared library /tmp/native-platform11047045075646001023dir/libnative-platform.so
Event: 36.773 Loaded shared library /usr/lib/jvm/java-17-openjdk-amd64/lib/librmi.so

Deoptimization events (20 events):
Event: 52.170 Thread 0x00007f6268048b60 DEOPT PACKING pc=0x00007f62894070a0 sp=0x00007f62226f36b0
Event: 52.170 Thread 0x00007f6268048b60 DEOPT UNPACKING pc=0x00007f6288aa2b19 sp=0x00007f62226f35e8 mode 2
Event: 52.480 Thread 0x00007f6268048b60 DEOPT PACKING pc=0x00007f6282add444 sp=0x00007f62226f3a70
Event: 52.481 Thread 0x00007f6268048b60 DEOPT UNPACKING pc=0x00007f6288aa364f sp=0x00007f62226f2fa8 mode 0
Event: 55.468 Thread 0x00007f6270169760 DEOPT PACKING pc=0x00007f6282b28e89 sp=0x00007f62224f3770
Event: 55.468 Thread 0x00007f6270169760 DEOPT UNPACKING pc=0x00007f6288aa364f sp=0x00007f62224f2c20 mode 0
Event: 55.685 Thread 0x00007f6268048b60 DEOPT PACKING pc=0x00007f628285aec0 sp=0x00007f62226f3e40
Event: 55.685 Thread 0x00007f6268048b60 DEOPT UNPACKING pc=0x00007f6288aa364f sp=0x00007f62226f3300 mode 0
Event: 55.711 Thread 0x00007f6268048b60 DEOPT PACKING pc=0x00007f628285aec0 sp=0x00007f62226f3e40
Event: 55.711 Thread 0x00007f6268048b60 DEOPT UNPACKING pc=0x00007f6288aa364f sp=0x00007f62226f3300 mode 0
Event: 56.194 Thread 0x00007f6268048b60 Uncommon trap: trap_request=0xffffffe4 fr.pc=0x00007f62895f9ba0 relative=0x0000000000000200
Event: 56.194 Thread 0x00007f6268048b60 Uncommon trap: reason=range_check action=make_not_entrant pc=0x00007f62895f9ba0 method=com.android.tools.r8.graph.G2.a(Lcom/android/tools/r8/graph/G2;)I @ 9 c2
Event: 56.194 Thread 0x00007f6268048b60 DEOPT PACKING pc=0x00007f62895f9ba0 sp=0x00007f62226f3980
Event: 56.194 Thread 0x00007f6268048b60 DEOPT UNPACKING pc=0x00007f6288aa2b19 sp=0x00007f62226f3918 mode 2
Event: 56.200 Thread 0x00007f6268048b60 DEOPT PACKING pc=0x00007f628169065b sp=0x00007f62226f39d0
Event: 56.200 Thread 0x00007f6268048b60 DEOPT UNPACKING pc=0x00007f6288aa364f sp=0x00007f62226f2f10 mode 0
Event: 58.810 Thread 0x00007f6268048b60 Uncommon trap: trap_request=0xffffff45 fr.pc=0x00007f628927d92c relative=0x000000000000030c
Event: 58.810 Thread 0x00007f6268048b60 Uncommon trap: reason=unstable_if action=reinterpret pc=0x00007f628927d92c method=com.android.tools.r8.graph.G2.a(Lcom/android/tools/r8/graph/G2;)I @ 83 c2
Event: 58.811 Thread 0x00007f6268048b60 DEOPT PACKING pc=0x00007f628927d92c sp=0x00007f62226f3960
Event: 58.811 Thread 0x00007f6268048b60 DEOPT UNPACKING pc=0x00007f6288aa2b19 sp=0x00007f62226f38e8 mode 2

Classes loaded (20 events):
Event: 42.876 Loading class java/util/concurrent/ForkJoinTask$AdaptedCallable
Event: 42.876 Loading class java/util/concurrent/ForkJoinTask$AdaptedCallable done
Event: 42.876 Loading class java/util/concurrent/ForkJoinPool$DefaultForkJoinWorkerThreadFactory$1
Event: 42.876 Loading class java/util/concurrent/ForkJoinPool$DefaultForkJoinWorkerThreadFactory$1 done
Event: 42.915 Loading class java/lang/reflect/GenericSignatureFormatError
Event: 42.966 Loading class java/lang/reflect/GenericSignatureFormatError done
Event: 43.302 Loading class java/nio/ShortBuffer
Event: 43.305 Loading class java/nio/ShortBuffer done
Event: 43.305 Loading class java/nio/HeapShortBuffer
Event: 43.305 Loading class java/nio/HeapShortBuffer done
Event: 43.400 Loading class java/util/AbstractList$RandomAccessSubList
Event: 43.400 Loading class java/util/AbstractList$SubList
Event: 43.400 Loading class java/util/AbstractList$SubList done
Event: 43.401 Loading class java/util/AbstractList$RandomAccessSubList done
Event: 43.401 Loading class java/util/AbstractList$SubList$1
Event: 43.401 Loading class java/util/AbstractList$SubList$1 done
Event: 46.998 Loading class java/util/concurrent/ConcurrentLinkedQueue$Itr
Event: 46.998 Loading class java/util/concurrent/ConcurrentLinkedQueue$Itr done
Event: 51.700 Loading class java/util/IdentityHashMap$ValueIterator
Event: 51.700 Loading class java/util/IdentityHashMap$ValueIterator done

Classes unloaded (1 events):
Event: 34.390 Thread 0x00007f62980a6d40 Unloading class 0x00007f6254c38000 'java/lang/invoke/LambdaForm$DMH+0x00007f6254c38000'

Classes redefined (0 events):
No events

Internal exceptions (20 events):
Event: 36.892 Thread 0x00007f6270167fc0 Exception <a 'java/lang/NoSuchMethodError'{0x00000000cca9d430}: static Lorg/jetbrains/kotlin/daemon/common/CompileService$CallResult$Good;.<clinit>()V> (0x00000000cca9d430) 
thrown [./src/hotspot/share/prims/jni.cpp, line 1112]
Event: 36.895 Thread 0x00007f6270167fc0 Exception <a 'java/lang/NoSuchMethodError'{0x00000000ccaaa698}: static Lorg/jetbrains/kotlin/daemon/common/DaemonJVMOptions;.<clinit>()V> (0x00000000ccaaa698) 
thrown [./src/hotspot/share/prims/jni.cpp, line 1112]
Event: 36.897 Thread 0x00007f6270167fc0 Exception <a 'java/net/ConnectException'{0x00000000cc98e288}> (0x00000000cc98e288) 
thrown [./src/hotspot/share/prims/jni.cpp, line 516]
Event: 36.907 Thread 0x00007f6270167fc0 Exception <a 'java/net/ConnectException'{0x00000000cc98ef60}> (0x00000000cc98ef60) 
thrown [./src/hotspot/share/prims/jni.cpp, line 516]
Event: 36.967 Thread 0x00007f6270167fc0 Exception <a 'java/net/ConnectException'{0x00000000cc98fc38}> (0x00000000cc98fc38) 
thrown [./src/hotspot/share/prims/jni.cpp, line 516]
Event: 36.972 Thread 0x00007f6270167fc0 Exception <a 'java/lang/NoSuchMethodError'{0x00000000cc9a53c0}: static Lorg/jetbrains/kotlin/daemon/common/CompileService$CallResult$Ok;.<clinit>()V> (0x00000000cc9a53c0) 
thrown [./src/hotspot/share/prims/jni.cpp, line 1112]
Event: 36.996 Thread 0x00007f6270167fc0 Exception <a 'java/lang/NoSuchMethodError'{0x00000000cc57fc48}: static [Ljava/lang/Integer;.<clinit>()V> (0x00000000cc57fc48) 
thrown [./src/hotspot/share/prims/jni.cpp, line 1112]
Event: 39.997 Thread 0x00007f6268048b60 Exception <a 'java/lang/NoSuchMethodError'{0x00000000c908ce00}: 'java.lang.Object java.lang.invoke.DirectMethodHandle$Holder.invokeStaticInit(java.lang.Object, java.lang.Object, java.lang.Object, java.lang.Object, java.lang.Object, java.lang.Object, java.lang.Object, java.lang.Object, java.lang.Object, java.lang.Object, java.lang.Object, java.lang.Object, java.lang.Object, java.lang.Object, java.lang.Object, java.lang.Object, java.lang.Object, java.lang.Object, java.lang.Object, java.lang.Object, int, java
Event: 42.894 Thread 0x00007f627421a250 Exception <a 'java/lang/IncompatibleClassChangeError'{0x00000000e16096d8}: Found class java.lang.Object, but interface was expected> (0x00000000e16096d8) 
thrown [./src/hotspot/share/interpreter/linkResolver.cpp, line 826]
Event: 43.013 Thread 0x00007f6270169760 Exception <a 'java/lang/NoSuchMethodError'{0x00000000e157b940}: 'long java.lang.invoke.DirectMethodHandle$Holder.invokeStatic(java.lang.Object, java.lang.Object, java.lang.Object)'> (0x00000000e157b940) 
thrown [./src/hotspot/share/interpreter/linkResolver.cpp, line 758]
Event: 43.401 Thread 0x00007f627421a250 Exception <a 'java/lang/IncompatibleClassChangeError'{0x00000000e0c60f78}: Found class java.lang.Object, but interface was expected> (0x00000000e0c60f78) 
thrown [./src/hotspot/share/interpreter/linkResolver.cpp, line 826]
Event: 43.401 Thread 0x00007f627421a250 Exception <a 'java/lang/IncompatibleClassChangeError'{0x00000000e0c651a0}: Found class java.lang.Object, but interface was expected> (0x00000000e0c651a0) 
thrown [./src/hotspot/share/interpreter/linkResolver.cpp, line 826]
Event: 47.905 Thread 0x00007f6268048b60 Exception <a 'java/lang/IncompatibleClassChangeError'{0x00000000d75e8a70}: Found class java.lang.Object, but interface was expected> (0x00000000d75e8a70) 
thrown [./src/hotspot/share/interpreter/linkResolver.cpp, line 826]
Event: 47.913 Thread 0x00007f6268048b60 Exception <a 'java/lang/NoSuchMethodError'{0x00000000d75f06c0}: 'void java.lang.invoke.DirectMethodHandle$Holder.invokeInterface(java.lang.Object, java.lang.Object, java.lang.Object, int)'> (0x00000000d75f06c0) 
thrown [./src/hotspot/share/interpreter/linkResolver.cpp, line 758]
Event: 51.706 Thread 0x00007f6268048b60 Exception <a 'java/lang/IncompatibleClassChangeError'{0x00000000e42545a0}: Found class java.lang.Object, but interface was expected> (0x00000000e42545a0) 
thrown [./src/hotspot/share/interpreter/linkResolver.cpp, line 826]
Event: 51.899 Thread 0x00007f6268048b60 Exception <a 'java/lang/NoSuchMethodError'{0x00000000e419ff20}: 'java.lang.Object java.lang.invoke.DirectMethodHandle$Holder.newInvokeSpecial(java.lang.Object, java.lang.Object, int, java.lang.Object, java.lang.Object, java.lang.Object)'> (0x00000000e419ff20) 
thrown [./src/hotspot/share/interpreter/linkResolver.cpp, line 758]
Event: 51.899 Thread 0x00007f6268048b60 Exception <a 'java/lang/NoSuchMethodError'{0x00000000e41a79e0}: 'java.lang.Object java.lang.invoke.Invokers$Holder.linkToTargetMethod(java.lang.Object, int, java.lang.Object, java.lang.Object, java.lang.Object, java.lang.Object)'> (0x00000000e41a79e0) 
thrown [./src/hotspot/share/interpreter/linkResolver.cpp, line 758]
Event: 51.900 Thread 0x00007f6268048b60 Exception <a 'java/lang/NoSuchMethodError'{0x00000000e41b4f70}: 'java.lang.Object java.lang.invoke.DirectMethodHandle$Holder.newInvokeSpecial(java.lang.Object, int, java.lang.Object, java.lang.Object)'> (0x00000000e41b4f70) 
thrown [./src/hotspot/share/interpreter/linkResolver.cpp, line 758]
Event: 51.900 Thread 0x00007f6268048b60 Exception <a 'java/lang/NoSuchMethodError'{0x00000000e41b8fd0}: 'java.lang.Object java.lang.invoke.DirectMethodHandle$Holder.invokeSpecial(java.lang.Object, java.lang.Object, int, java.lang.Object, java.lang.Object)'> (0x00000000e41b8fd0) 
thrown [./src/hotspot/share/interpreter/linkResolver.cpp, line 758]
Event: 52.566 Thread 0x00007f6268048b60 Exception <a 'java/lang/NoSuchMethodError'{0x00000000e3b461d8}: 'void java.lang.invoke.DirectMethodHandle$Holder.invokeStatic(java.lang.Object, java.lang.Object, java.lang.Object, java.lang.Object, java.lang.Object, java.lang.Object, java.lang.Object, java.lang.Object)'> (0x00000000e3b461d8) 
thrown [./src/hotspot/share/interpreter/linkResolver.cpp, line 758]

VM Operations (20 events):
Event: 55.182 Executing VM operation: G1CollectForAllocation done
Event: 55.190 Executing VM operation: G1PauseCleanup
Event: 55.190 Executing VM operation: G1PauseCleanup done
Event: 55.882 Executing VM operation: HandshakeAllThreads
Event: 55.882 Executing VM operation: HandshakeAllThreads done
Event: 55.882 Executing VM operation: HandshakeAllThreads
Event: 55.882 Executing VM operation: HandshakeAllThreads done
Event: 55.905 Executing VM operation: HandshakeAllThreads
Event: 55.906 Executing VM operation: HandshakeAllThreads done
Event: 56.505 Executing VM operation: ICBufferFull
Event: 56.506 Executing VM operation: ICBufferFull done
Event: 56.803 Executing VM operation: G1CollectForAllocation
Event: 56.968 Executing VM operation: G1CollectForAllocation done
Event: 57.969 Executing VM operation: Cleanup
Event: 57.969 Executing VM operation: Cleanup done
Event: 58.211 Executing VM operation: G1CollectForAllocation
Event: 58.376 Executing VM operation: G1CollectForAllocation done
Event: 59.376 Executing VM operation: Cleanup
Event: 59.383 Executing VM operation: Cleanup done
Event: 59.596 Executing VM operation: G1CollectForAllocation

Memory protections (20 events):
Event: 32.207 Protecting memory [0x00007f62237f9000,0x00007f62237fd000] with protection modes 0
Event: 32.416 Protecting memory [0x00007f62236f8000,0x00007f62236fc000] with protection modes 0
Event: 32.481 Protecting memory [0x00007f62235f7000,0x00007f62235fb000] with protection modes 0
Event: 33.286 Protecting memory [0x00007f62234f6000,0x00007f62234fa000] with protection modes 0
Event: 33.386 Protecting memory [0x00007f62233f5000,0x00007f62233f9000] with protection modes 0
Event: 33.695 Protecting memory [0x00007f62232f4000,0x00007f62232f8000] with protection modes 0
Event: 33.800 Protecting memory [0x00007f627c01a000,0x00007f627c01e000] with protection modes 0
Event: 33.808 Protecting memory [0x00007f6222f00000,0x00007f6222f04000] with protection modes 0
Event: 34.105 Protecting memory [0x00007f6222dff000,0x00007f6222e03000] with protection modes 0
Event: 35.312 Protecting memory [0x00007f6222cfe000,0x00007f6222d02000] with protection modes 0
Event: 36.773 Protecting memory [0x00007f6222f00000,0x00007f6222f04000] with protection modes 0
Event: 36.773 Protecting memory [0x00007f6222bfd000,0x00007f6222c01000] with protection modes 0
Event: 36.774 Protecting memory [0x00007f6222afc000,0x00007f6222b00000] with protection modes 0
Event: 36.989 Protecting memory [0x00007f62229fb000,0x00007f62229ff000] with protection modes 0
Event: 37.005 Protecting memory [0x00007f62228fa000,0x00007f62228fe000] with protection modes 0
Event: 37.094 Protecting memory [0x00007f62227f9000,0x00007f62227fd000] with protection modes 0
Event: 38.404 Protecting memory [0x00007f62226f8000,0x00007f62226fc000] with protection modes 0
Event: 38.604 Protecting memory [0x00007f62225f7000,0x00007f62225fb000] with protection modes 0
Event: 42.884 Protecting memory [0x00007f62224f6000,0x00007f62224fa000] with protection modes 0
Event: 42.895 Protecting memory [0x00007f62223f5000,0x00007f62223f9000] with protection modes 0

Nmethod flushes (20 events):
Event: 56.001 Thread 0x00007f62980b9d70 flushing  nmethod 0x00007f6282b60610
Event: 56.001 Thread 0x00007f62980b9d70 flushing  nmethod 0x00007f6282b60e90
Event: 56.001 Thread 0x00007f62980b9d70 flushing  nmethod 0x00007f6282b61810
Event: 56.001 Thread 0x00007f62980b9d70 flushing  nmethod 0x00007f6282b61c10
Event: 56.001 Thread 0x00007f62980b9d70 flushing  nmethod 0x00007f6282b63d90
Event: 56.001 Thread 0x00007f62980b9d70 flushing  nmethod 0x00007f6282b76790
Event: 56.001 Thread 0x00007f62980b9d70 flushing  nmethod 0x00007f6282b76f10
Event: 56.001 Thread 0x00007f62980b9d70 flushing  nmethod 0x00007f6282b77790
Event: 56.001 Thread 0x00007f62980b9d70 flushing  nmethod 0x00007f6282b77c90
Event: 56.001 Thread 0x00007f62980b9d70 flushing  nmethod 0x00007f6282b78010
Event: 56.001 Thread 0x00007f62980b9d70 flushing  nmethod 0x00007f6282b78510
Event: 56.001 Thread 0x00007f62980b9d70 flushing  nmethod 0x00007f6282b79190
Event: 56.001 Thread 0x00007f62980b9d70 flushing  nmethod 0x00007f6282b79590
Event: 56.001 Thread 0x00007f62980b9d70 flushing  nmethod 0x00007f6282b79f90
Event: 56.001 Thread 0x00007f62980b9d70 flushing  nmethod 0x00007f6282b7a390
Event: 56.001 Thread 0x00007f62980b9d70 flushing  nmethod 0x00007f6282b7a790
Event: 56.001 Thread 0x00007f62980b9d70 flushing  nmethod 0x00007f6282b7b510
Event: 56.001 Thread 0x00007f62980b9d70 flushing  nmethod 0x00007f6282b7bd90
Event: 56.001 Thread 0x00007f62980b9d70 flushing  nmethod 0x00007f6282b7ca90
Event: 56.001 Thread 0x00007f62980b9d70 flushing  nmethod 0x00007f6282b7d710

Events (20 events):
Event: 32.415 Thread 0x00007f62740175e0 Thread added: 0x00007f627007a360
Event: 32.481 Thread 0x00007f62740175e0 Thread added: 0x00007f627007ea70
Event: 33.283 Thread 0x00007f62740175e0 Thread added: 0x00007f6270167fc0
Event: 33.375 Thread 0x00007f626e40af50 Thread added: 0x00007f6274069f40
Event: 33.686 Thread 0x00007f626e40af50 Thread added: 0x00007f627406e1c0
Event: 33.799 Thread 0x00007f6270167fc0 Thread added: 0x00007f62780ae4d0
Event: 33.808 Thread 0x00007f6270167fc0 Thread added: 0x00007f62780b0ad0
Event: 34.094 Thread 0x00007f626e40af50 Thread added: 0x00007f627406a4b0
Event: 35.292 Thread 0x00007f626e40af50 Thread added: 0x00007f6274070f30
Event: 36.284 Thread 0x00007f62780b0ad0 Thread exited: 0x00007f62780b0ad0
Event: 36.714 Thread 0x00007f6270167fc0 Thread added: 0x00007f62780b2680
Event: 36.773 Thread 0x00007f6270167fc0 Thread added: 0x00007f62780b6320
Event: 36.773 Thread 0x00007f6270167fc0 Thread added: 0x00007f62780b8060
Event: 36.989 Thread 0x00007f6270167fc0 Thread added: 0x00007f62780cae70
Event: 36.989 Thread 0x00007f6270167fc0 Thread added: 0x00007f62780cc140
Event: 37.094 Thread 0x00007f62780cae70 Thread added: 0x00007f62400278c0
Event: 38.402 Thread 0x00007f626e40af50 Thread added: 0x00007f627418eec0
Event: 38.604 Thread 0x00007f627418eec0 Thread added: 0x00007f6268048b60
Event: 42.883 Thread 0x00007f6268048b60 Thread added: 0x00007f627421a250
Event: 42.892 Thread 0x00007f627421a250 Thread added: 0x00007f6270169760


Dynamic libraries:
c0000000-e4800000 rw-p 00000000 00:00 0 
ecc00000-ffc00000 ---p 00000000 00:00 0 
ffc00000-ffe00000 rw-p 00000000 00:00 0 
ffe00000-ffe75000 rw-p 00c7a000 00:25 13853                              /usr/lib/jvm/java-17-openjdk-amd64/lib/server/classes.jsa
ffe75000-fff00000 rw-p 00000000 00:00 0 
fff00000-fff78000 rw-p 00c02000 00:25 13853                              /usr/lib/jvm/java-17-openjdk-amd64/lib/server/classes.jsa
fff78000-100000000 rw-p 00000000 00:00 0 
5591f0628000-5591f0629000 r--p 00000000 00:25 13495                      /usr/lib/jvm/java-17-openjdk-amd64/bin/java
5591f0629000-5591f062a000 r-xp 00001000 00:25 13495                      /usr/lib/jvm/java-17-openjdk-amd64/bin/java
5591f062a000-5591f062b000 r--p 00002000 00:25 13495                      /usr/lib/jvm/java-17-openjdk-amd64/bin/java
5591f062b000-5591f062c000 r--p 00002000 00:25 13495                      /usr/lib/jvm/java-17-openjdk-amd64/bin/java
5591f062c000-5591f062d000 rw-p 00003000 00:25 13495                      /usr/lib/jvm/java-17-openjdk-amd64/bin/java
5591f142e000-5591f14bc000 rw-p 00000000 00:00 0                          [heap]
7f621c000000-7f621c3f1000 rw-p 00000000 00:00 0 
7f621c3f1000-7f6220000000 ---p 00000000 00:00 0 
7f6222065000-7f62222f3000 rw-p 00000000 00:00 0 
7f62222f3000-7f62222f4000 ---p 00000000 00:00 0 
7f62222f4000-7f62223f4000 rw-p 00000000 00:00 0 
7f62223f4000-7f62223f5000 ---p 00000000 00:00 0 
7f62223f5000-7f62223f9000 ---p 00000000 00:00 0 
7f62223f9000-7f62224f5000 rw-p 00000000 00:00 0 
7f62224f5000-7f62224f6000 ---p 00000000 00:00 0 
7f62224f6000-7f62224fa000 ---p 00000000 00:00 0 
7f62224fa000-7f62225f6000 rw-p 00000000 00:00 0 
7f62225f6000-7f62225f7000 ---p 00000000 00:00 0 
7f62225f7000-7f62225fb000 ---p 00000000 00:00 0 
7f62225fb000-7f62226f7000 rw-p 00000000 00:00 0 
7f62226f7000-7f62226f8000 ---p 00000000 00:00 0 
7f62226f8000-7f62226fc000 ---p 00000000 00:00 0 
7f62226fc000-7f62227f8000 rw-p 00000000 00:00 0 
7f62227f8000-7f62227f9000 ---p 00000000 00:00 0 
7f62227f9000-7f62227fd000 ---p 00000000 00:00 0 
7f62227fd000-7f62228f9000 rw-p 00000000 00:00 0 
7f62228f9000-7f62228fa000 ---p 00000000 00:00 0 
7f62228fa000-7f62228fe000 ---p 00000000 00:00 0 
7f62228fe000-7f62229fa000 rw-p 00000000 00:00 0 
7f62229fa000-7f62229fb000 ---p 00000000 00:00 0 
7f62229fb000-7f62229ff000 ---p 00000000 00:00 0 
7f62229ff000-7f6222afb000 rw-p 00000000 00:00 0 
7f6222afb000-7f6222afc000 ---p 00000000 00:00 0 
7f6222afc000-7f6222b00000 ---p 00000000 00:00 0 
7f6222b00000-7f6222bfc000 rw-p 00000000 00:00 0 
7f6222bfc000-7f6222bfd000 ---p 00000000 00:00 0 
7f6222bfd000-7f6222c01000 ---p 00000000 00:00 0 
7f6222c01000-7f6222cfd000 rw-p 00000000 00:00 0 
7f6222cfd000-7f6222cfe000 ---p 00000000 00:00 0 
7f6222cfe000-7f6222d02000 ---p 00000000 00:00 0 
7f6222d02000-7f6222dfe000 rw-p 00000000 00:00 0 
7f6222dfe000-7f6222dff000 ---p 00000000 00:00 0 
7f6222dff000-7f6222e03000 ---p 00000000 00:00 0 
7f6222e03000-7f6222eff000 rw-p 00000000 00:00 0 
7f6222eff000-7f6222f00000 ---p 00000000 00:00 0 
7f6222f00000-7f6222f04000 ---p 00000000 00:00 0 
7f6222f04000-7f6223000000 rw-p 00000000 00:00 0 
7f6223000000-7f6223005000 r-xp 00000000 fe:00 267252                     /tmp/native-platform11047045075646001023dir/libnative-platform.so
7f6223005000-7f6223204000 ---p 00005000 fe:00 267252                     /tmp/native-platform11047045075646001023dir/libnative-platform.so
7f6223204000-7f6223205000 rw-p 00004000 fe:00 267252                     /tmp/native-platform11047045075646001023dir/libnative-platform.so
7f62232f3000-7f62232f4000 ---p 00000000 00:00 0 
7f62232f4000-7f62232f8000 ---p 00000000 00:00 0 
7f62232f8000-7f62233f4000 rw-p 00000000 00:00 0 
7f62233f4000-7f62233f5000 ---p 00000000 00:00 0 
7f62233f5000-7f62233f9000 ---p 00000000 00:00 0 
7f62233f9000-7f62234f5000 rw-p 00000000 00:00 0 
7f62234f5000-7f62234f6000 ---p 00000000 00:00 0 
7f62234f6000-7f62234fa000 ---p 00000000 00:00 0 
7f62234fa000-7f62235f6000 rw-p 00000000 00:00 0 
7f62235f6000-7f62235f7000 ---p 00000000 00:00 0 
7f62235f7000-7f62235fb000 ---p 00000000 00:00 0 
7f62235fb000-7f62236f7000 rw-p 00000000 00:00 0 
7f62236f7000-7f62236f8000 ---p 00000000 00:00 0 
7f62236f8000-7f62236fc000 ---p 00000000 00:00 0 
7f62236fc000-7f62237f8000 rw-p 00000000 00:00 0 
7f62237f8000-7f62237f9000 ---p 00000000 00:00 0 
7f62237f9000-7f62237fd000 ---p 00000000 00:00 0 
7f62237fd000-7f62238f9000 rw-p 00000000 00:00 0 
7f62238f9000-7f62238fa000 ---p 00000000 00:00 0 
7f62238fa000-7f62238fe000 ---p 00000000 00:00 0 
7f62238fe000-7f62239fa000 rw-p 00000000 00:00 0 
7f62239fa000-7f62239fb000 ---p 00000000 00:00 0 
7f62239fb000-7f62239ff000 ---p 00000000 00:00 0 
7f62239ff000-7f6223afb000 rw-p 00000000 00:00 0 
7f6223afb000-7f6223afc000 ---p 00000000 00:00 0 
7f6223afc000-7f6223b00000 ---p 00000000 00:00 0 
7f6223b00000-7f6223bfc000 rw-p 00000000 00:00 0 
7f6223bfc000-7f6223bfd000 ---p 00000000 00:00 0 
7f6223bfd000-7f6223c01000 ---p 00000000 00:00 0 
7f6223c01000-7f6223cfd000 rw-p 00000000 00:00 0 
7f6223cfd000-7f6223cfe000 ---p 00000000 00:00 0 
7f6223cfe000-7f6223d02000 ---p 00000000 00:00 0 
7f6223d02000-7f6223dfe000 rw-p 00000000 00:00 0 
7f6223dfe000-7f6223dff000 ---p 00000000 00:00 0 
7f6223dff000-7f6223e03000 ---p 00000000 00:00 0 
7f6223e03000-7f6223eff000 rw-p 00000000 00:00 0 
7f6223eff000-7f6223f00000 ---p 00000000 00:00 0 
7f6223f00000-7f6223f04000 ---p 00000000 00:00 0 
7f6223f04000-7f6224600000 rw-p 00000000 00:00 0 
7f6224600000-7f6224d80000 rw-p 00000000 00:00 0 
7f6224d80000-7f6224e00000 rw-p 00000000 00:00 0 
7f6224e00000-7f6225800000 rw-p 00000000 00:00 0 
7f6225800000-7f6228000000 ---p 00000000 00:00 0 
7f6228000000-7f6228e9f000 rw-p 00000000 00:00 0 
7f6228e9f000-7f622c000000 ---p 00000000 00:00 0 
7f622c000000-7f622c021000 rw-p 00000000 00:00 0 
7f622c021000-7f6230000000 ---p 00000000 00:00 0 
7f6230000000-7f6230032000 rw-p 00000000 00:00 0 
7f6230032000-7f6234000000 ---p 00000000 00:00 0 
7f6234000000-7f6237ffa000 rw-p 00000000 00:00 0 
7f6237ffa000-7f6238000000 ---p 00000000 00:00 0 
7f6238000000-7f6238022000 rw-p 00000000 00:00 0 
7f6238022000-7f623c000000 ---p 00000000 00:00 0 
7f623c000000-7f623c055000 rw-p 00000000 00:00 0 
7f623c055000-7f6240000000 ---p 00000000 00:00 0 
7f6240000000-7f624002b000 rw-p 00000000 00:00 0 
7f624002b000-7f6244000000 ---p 00000000 00:00 0 
7f6244000000-7f6244022000 rw-p 00000000 00:00 0 
7f6244022000-7f6248000000 ---p 00000000 00:00 0 
7f6248000000-7f62482f6000 rw-p 00000000 00:00 0 
7f62482f6000-7f624c000000 ---p 00000000 00:00 0 
7f624c0e1000-7f624c0e2000 ---p 00000000 00:00 0 
7f624c0e2000-7f624c0e6000 ---p 00000000 00:00 0 
7f624c0e6000-7f624c1e2000 rw-p 00000000 00:00 0 
7f624c1e2000-7f624c1e3000 ---p 00000000 00:00 0 
7f624c1e3000-7f624c1e7000 ---p 00000000 00:00 0 
7f624c1e7000-7f624c2e3000 rw-p 00000000 00:00 0 
7f624c2e3000-7f624c2e4000 ---p 00000000 00:00 0 
7f624c2e4000-7f624c2e8000 ---p 00000000 00:00 0 
7f624c2e8000-7f624c3e4000 rw-p 00000000 00:00 0 
7f624c3e4000-7f624c3e5000 ---p 00000000 00:00 0 
7f624c3e5000-7f624c3e9000 ---p 00000000 00:00 0 
7f624c3e9000-7f624c4e5000 rw-p 00000000 00:00 0 
7f624c4e5000-7f624c4e6000 ---p 00000000 00:00 0 
7f624c4e6000-7f624c4ea000 ---p 00000000 00:00 0 
7f624c4ea000-7f624c5e6000 rw-p 00000000 00:00 0 
7f624c5e6000-7f624c5e7000 ---p 00000000 00:00 0 
7f624c5e7000-7f624c5eb000 ---p 00000000 00:00 0 
7f624c5eb000-7f624c6e7000 rw-p 00000000 00:00 0 
7f624c6e7000-7f624c6e8000 ---p 00000000 00:00 0 
7f624c6e8000-7f624c6ec000 ---p 00000000 00:00 0 
7f624c6ec000-7f624c7e8000 rw-p 00000000 00:00 0 
7f624c7e8000-7f624c7e9000 ---p 00000000 00:00 0 
7f624c7e9000-7f624c7ed000 ---p 00000000 00:00 0 
7f624c7ed000-7f624c8e9000 rw-p 00000000 00:00 0 
7f624c8e9000-7f624c8ea000 ---p 00000000 00:00 0 
7f624c8ea000-7f624c8ee000 ---p 00000000 00:00 0 
7f624c8ee000-7f624c9ea000 rw-p 00000000 00:00 0 
7f624c9ea000-7f624c9eb000 ---p 00000000 00:00 0 
7f624c9eb000-7f624c9ef000 ---p 00000000 00:00 0 
7f624c9ef000-7f624caeb000 rw-p 00000000 00:00 0 
7f624caeb000-7f624caec000 ---p 00000000 00:00 0 
7f624caec000-7f624caf0000 ---p 00000000 00:00 0 
7f624caf0000-7f624cbec000 rw-p 00000000 00:00 0 
7f624cbec000-7f624cbed000 ---p 00000000 00:00 0 
7f624cbed000-7f624cbf1000 ---p 00000000 00:00 0 
7f624cbf1000-7f624cced000 rw-p 00000000 00:00 0 
7f624cced000-7f624ccee000 ---p 00000000 00:00 0 
7f624ccee000-7f624ccf2000 ---p 00000000 00:00 0 
7f624ccf2000-7f624cdee000 rw-p 00000000 00:00 0 
7f624cdee000-7f624cdef000 ---p 00000000 00:00 0 
7f624cdef000-7f624cdf3000 ---p 00000000 00:00 0 
7f624cdf3000-7f624ceef000 rw-p 00000000 00:00 0 
7f624ceef000-7f624cef0000 ---p 00000000 00:00 0 
7f624cef0000-7f624cef4000 ---p 00000000 00:00 0 
7f624cef4000-7f624cff0000 rw-p 00000000 00:00 0 
7f624cff0000-7f624cff1000 ---p 00000000 00:00 0 
7f624cff1000-7f624cff5000 ---p 00000000 00:00 0 
7f624cff5000-7f624d0f1000 rw-p 00000000 00:00 0 
7f624d0f1000-7f624d0f2000 ---p 00000000 00:00 0 
7f624d0f2000-7f624d0f6000 ---p 00000000 00:00 0 
7f624d0f6000-7f624d1f2000 rw-p 00000000 00:00 0 
7f624d1f2000-7f624d1f3000 ---p 00000000 00:00 0 
7f624d1f3000-7f624d1f7000 ---p 00000000 00:00 0 
7f624d1f7000-7f624d2f3000 rw-p 00000000 00:00 0 
7f624d2f3000-7f624d2f4000 ---p 00000000 00:00 0 
7f624d2f4000-7f624d2f8000 ---p 00000000 00:00 0 
7f624d2f8000-7f624d3f4000 rw-p 00000000 00:00 0 
7f624d3f4000-7f624d3f5000 ---p 00000000 00:00 0 
7f624d3f5000-7f624d3f9000 ---p 00000000 00:00 0 
7f624d3f9000-7f624d4f5000 rw-p 00000000 00:00 0 
7f624d4f5000-7f624d4f6000 ---p 00000000 00:00 0 
7f624d4f6000-7f624d4fa000 ---p 00000000 00:00 0 
7f624d4fa000-7f624d5f6000 rw-p 00000000 00:00 0 
7f624d5f6000-7f624d5f7000 ---p 00000000 00:00 0 
7f624d5f7000-7f624d5fb000 ---p 00000000 00:00 0 
7f624d5fb000-7f624d6f7000 rw-p 00000000 00:00 0 
7f624d6f7000-7f624d6f8000 ---p 00000000 00:00 0 
7f624d6f8000-7f624d6fc000 ---p 00000000 00:00 0 
7f624d6fc000-7f624d7f8000 rw-p 00000000 00:00 0 
7f624d7f8000-7f624d7f9000 ---p 00000000 00:00 0 
7f624d7f9000-7f624d7fd000 ---p 00000000 00:00 0 
7f624d7fd000-7f624d8f9000 rw-p 00000000 00:00 0 
7f624d8f9000-7f624d8fa000 ---p 00000000 00:00 0 
7f624d8fa000-7f624d8fe000 ---p 00000000 00:00 0 
7f624d8fe000-7f624d9fa000 rw-p 00000000 00:00 0 
7f624d9fa000-7f624d9fb000 ---p 00000000 00:00 0 
7f624d9fb000-7f624d9ff000 ---p 00000000 00:00 0 
7f624d9ff000-7f624dafb000 rw-p 00000000 00:00 0 
7f624dafb000-7f624dafc000 ---p 00000000 00:00 0 
7f624dafc000-7f624db00000 ---p 00000000 00:00 0 
7f624db00000-7f624dbfc000 rw-p 00000000 00:00 0 
7f624dbfc000-7f624dbfd000 ---p 00000000 00:00 0 
7f624dbfd000-7f624dc01000 ---p 00000000 00:00 0 
7f624dc01000-7f624dcfd000 rw-p 00000000 00:00 0 
7f624dcfd000-7f624dcfe000 ---p 00000000 00:00 0 
7f624dcfe000-7f624dd02000 ---p 00000000 00:00 0 
7f624dd02000-7f624ddfe000 rw-p 00000000 00:00 0 
7f624ddfe000-7f624ddff000 ---p 00000000 00:00 0 
7f624ddff000-7f624de03000 ---p 00000000 00:00 0 
7f624de03000-7f624deff000 rw-p 00000000 00:00 0 
7f624deff000-7f624df00000 ---p 00000000 00:00 0 
7f624df00000-7f624df04000 ---p 00000000 00:00 0 
7f624df04000-7f624e000000 rw-p 00000000 00:00 0 
7f624e000000-7f624e053000 r-xp 00000000 fe:00 132015                     /root/.gradle/native/38dada09dfb8b06ba9b0570ebf7e218e3eb74d4ef43ca46872605cf95ebc2f47/linux-amd64/libnative-platform-file-events.so
7f624e053000-7f624e252000 ---p 00053000 fe:00 132015                     /root/.gradle/native/38dada09dfb8b06ba9b0570ebf7e218e3eb74d4ef43ca46872605cf95ebc2f47/linux-amd64/libnative-platform-file-events.so
7f624e252000-7f624e253000 r--p 00052000 fe:00 132015                     /root/.gradle/native/38dada09dfb8b06ba9b0570ebf7e218e3eb74d4ef43ca46872605cf95ebc2f47/linux-amd64/libnative-platform-file-events.so
7f624e253000-7f624e255000 rw-p 00053000 fe:00 132015                     /root/.gradle/native/38dada09dfb8b06ba9b0570ebf7e218e3eb74d4ef43ca46872605cf95ebc2f47/linux-amd64/libnative-platform-file-events.so
7f624e2ff000-7f624e300000 ---p 00000000 00:00 0 
7f624e300000-7f624e304000 ---p 00000000 00:00 0 
7f624e304000-7f624e400000 rw-p 00000000 00:00 0 
7f624e400000-7f624e405000 r-xp 00000000 fe:00 131996                     /root/.gradle/native/c067742578af261105cb4f569cf0c3c89f3d7b1fecec35dd04571415982c5e48/linux-amd64/libnative-platform.so
7f624e405000-7f624e605000 ---p 00005000 fe:00 131996                     /root/.gradle/native/c067742578af261105cb4f569cf0c3c89f3d7b1fecec35dd04571415982c5e48/linux-amd64/libnative-platform.so
7f624e605000-7f624e606000 r--p 00005000 fe:00 131996                     /root/.gradle/native/c067742578af261105cb4f569cf0c3c89f3d7b1fecec35dd04571415982c5e48/linux-amd64/libnative-platform.so
7f624e606000-7f624e607000 rw-p 00006000 fe:00 131996                     /root/.gradle/native/c067742578af261105cb4f569cf0c3c89f3d7b1fecec35dd04571415982c5e48/linux-amd64/libnative-platform.so
7f624e6f7000-7f624e6f8000 ---p 00000000 00:00 0 
7f624e6f8000-7f624e7f8000 rw-p 00000000 00:00 0 
7f624e7f8000-7f624e7f9000 ---p 00000000 00:00 0 
7f624e7f9000-7f624e8f9000 rw-p 00000000 00:00 0 
7f624e8f9000-7f624e8fa000 ---p 00000000 00:00 0 
7f624e8fa000-7f624e8fe000 ---p 00000000 00:00 0 
7f624e8fe000-7f624e9fa000 rw-p 00000000 00:00 0 
7f624e9fa000-7f624e9fb000 ---p 00000000 00:00 0 
7f624e9fb000-7f624e9ff000 ---p 00000000 00:00 0 
7f624e9ff000-7f624eafb000 rw-p 00000000 00:00 0 
7f624eafb000-7f624eafc000 ---p 00000000 00:00 0 
7f624eafc000-7f624eb00000 ---p 00000000 00:00 0 
7f624eb00000-7f624ebfc000 rw-p 00000000 00:00 0 
7f624ebfc000-7f624ebfd000 ---p 00000000 00:00 0 
7f624ebfd000-7f624ec01000 ---p 00000000 00:00 0 
7f624ec01000-7f624ecfd000 rw-p 00000000 00:00 0 
7f624ecfd000-7f624ecfe000 ---p 00000000 00:00 0 
7f624ecfe000-7f624ed02000 ---p 00000000 00:00 0 
7f624ed02000-7f624edfe000 rw-p 00000000 00:00 0 
7f624edfe000-7f624edff000 ---p 00000000 00:00 0 
7f624edff000-7f624ee03000 ---p 00000000 00:00 0 
7f624ee03000-7f624eeff000 rw-p 00000000 00:00 0 
7f624eeff000-7f624ef00000 ---p 00000000 00:00 0 
7f624ef00000-7f624ef04000 ---p 00000000 00:00 0 
7f624ef04000-7f624f400000 rw-p 00000000 00:00 0 
7f624f400000-7f624f7e0000 rw-p 00000000 00:00 0 
7f624f7e0000-7f624f800000 rw-p 00000000 00:00 0 
7f624f800000-7f624f980000 rw-p 00000000 00:00 0 
7f624f980000-7f624fa00000 rw-p 00000000 00:00 0 
7f624fa00000-7f624ff00000 rw-p 00000000 00:00 0 
7f624ff00000-7f6250000000 rw-p 00000000 00:00 0 
7f6250000000-7f6250700000 rw-p 00000000 00:00 0 
7f6250700000-7f6250900000 rw-p 00000000 00:00 0 
7f6250900000-7f6250a00000 rw-p 00000000 00:00 0 
7f6250a00000-7f6251380000 rw-p 00000000 00:00 0 
7f6251380000-7f6251400000 rw-p 00000000 00:00 0 
7f6251400000-7f6251b00000 rw-p 00000000 00:00 0 
7f6251b00000-7f6251c00000 rw-p 00000000 00:00 0 
7f6251c00000-7f6251d00000 rw-p 00000000 00:00 0 
7f6251d00000-7f6251e00000 rw-p 00000000 00:00 0 
7f6251e00000-7f6252180000 rw-p 00000000 00:00 0 
7f6252180000-7f6252200000 rw-p 00000000 00:00 0 
7f6252200000-7f6252900000 rw-p 00000000 00:00 0 
7f6252900000-7f6252a00000 rw-p 00000000 00:00 0 
7f6252a00000-7f6253000000 rw-p 00000000 00:00 0 
7f6253000000-7f6253455000 rw-p 00001000 00:25 13853                      /usr/lib/jvm/java-17-openjdk-amd64/lib/server/classes.jsa
7f6253455000-7f6253bca000 rw-p 00456000 00:25 13853                      /usr/lib/jvm/java-17-openjdk-amd64/lib/server/classes.jsa
7f6253bca000-7f6254000000 ---p 00000000 00:00 0 
7f6254000000-7f6254040000 rw-p 00000000 00:00 0 
7f6254040000-7f6254080000 rw-p 00000000 00:00 0 
7f6254080000-7f6254140000 rw-p 00000000 00:00 0 
7f6254140000-7f6254440000 rw-p 00000000 00:00 0 
7f6254440000-7f6254780000 rw-p 00000000 00:00 0 
7f6254780000-7f6254b40000 rw-p 00000000 00:00 0 
7f6254b40000-7f6254b80000 rw-p 00000000 00:00 0 
7f6254b80000-7f6254cf0000 rw-p 00000000 00:00 0 
7f6254cf0000-7f6254d00000 ---p 00000000 00:00 0 
7f6254d00000-7f6254eb0000 rw-p 00000000 00:00 0 
7f6254eb0000-7f6268000000 ---p 00000000 00:00 0 
7f6268000000-7f6268071000 rw-p 00000000 00:00 0 
7f6268071000-7f626c000000 ---p 00000000 00:00 0 
7f626c000000-7f626e414000 rw-p 00000000 00:00 0 
7f626e414000-7f6270000000 ---p 00000000 00:00 0 
7f6270000000-7f62701fe000 rw-p 00000000 00:00 0 
7f62701fe000-7f6274000000 ---p 00000000 00:00 0 
7f6274000000-7f62746a7000 rw-p 00000000 00:00 0 
7f62746a7000-7f6278000000 ---p 00000000 00:00 0 
7f6278000000-7f6278225000 rw-p 00000000 00:00 0 
7f6278225000-7f627c000000 ---p 00000000 00:00 0 
7f627c014000-7f627c015000 r--p 00000000 00:25 13837                      /usr/lib/jvm/java-17-openjdk-amd64/lib/librmi.so
7f627c015000-7f627c016000 r-xp 00001000 00:25 13837                      /usr/lib/jvm/java-17-openjdk-amd64/lib/librmi.so
7f627c016000-7f627c017000 r--p 00002000 00:25 13837                      /usr/lib/jvm/java-17-openjdk-amd64/lib/librmi.so
7f627c017000-7f627c018000 r--p 00002000 00:25 13837                      /usr/lib/jvm/java-17-openjdk-amd64/lib/librmi.so
7f627c018000-7f627c019000 rw-p 00003000 00:25 13837                      /usr/lib/jvm/java-17-openjdk-amd64/lib/librmi.so
7f627c019000-7f627c01a000 ---p 00000000 00:00 0 
7f627c01a000-7f627c01e000 ---p 00000000 00:00 0 
7f627c01e000-7f627c03c000 rw-p 00000000 00:00 0 
7f627c03c000-7f627c03d000 r--p 00000000 00:25 13813                      /usr/lib/jvm/java-17-openjdk-amd64/lib/libextnet.so
7f627c03d000-7f627c03e000 r-xp 00001000 00:25 13813                      /usr/lib/jvm/java-17-openjdk-amd64/lib/libextnet.so
7f627c03e000-7f627c03f000 r--p 00002000 00:25 13813                      /usr/lib/jvm/java-17-openjdk-amd64/lib/libextnet.so
7f627c03f000-7f627c040000 r--p 00002000 00:25 13813                      /usr/lib/jvm/java-17-openjdk-amd64/lib/libextnet.so
7f627c040000-7f627c041000 rw-p 00003000 00:25 13813                      /usr/lib/jvm/java-17-openjdk-amd64/lib/libextnet.so
7f627c041000-7f627c043000 r--p 00000000 00:25 13832                      /usr/lib/jvm/java-17-openjdk-amd64/lib/libmanagement_ext.so
7f627c043000-7f627c046000 r-xp 00002000 00:25 13832                      /usr/lib/jvm/java-17-openjdk-amd64/lib/libmanagement_ext.so
7f627c046000-7f627c047000 r--p 00005000 00:25 13832                      /usr/lib/jvm/java-17-openjdk-amd64/lib/libmanagement_ext.so
7f627c047000-7f627c048000 r--p 00006000 00:25 13832                      /usr/lib/jvm/java-17-openjdk-amd64/lib/libmanagement_ext.so
7f627c048000-7f627c049000 rw-p 00007000 00:25 13832                      /usr/lib/jvm/java-17-openjdk-amd64/lib/libmanagement_ext.so
7f627c049000-7f627c04a000 r--p 00000000 00:25 18162                      /usr/lib/x86_64-linux-gnu/libpthread.so.0
7f627c04a000-7f627c04b000 r-xp 00001000 00:25 18162                      /usr/lib/x86_64-linux-gnu/libpthread.so.0
7f627c04b000-7f627c04c000 r--p 00002000 00:25 18162                      /usr/lib/x86_64-linux-gnu/libpthread.so.0
7f627c04c000-7f627c04d000 r--p 00002000 00:25 18162                      /usr/lib/x86_64-linux-gnu/libpthread.so.0
7f627c04d000-7f627c04e000 rw-p 00003000 00:25 18162                      /usr/lib/x86_64-linux-gnu/libpthread.so.0
7f627c04e000-7f627c052000 r--p 00000000 00:25 13834                      /usr/lib/jvm/java-17-openjdk-amd64/lib/libnet.so
7f627c052000-7f627c060000 r-xp 00004000 00:25 13834                      /usr/lib/jvm/java-17-openjdk-amd64/lib/libnet.so
7f627c060000-7f627c064000 r--p 00012000 00:25 13834                      /usr/lib/jvm/java-17-openjdk-amd64/lib/libnet.so
7f627c064000-7f627c065000 r--p 00015000 00:25 13834                      /usr/lib/jvm/java-17-openjdk-amd64/lib/libnet.so
7f627c065000-7f627c066000 rw-p 00016000 00:25 13834                      /usr/lib/jvm/java-17-openjdk-amd64/lib/libnet.so
7f627c066000-7f627c067000 ---p 00000000 00:00 0 
7f627c067000-7f627c06b000 ---p 00000000 00:00 0 
7f627c06b000-7f627c167000 rw-p 00000000 00:00 0 
7f627c167000-7f627c1be000 r--p 00000000 00:25 13893                      /usr/lib/locale/C.utf8/LC_CTYPE
7f627c1be000-7f627c1bf000 ---p 00000000 00:00 0 
7f627c1bf000-7f627c1c3000 ---p 00000000 00:00 0 
7f627c1c3000-7f627c2bf000 rw-p 00000000 00:00 0 
7f627c2bf000-7f627c2c0000 ---p 00000000 00:00 0 
7f627c2c0000-7f627c2c4000 ---p 00000000 00:00 0 
7f627c2c4000-7f627c3c0000 rw-p 00000000 00:00 0 
7f627c3c0000-7f627c3c1000 ---p 00000000 00:00 0 
7f627c3c1000-7f627c4c1000 rw-p 00000000 00:00 0 
7f627c4c1000-7f627c4c6000 r--p 00000000 00:25 13828                      /usr/lib/jvm/java-17-openjdk-amd64/lib/libjsvml.so
7f627c4c6000-7f627c507000 r-xp 00005000 00:25 13828                      /usr/lib/jvm/java-17-openjdk-amd64/lib/libjsvml.so
7f627c507000-7f627c590000 r--p 00046000 00:25 13828                      /usr/lib/jvm/java-17-openjdk-amd64/lib/libjsvml.so
7f627c590000-7f627c591000 r--p 000ce000 00:25 13828                      /usr/lib/jvm/java-17-openjdk-amd64/lib/libjsvml.so
7f627c591000-7f627c592000 rw-p 000cf000 00:25 13828                      /usr/lib/jvm/java-17-openjdk-amd64/lib/libjsvml.so
7f627c592000-7f627c6af000 rw-p 00000000 00:00 0 
7f627c6b0000-7f627c6b2000 r--p 00000000 00:25 13830                      /usr/lib/jvm/java-17-openjdk-amd64/lib/libmanagement.so
7f627c6b2000-7f627c6b3000 r-xp 00002000 00:25 13830                      /usr/lib/jvm/java-17-openjdk-amd64/lib/libmanagement.so
7f627c6b3000-7f627c6b4000 r--p 00003000 00:25 13830                      /usr/lib/jvm/java-17-openjdk-amd64/lib/libmanagement.so
7f627c6b4000-7f627c6b5000 r--p 00003000 00:25 13830                      /usr/lib/jvm/java-17-openjdk-amd64/lib/libmanagement.so
7f627c6b5000-7f627c6b6000 rw-p 00004000 00:25 13830                      /usr/lib/jvm/java-17-openjdk-amd64/lib/libmanagement.so
7f627c6b6000-7f627c6ba000 r--p 00000000 00:25 13842                      /usr/lib/jvm/java-17-openjdk-amd64/lib/libverify.so
7f627c6ba000-7f627c6c1000 r-xp 00004000 00:25 13842                      /usr/lib/jvm/java-17-openjdk-amd64/lib/libverify.so
7f627c6c1000-7f627c6c3000 r--p 0000b000 00:25 13842                      /usr/lib/jvm/java-17-openjdk-amd64/lib/libverify.so
7f627c6c3000-7f627c6c5000 r--p 0000c000 00:25 13842                      /usr/lib/jvm/java-17-openjdk-amd64/lib/libverify.so
7f627c6c5000-7f627c6c6000 rw-p 0000e000 00:25 13842                      /usr/lib/jvm/java-17-openjdk-amd64/lib/libverify.so
7f627c6c6000-7f627c6cd000 r--p 00000000 00:25 13835                      /usr/lib/jvm/java-17-openjdk-amd64/lib/libnio.so
7f627c6cd000-7f627c6d6000 r-xp 00007000 00:25 13835                      /usr/lib/jvm/java-17-openjdk-amd64/lib/libnio.so
7f627c6d6000-7f627c6da000 r--p 00010000 00:25 13835                      /usr/lib/jvm/java-17-openjdk-amd64/lib/libnio.so
7f627c6da000-7f627c6db000 r--p 00014000 00:25 13835                      /usr/lib/jvm/java-17-openjdk-amd64/lib/libnio.so
7f627c6db000-7f627c6dc000 rw-p 00015000 00:25 13835                      /usr/lib/jvm/java-17-openjdk-amd64/lib/libnio.so
7f627c6dc000-7f627c6de000 r--p 00000000 00:25 13843                      /usr/lib/jvm/java-17-openjdk-amd64/lib/libzip.so
7f627c6de000-7f627c6e2000 r-xp 00002000 00:25 13843                      /usr/lib/jvm/java-17-openjdk-amd64/lib/libzip.so
7f627c6e2000-7f627c6e4000 r--p 00006000 00:25 13843                      /usr/lib/jvm/java-17-openjdk-amd64/lib/libzip.so
7f627c6e4000-7f627c6e5000 r--p 00007000 00:25 13843                      /usr/lib/jvm/java-17-openjdk-amd64/lib/libzip.so
7f627c6e5000-7f627c6e6000 rw-p 00008000 00:25 13843                      /usr/lib/jvm/java-17-openjdk-amd64/lib/libzip.so
7f627c6e6000-7f627c6e7000 ---p 00000000 00:00 0 
7f627c6e7000-7f627c7e7000 rw-p 00000000 00:00 0 
7f627c7e7000-7f627c7e8000 ---p 00000000 00:00 0 
7f627c7e8000-7f627eaea000 rw-p 00000000 00:00 0 
7f627eaea000-7f627eaeb000 ---p 00000000 00:00 0 
7f627eaeb000-7f627ebeb000 rw-p 00000000 00:00 0 
7f627ebeb000-7f627ebec000 ---p 00000000 00:00 0 
7f627ebec000-7f627ecec000 rw-p 00000000 00:00 0 
7f627ecec000-7f627eced000 ---p 00000000 00:00 0 
7f627eced000-7f627f730000 rw-p 00000000 00:00 0 
7f627f730000-7f627fe00000 ---p 00000000 00:00 0 
7f627fe00000-7f6280730000 rw-p 00000000 00:00 0 
7f6280730000-7f6280e00000 ---p 00000000 00:00 0 
7f6280e00000-7f6280f34000 rw-p 00000000 00:00 0 
7f6280f34000-7f628100e000 ---p 00000000 00:00 0 
7f628100e000-7f6281134000 rw-p 00000000 00:00 0 
7f6281134000-7f628120e000 ---p 00000000 00:00 0 
7f628120e000-7f6281334000 rw-p 00000000 00:00 0 
7f6281334000-7f628140e000 ---p 00000000 00:00 0 
7f628140e000-7f6281511000 rw-p 00000000 00:00 0 
7f6281511000-7f6282c21000 rwxp 00000000 00:00 0 
7f6282c21000-7f6288a49000 ---p 00000000 00:00 0 
7f6288a49000-7f6288cd9000 rwxp 00000000 00:00 0 
7f6288cd9000-7f6288fd8000 ---p 00000000 00:00 0 
7f6288fd8000-7f6289628000 rwxp 00000000 00:00 0 
7f6289628000-7f6290511000 ---p 00000000 00:00 0 
7f6290511000-7f6298000000 r--s 00000000 00:25 13844                      /usr/lib/jvm/java-17-openjdk-amd64/lib/modules
7f6298000000-7f62991f8000 rw-p 00000000 00:00 0 
7f62991f8000-7f629c000000 ---p 00000000 00:00 0 
7f629c004000-7f629c005000 r--p 00000000 00:25 13899                      /usr/lib/locale/C.utf8/LC_NUMERIC
7f629c005000-7f629c006000 r--p 00000000 00:25 13902                      /usr/lib/locale/C.utf8/LC_TIME
7f629c006000-7f629c007000 r--p 00000000 00:25 13892                      /usr/lib/locale/C.utf8/LC_COLLATE
7f629c007000-7f629c008000 r--p 00000000 00:25 13897                      /usr/lib/locale/C.utf8/LC_MONETARY
7f629c008000-7f629c009000 r--p 00000000 00:25 13896                      /usr/lib/locale/C.utf8/LC_MESSAGES/SYS_LC_MESSAGES
7f629c009000-7f629c00a000 r--p 00000000 00:25 13900                      /usr/lib/locale/C.utf8/LC_PAPER
7f629c00a000-7f629c00b000 r--p 00000000 00:25 13898                      /usr/lib/locale/C.utf8/LC_NAME
7f629c00b000-7f629c012000 r--s 00000000 00:25 17585                      /usr/lib/x86_64-linux-gnu/gconv/gconv-modules.cache
7f629c012000-7f629c120000 rw-p 00000000 00:00 0 
7f629c120000-7f629c1fe000 ---p 00000000 00:00 0 
7f629c1fe000-7f629c22d000 rw-p 00000000 00:00 0 
7f629c22d000-7f629c2e9000 ---p 00000000 00:00 0 
7f629c2e9000-7f629c2ef000 rw-p 00000000 00:00 0 
7f629c2ef000-7f629c2f5000 ---p 00000000 00:00 0 
7f629c2f5000-7f629c2fd000 rw-s 00000000 fe:00 140201                     /tmp/hsperfdata_root/3808
7f629c2fd000-7f629c309000 r--p 00000000 00:25 13820                      /usr/lib/jvm/java-17-openjdk-amd64/lib/libjava.so
7f629c309000-7f629c31a000 r-xp 0000c000 00:25 13820                      /usr/lib/jvm/java-17-openjdk-amd64/lib/libjava.so
7f629c31a000-7f629c320000 r--p 0001d000 00:25 13820                      /usr/lib/jvm/java-17-openjdk-amd64/lib/libjava.so
7f629c320000-7f629c321000 r--p 00022000 00:25 13820                      /usr/lib/jvm/java-17-openjdk-amd64/lib/libjava.so
7f629c321000-7f629c322000 rw-p 00023000 00:25 13820                      /usr/lib/jvm/java-17-openjdk-amd64/lib/libjava.so
7f629c322000-7f629c323000 rw-p 00000000 00:00 0 
7f629c323000-7f629c324000 r--p 00000000 00:25 13815                      /usr/lib/jvm/java-17-openjdk-amd64/lib/libinstrument.so
7f629c324000-7f629c32a000 r-xp 00001000 00:25 13815                      /usr/lib/jvm/java-17-openjdk-amd64/lib/libinstrument.so
7f629c32a000-7f629c32d000 r--p 00007000 00:25 13815                      /usr/lib/jvm/java-17-openjdk-amd64/lib/libinstrument.so
7f629c32d000-7f629c32e000 r--p 00009000 00:25 13815                      /usr/lib/jvm/java-17-openjdk-amd64/lib/libinstrument.so
7f629c32e000-7f629c32f000 rw-p 0000a000 00:25 13815                      /usr/lib/jvm/java-17-openjdk-amd64/lib/libinstrument.so
7f629c32f000-7f629c331000 r--p 00000000 00:25 13824                      /usr/lib/jvm/java-17-openjdk-amd64/lib/libjimage.so
7f629c331000-7f629c334000 r-xp 00002000 00:25 13824                      /usr/lib/jvm/java-17-openjdk-amd64/lib/libjimage.so
7f629c334000-7f629c335000 r--p 00005000 00:25 13824                      /usr/lib/jvm/java-17-openjdk-amd64/lib/libjimage.so
7f629c335000-7f629c336000 r--p 00006000 00:25 13824                      /usr/lib/jvm/java-17-openjdk-amd64/lib/libjimage.so
7f629c336000-7f629c337000 rw-p 00007000 00:25 13824                      /usr/lib/jvm/java-17-openjdk-amd64/lib/libjimage.so
7f629c337000-7f629c33b000 ---p 00000000 00:00 0 
7f629c33b000-7f629c437000 rw-p 00000000 00:00 0 
7f629c437000-7f629c43a000 r--p 00000000 00:25 17971                      /usr/lib/x86_64-linux-gnu/libgcc_s.so.1
7f629c43a000-7f629c451000 r-xp 00003000 00:25 17971                      /usr/lib/x86_64-linux-gnu/libgcc_s.so.1
7f629c451000-7f629c455000 r--p 0001a000 00:25 17971                      /usr/lib/x86_64-linux-gnu/libgcc_s.so.1
7f629c455000-7f629c456000 r--p 0001d000 00:25 17971                      /usr/lib/x86_64-linux-gnu/libgcc_s.so.1
7f629c456000-7f629c457000 rw-p 0001e000 00:25 17971                      /usr/lib/x86_64-linux-gnu/libgcc_s.so.1
7f629c457000-7f629c467000 r--p 00000000 00:25 18072                      /usr/lib/x86_64-linux-gnu/libm.so.6
7f629c467000-7f629c4db000 r-xp 00010000 00:25 18072                      /usr/lib/x86_64-linux-gnu/libm.so.6
7f629c4db000-7f629c535000 r--p 00084000 00:25 18072                      /usr/lib/x86_64-linux-gnu/libm.so.6
7f629c535000-7f629c536000 r--p 000dd000 00:25 18072                      /usr/lib/x86_64-linux-gnu/libm.so.6
7f629c536000-7f629c537000 rw-p 000de000 00:25 18072                      /usr/lib/x86_64-linux-gnu/libm.so.6
7f629c537000-7f629c5d0000 r--p 00000000 00:25 18239                      /usr/lib/x86_64-linux-gnu/libstdc++.so.6.0.30
7f629c5d0000-7f629c6d1000 r-xp 00099000 00:25 18239                      /usr/lib/x86_64-linux-gnu/libstdc++.so.6.0.30
7f629c6d1000-7f629c740000 r--p 0019a000 00:25 18239                      /usr/lib/x86_64-linux-gnu/libstdc++.so.6.0.30
7f629c740000-7f629c74b000 r--p 00209000 00:25 18239                      /usr/lib/x86_64-linux-gnu/libstdc++.so.6.0.30
7f629c74b000-7f629c74e000 rw-p 00214000 00:25 18239                      /usr/lib/x86_64-linux-gnu/libstdc++.so.6.0.30
7f629c74e000-7f629c751000 rw-p 00000000 00:00 0 
7f629c751000-7f629c9a2000 r--p 00000000 00:25 13856                      /usr/lib/jvm/java-17-openjdk-amd64/lib/server/libjvm.so
7f629c9a2000-7f629d6f4000 r-xp 00251000 00:25 13856                      /usr/lib/jvm/java-17-openjdk-amd64/lib/server/libjvm.so
7f629d6f4000-7f629d976000 r--p 00fa3000 00:25 13856                      /usr/lib/jvm/java-17-openjdk-amd64/lib/server/libjvm.so
7f629d976000-7f629da2e000 r--p 01225000 00:25 13856                      /usr/lib/jvm/java-17-openjdk-amd64/lib/server/libjvm.so
7f629da2e000-7f629da63000 rw-p 012dd000 00:25 13856                      /usr/lib/jvm/java-17-openjdk-amd64/lib/server/libjvm.so
7f629da63000-7f629dabf000 rw-p 00000000 00:00 0 
7f629dabf000-7f629dae5000 r--p 00000000 00:25 17860                      /usr/lib/x86_64-linux-gnu/libc.so.6
7f629dae5000-7f629dc3b000 r-xp 00026000 00:25 17860                      /usr/lib/x86_64-linux-gnu/libc.so.6
7f629dc3b000-7f629dc8e000 r--p 0017c000 00:25 17860                      /usr/lib/x86_64-linux-gnu/libc.so.6
7f629dc8e000-7f629dc92000 r--p 001cf000 00:25 17860                      /usr/lib/x86_64-linux-gnu/libc.so.6
7f629dc92000-7f629dc94000 rw-p 001d3000 00:25 17860                      /usr/lib/x86_64-linux-gnu/libc.so.6
7f629dc94000-7f629dca1000 rw-p 00000000 00:00 0 
7f629dca1000-7f629dca3000 r--p 00000000 00:25 13825                      /usr/lib/jvm/java-17-openjdk-amd64/lib/libjli.so
7f629dca3000-7f629dcac000 r-xp 00002000 00:25 13825                      /usr/lib/jvm/java-17-openjdk-amd64/lib/libjli.so
7f629dcac000-7f629dcaf000 r--p 0000b000 00:25 13825                      /usr/lib/jvm/java-17-openjdk-amd64/lib/libjli.so
7f629dcaf000-7f629dcb0000 r--p 0000d000 00:25 13825                      /usr/lib/jvm/java-17-openjdk-amd64/lib/libjli.so
7f629dcb0000-7f629dcb1000 rw-p 0000e000 00:25 13825                      /usr/lib/jvm/java-17-openjdk-amd64/lib/libjli.so
7f629dcb1000-7f629dcb4000 r--p 00000000 00:25 1006                       /usr/lib/x86_64-linux-gnu/libz.so.1.2.13
7f629dcb4000-7f629dcc7000 r-xp 00003000 00:25 1006                       /usr/lib/x86_64-linux-gnu/libz.so.1.2.13
7f629dcc7000-7f629dcce000 r--p 00016000 00:25 1006                       /usr/lib/x86_64-linux-gnu/libz.so.1.2.13
7f629dcce000-7f629dccf000 r--p 0001c000 00:25 1006                       /usr/lib/x86_64-linux-gnu/libz.so.1.2.13
7f629dccf000-7f629dcd0000 rw-p 0001d000 00:25 1006                       /usr/lib/x86_64-linux-gnu/libz.so.1.2.13
7f629dcd0000-7f629dcd1000 r--p 00000000 00:25 13891                      /usr/lib/locale/C.utf8/LC_ADDRESS
7f629dcd1000-7f629dcd2000 r--p 00000000 00:25 13901                      /usr/lib/locale/C.utf8/LC_TELEPHONE
7f629dcd2000-7f629dcd3000 r--p 00000000 00:25 13895                      /usr/lib/locale/C.utf8/LC_MEASUREMENT
7f629dcd3000-7f629dcd4000 r--p 00000000 00:25 13894                      /usr/lib/locale/C.utf8/LC_IDENTIFICATION
7f629dcd4000-7f629dcd5000 ---p 00000000 00:00 0 
7f629dcd5000-7f629dcd6000 r--p 00000000 00:00 0 
7f629dcd6000-7f629dcd7000 ---p 00000000 00:00 0 
7f629dcd7000-7f629dcd9000 rw-p 00000000 00:00 0 
7f629dcd9000-7f629dcda000 r--p 00000000 00:25 17646                      /usr/lib/x86_64-linux-gnu/ld-linux-x86-64.so.2
7f629dcda000-7f629dd00000 r-xp 00001000 00:25 17646                      /usr/lib/x86_64-linux-gnu/ld-linux-x86-64.so.2
7f629dd00000-7f629dd0a000 r--p 00027000 00:25 17646                      /usr/lib/x86_64-linux-gnu/ld-linux-x86-64.so.2
7f629dd0a000-7f629dd0c000 r--p 00031000 00:25 17646                      /usr/lib/x86_64-linux-gnu/ld-linux-x86-64.so.2
7f629dd0c000-7f629dd0e000 rw-p 00033000 00:25 17646                      /usr/lib/x86_64-linux-gnu/ld-linux-x86-64.so.2
7fff9d915000-7fff9d936000 rw-p 00000000 00:00 0                          [stack]
7fff9d9e6000-7fff9d9e9000 r--p 00000000 00:00 0                          [vvar]
7fff9d9e9000-7fff9d9eb000 r-xp 00000000 00:00 0                          [vdso]
ffffffffff600000-ffffffffff601000 r-xp 00000000 00:00 0                  [vsyscall]


VM Arguments:
jvm_args: -XX:MaxMetaspaceSize=384m --add-opens=java.base/java.util=ALL-UNNAMED --add-opens=java.base/java.lang=ALL-UNNAMED --add-opens=java.base/java.lang.invoke=ALL-UNNAMED --add-opens=java.prefs/java.util.prefs=ALL-UNNAMED --add-opens=java.base/java.nio.charset=ALL-UNNAMED --add-opens=java.base/java.net=ALL-UNNAMED --add-opens=java.base/java.util.concurrent.atomic=ALL-UNNAMED -Xmx1024m -Dfile.encoding=UTF-8 -Duser.country -Duser.language=en -Duser.variant -javaagent:/root/.gradle/wrapper/dists/gradle-8.6-bin/afr5mpiioh2wthjmwnkmdsd5w/gradle-8.6/lib/agents/gradle-instrumentation-agent-8.6.jar 
java_command: org.gradle.launcher.daemon.bootstrap.GradleDaemon 8.6
java_class_path (initial): /root/.gradle/wrapper/dists/gradle-8.6-bin/afr5mpiioh2wthjmwnkmdsd5w/gradle-8.6/lib/gradle-launcher-8.6.jar
Launcher Type: SUN_STANDARD

[Global flags]
     intx CICompilerCount                          = 2                                         {product} {ergonomic}
   size_t CompressedClassSpaceSize                 = 335544320                                 {product} {ergonomic}
     uint ConcGCThreads                            = 1                                         {product} {ergonomic}
     uint G1ConcRefinementThreads                  = 2                                         {product} {ergonomic}
   size_t G1HeapRegionSize                         = 1048576                                   {product} {ergonomic}
    uintx GCDrainStackTargetSize                   = 64                                        {product} {ergonomic}
   size_t InitialHeapSize                          = 33554432                                  {product} {ergonomic}
   size_t MarkStackSize                            = 4194304                                   {product} {ergonomic}
   size_t MaxHeapSize                              = 1073741824                                {product} {command line}
   size_t MaxMetaspaceSize                         = 402653184                                 {product} {command line}
   size_t MaxNewSize                               = 643825664                                 {product} {ergonomic}
   size_t MinHeapDeltaBytes                        = 1048576                                   {product} {ergonomic}
   size_t MinHeapSize                              = 8388608                                   {product} {ergonomic}
    uintx NonNMethodCodeHeapSize                   = 5826188                                {pd product} {ergonomic}
    uintx NonProfiledCodeHeapSize                  = 122916026                              {pd product} {ergonomic}
    uintx ProfiledCodeHeapSize                     = 122916026                              {pd product} {ergonomic}
    uintx ReservedCodeCacheSize                    = 251658240                              {pd product} {ergonomic}
     bool SegmentedCodeCache                       = true                                      {product} {ergonomic}
   size_t SoftMaxHeapSize                          = 1073741824                             {manageable} {ergonomic}
     bool UseCompressedClassPointers               = true                           {product lp64_product} {ergonomic}
     bool UseCompressedOops                        = true                           {product lp64_product} {ergonomic}
     bool UseG1GC                                  = true                                      {product} {ergonomic}

Logging:
Log output configuration:
 #0: stdout all=warning uptime,level,tags
 #1: stderr all=off uptime,level,tags

Environment Variables:
PATH=/usr/local/sbin:/usr/local/bin:/usr/sbin:/usr/bin:/sbin:/bin
SHELL=/bin/bash
LANG=C.UTF-8
LC_ALL=C.UTF-8
TERM=tmux-256color

Active Locale:
LC_ALL=C.UTF-8
LC_COLLATE=C.UTF-8
LC_CTYPE=C.UTF-8
LC_MESSAGES=C.UTF-8
LC_MONETARY=C.UTF-8
LC_NUMERIC=C.UTF-8
LC_TIME=C.UTF-8

Signal Handlers:
   SIGSEGV: crash_handler in libjvm.so, mask=11100100010111111101111111111110, flags=SA_RESTART|SA_SIGINFO, unblocked
    SIGBUS: crash_handler in libjvm.so, mask=11100100010111111101111111111110, flags=SA_RESTART|SA_SIGINFO, unblocked
    SIGFPE: crash_handler in libjvm.so, mask=11100100010111111101111111111110, flags=SA_RESTART|SA_SIGINFO, unblocked
   SIGPIPE: javaSignalHandler in libjvm.so, mask=11100100010111111101111111111110, flags=SA_RESTART|SA_SIGINFO, unblocked
   SIGXFSZ: javaSignalHandler in libjvm.so, mask=11100100010111111101111111111110, flags=SA_RESTART|SA_SIGINFO, unblocked
    SIGILL: crash_handler in libjvm.so, mask=11100100010111111101111111111110, flags=SA_RESTART|SA_SIGINFO, unblocked
   SIGUSR2: SR_handler in libjvm.so, mask=00100000000000000000000000000000, flags=SA_RESTART|SA_SIGINFO, unblocked
    SIGHUP: UserHandler in libjvm.so, mask=11100100010111111101111111111110, flags=SA_RESTART|SA_SIGINFO, unblocked
    SIGINT: UserHandler in libjvm.so, mask=11100100010111111101111111111110, flags=SA_RESTART|SA_SIGINFO, unblocked
   SIGTERM: UserHandler in libjvm.so, mask=11100100010111111101111111111110, flags=SA_RESTART|SA_SIGINFO, unblocked
   SIGQUIT: UserHandler in libjvm.so, mask=11100100010111111101111111111110, flags=SA_RESTART|SA_SIGINFO, unblocked
   SIGTRAP: crash_handler in libjvm.so, mask=11100100010111111101111111111110, flags=SA_RESTART|SA_SIGINFO, unblocked


Periodic native trim disabled


---------------  S Y S T E M  ---------------

OS:
PRETTY_NAME="Debian GNU/Linux 12 (bookworm)"
NAME="Debian GNU/Linux"
VERSION_ID="12"
VERSION="12 (bookworm)"
VERSION_CODENAME=bookworm
ID=debian
HOME_URL="https://www.debian.org/"
SUPPORT_URL="https://www.debian.org/support"
BUG_REPORT_URL="https://bugs.debian.org/"
uname: Linux 4.19.91-c8dfc93.al7.x86_64 #1 SMP Tue Sep 26 10:25:51 UTC 2023 x86_64
OS uptime: 0 days 0:33 hours
libc: glibc 2.36 NPTL 2.36 
rlimit (soft/hard): STACK 8192k/infinity , CORE 0k/0k , NPROC 100000/100000 , NOFILE 100000/100000 , AS infinity/infinity , CPU infinity/infinity , DATA infinity/infinity , FSIZE infinity/infinity , MEMLOCK 64k/64k
load average: 3.38 5.35 3.36

/proc/meminfo:
MemTotal:        2152516 kB
MemFree:           30036 kB
MemAvailable:      17996 kB
Buffers:             372 kB
Cached:            22044 kB
SwapCached:            0 kB
Active:          2025420 kB
Inactive:          11328 kB
Active(anon):    2014484 kB
Inactive(anon):       16 kB
Active(file):      10936 kB
Inactive(file):    11312 kB
Unevictable:           0 kB
Mlocked:               0 kB
SwapTotal:             0 kB
SwapFree:              0 kB
Dirty:               324 kB
Writeback:            36 kB
AnonPages:       2014468 kB
Mapped:            15076 kB
Shmem:                32 kB
Slab:              34504 kB
SReclaimable:      21120 kB
SUnreclaim:        13384 kB
KernelStack:        4000 kB
PageTables:         6092 kB
NFS_Unstable:          0 kB
Bounce:                0 kB
WritebackTmp:          0 kB
CommitLimit:     1076256 kB
Committed_AS:    2387268 kB
VmallocTotal:   34359738367 kB
VmallocUsed:           0 kB
VmallocChunk:          0 kB
Percpu:              384 kB
AnonHugePages:    595968 kB
ShmemHugePages:        0 kB
ShmemPmdMapped:        0 kB
HugePages_Total:       0
HugePages_Free:        0
HugePages_Rsvd:        0
HugePages_Surp:        0
Hugepagesize:       2048 kB
Hugetlb:               0 kB
DirectMap4k:        8192 kB
DirectMap2M:     2523136 kB
DirectMap1G:           0 kB

/sys/kernel/mm/transparent_hugepage/enabled: [always] madvise never
/sys/kernel/mm/transparent_hugepage/hpage_pmd_size: 2097152
/sys/kernel/mm/transparent_hugepage/defrag (defrag/compaction efforts parameter): always defer defer+madvise madvise [never]

Process Memory:
Virtual Size: 3004288K (peak: 3202376K)
Resident Set Size: 835580K (peak: 842900K) (anon: 824184K, file: 11396K, shmem: 0K)
Swapped out: 0K
C-Heap outstanding allocations: 118166K, retained: 45801K
glibc malloc tunables: (default)

/proc/sys/kernel/threads-max (system-wide limit on the number of threads): 1129
/proc/sys/vm/max_map_count (maximum number of memory map areas a process may have): 65530
/proc/sys/vm/swappiness (control to define how aggressively the kernel swaps out anonymous memory): 60
/proc/sys/kernel/pid_max (system-wide limit on number of process identifiers): 32768

container (cgroup) information:
container_type: cgroupv1
cpu_cpuset_cpus: 0-1
cpu_memory_nodes: 0
active_processor_count: 2
cpu_quota: no quota
cpu_period: 100000
cpu_shares: 12288
memory_limit_in_bytes: 2097152 k
memory_and_swap_limit_in_bytes: unlimited
memory_soft_limit_in_bytes: unlimited
memory_usage_in_bytes: 2061536 k
memory_max_usage_in_bytes: 2063700 k
rss_usage_in_bytes: 2007160 k
cache_usage_in_bytes: 22124 k
kernel_memory_limit_in_bytes: unlimited
kernel_memory_usage_in_bytes: 31824 k
kernel_memory_max_usage_in_bytes: 81920 k
maximum number of tasks: unlimited
current number of tasks: 175

KVM virtualization detected
Steal ticks since vm start: 5350
Steal ticks percentage since vm start:  0.439

CPU: total 2 (initial active 2) (2 cores per cpu, 1 threads per core) family 6 model 85 stepping 7 microcode 0x1, cx8, cmov, fxsr, mmx, 3dnowpref, sse, sse2, sse3, ssse3, sse4.1, sse4.2, popcnt, lzcnt, tsc, tscinvbit, avx, avx2, aes, erms, clmul, bmi1, bmi2, adx, avx512f, avx512dq, avx512cd, avx512bw, avx512vl, fma, vzeroupper, avx512_vnni, clflush, clflushopt, clwb, hv
CPU Model and flags from /proc/cpuinfo:
model name	: Intel(R) Xeon(R) Processor @ 2.50GHz
flags		: fpu vme de pse tsc msr pae mce cx8 apic sep mtrr pge mca cmov pat pse36 clflush mmx fxsr sse sse2 ss ht syscall nx pdpe1gb rdtscp lm constant_tsc rep_good nopl xtopology nonstop_tsc cpuid tsc_known_freq pni pclmulqdq ssse3 fma cx16 pcid sse4_1 sse4_2 x2apic movbe popcnt tsc_deadline_timer aes xsave avx f16c rdrand hypervisor lahf_lm abm 3dnowprefetch cpuid_fault invpcid_single ssbd ibrs ibpb stibp ibrs_enhanced fsgsbase tsc_adjust bmi1 avx2 smep bmi2 erms invpcid mpx avx512f avx512dq rdseed adx smap clflushopt clwb avx512cd avx512bw avx512vl xsaveopt xsavec xgetbv1 xsaves umip avx512_vnni md_clear arch_capabilities

Online cpus: 0-1
Offline cpus: 
BIOS frequency limitation: <Not Available>
Frequency switch latency (ns): <Not Available>
Available cpu frequencies: <Not Available>
Current governor: <Not Available>
Core performance/turbo boost: <Not Available>

Memory: 4k page, physical 2097152k(35616k free), swap 0k(0k free)
Page Sizes: 4k

vm_info: OpenJDK 64-Bit Server VM (17.0.20+8-1-deb12u1-Debian) for linux-amd64 JRE (17.0.20+8-1-deb12u1-Debian), built on Jul 28 2026 07:08:51 by "buildd" with gcc 12.2.0

END.
